Date,Improved LSTM Policy,LSTM-raw Policy,TCN Policy,TFT Policy,PatchTST Policy,y_true_h1,Persistence Policy,pass_id,pass_phase,elevation_deg,slant_range_km,airmass,clear_snr_db
2021-06-19 18:50:00,-13.063125635566578,-13.02382370209348,-13.081994318958492,-13.055734564080517,-13.072386434863336,-13.093108970360165,-12.944221077018598,0,0.013888888888888888,13.908664235895905,2288.0931329534924,4.160169332642714,9.459771369219304
2021-06-19 18:55:00,-13.1031459637336,-13.064682583875925,-13.09747051522188,-13.06391090147513,-13.095772745147446,-13.11468507219207,-12.958709490357364,0,0.041666666666666664,18.732096909021678,1712.6296804120188,3.113872146203671,12.028290858350662
2021-06-19 19:00:00,-13.111701253643714,-13.06688181245067,-13.13410571258558,-13.070671480645828,-13.124996226792288,-13.14794031434884,-12.972867014443736,0,0.06944444444444445,24.04301710572997,1349.9502910529386,2.454455074641707,14.128175499124909
2021-06-19 19:05:00,-13.12583307420644,-13.097582925403612,-13.152637924059336,-13.099826574634992,-13.185268634559504,-13.15468545395952,-13.010566727310009,0,0.09722222222222222,29.57766222505968,1114.2561473758838,2.0259202679561525,15.81625700094478
2021-06-19 19:10:00,-13.171669144439026,-13.13671533484391,-13.188810603379292,-13.128280229931304,-13.220767701286304,-13.168689047667849,-13.052846784829226,0,0.125,35.193358967187336,954.3017862880095,1.73509415688729,17.176784347000584
2021-06-19 19:15:00,-13.157082336616073,-13.11205652817508,-13.20227038147361,-13.13344704525391,-13.20214387012588,-13.206784053977549,-13.062278727723488,0,0.1527777777777778,40.784883744963764,841.9816786935072,1.5308757794427403,18.27465717160573
2021-06-19 19:20:00,-13.177022455690002,-13.138313362500586,-13.184967112455173,-13.143377444602804,-13.215370717306234,-13.238809045241709,-13.093108970360165,0,0.18055555555555555,46.2647085880108,761.2019950774791,1.3840036274135983,19.15805525084395
2021-06-19 19:25:00,-13.212089243812647,-13.157393715007371,-13.22767063843413,-13.176250942911183,-13.243389506200192,-13.277862409175205,-13.11468507219207,0,0.20833333333333334,51.55598805017222,702.2327649706288,1.2767868454011433,19.863792666931527
2021-06-19 19:30:00,-13.236707782183492,-13.1937546333141,-13.259854881054649,-13.195711505180224,-13.30046729163348,-13.305365194016655,-13.14794031434884,0,0.2361111111111111,56.589631983678515,658.8812958918049,1.1979659925305546,20.421211908021377
2021-06-19 19:35:00,-13.251561409446214,-13.190376766470944,-13.255314530968189,-13.180887899284205,-13.25171616850121,-13.34214914616201,-13.15468545395952,0,0.2638888888888889,61.30302393660706,627.0153502079979,1.1400279094690873,20.854688932533097
2021-06-19 19:40:00,-13.28046657737484,-13.232606563272425,-13.2398457055682,-13.203221237390276,-13.29139650650758,-13.346655825795544,-13.168689047667849,0,0.2916666666666667,65.63949652769072,603.7532271149208,1.097733140208947,21.185177830703115
2021-06-19 19:45:00,-13.289387502816483,-13.250812231466014,-13.298104777263072,-13.219530064992105,-13.334317204000255,-13.303961022731851,-13.206784053977549,0,0.3194444444444444,69.54818229029615,587.000796114409,1.0672741747534709,21.431116276029314
2021-06-19 19:50:00,-13.31114293324805,-13.278365466703695,-13.28431158027094,-13.229394112032214,-13.365170853126228,-13.275002325179884,-13.238809045241709,0,0.3472222222222222,72.98405557930008,575.1794243398531,1.0457807715270055,21.60889791505997
2021-06-19 19:55:00,-13.33361809141814,-13.313369939171013,-13.348352025745232,-13.28587913175866,-13.37917257867687,-13.269521673904228,-13.277862409175205,0,0.375,75.90806788230319,567.06508111847,1.0310274202154,21.733044318665424
2021-06-19 20:00:00,-13.34336362311618,-13.327033340157069,-13.351888717201286,-13.306143946815142,-13.421463234538136,-13.280893491386108,-13.305365194016655,0,0.4027777777777778,78.28732091574973,561.6956771060345,1.0212648674655171,21.816168916637658
2021-06-19 20:05:00,-13.358677413235524,-13.334563948281131,-13.32697189874295,-13.305410640405189,-13.433422500383095,-13.306885452765446,-13.34214914616201,0,0.4305555555555556,80.09524395594458,558.321757226534,1.0151304676846076,21.86880622268163
2021-06-19 20:10:00,-13.334534927965272,-13.319154850168816,-13.305426123579783,-13.275668988517213,-13.38024142656069,-13.31307805384685,-13.346655825795544,0,0.4583333333333333,81.31175430298669,556.3845700490554,1.0116083091801007,21.899171826367546
2021-06-19 20:15:00,-13.291151567046937,-13.262937172716708,-13.208618046912042,-13.227291104390943,-13.313782269334396,-13.348797446875054,-13.303961022731851,0,0.4861111111111111,81.92338730807863,555.5100547469376,1.0100182813580683,21.91291439402028
2021-06-19 20:20:00,-13.295245216642668,-13.28103344755225,-13.226255897883664,-13.20818475063444,-13.244720652146036,-13.391184331029889,-13.275002325179884,0,0.5138888888888888,81.92338730807863,555.5100547469376,1.0100182813580683,21.91291439402028
2021-06-19 20:25:00,-13.338711910478173,-13.338177586142145,-13.304407781375348,-13.257761919304125,-13.367218208568106,-13.3932592581531,-13.269521673904228,0,0.5416666666666666,81.3117543029867,556.3845700490554,1.0116083091801007,21.899171826367546
2021-06-19 20:30:00,-13.36937540732046,-13.379687443687857,-13.378286788438984,-13.331751794620782,-13.41635281286272,-13.377395786259228,-13.280893491386108,0,0.5694444444444444,80.09524395594458,558.321757226534,1.0151304676846076,21.86880622268163
2021-06-19 20:35:00,-13.410424705110346,-13.409427006658312,-13.424052900891144,-13.38272500772588,-13.410824607160675,-13.325343955605211,-13.306885452765446,0,0.5972222222222222,78.28732091574973,561.6956771060345,1.0212648674655171,21.816168916637658
2021-06-19 20:40:00,-13.38898491336765,-13.364972808378669,-13.358301862656976,-13.343135766031264,-13.381083413225753,-13.32830564702518,-13.31307805384685,0,0.625,75.90806788230319,567.06508111847,1.0310274202154,21.733044318665424
2021-06-19 20:45:00,-13.379513172172494,-13.355410162255415,-13.295234923602656,-13.29234627205984,-13.36834369724838,-13.351875371140933,-13.348797446875054,0,0.6527777777777778,72.98405557930008,575.1794243398531,1.0457807715270055,21.60889791505997
2021-06-19 20:50:00,-13.408177791174491,-13.385812951368496,-13.3570271539729,-13.329018963420983,-13.400874181452153,-13.312504769317432,-13.391184331029889,0,0.6805555555555556,69.54818229029615,587.000796114409,1.0672741747534709,21.431116276029314
2021-06-19 20:55:00,-13.403213543751628,-13.381051709533438,-13.36487894076688,-13.341335080094892,-13.42554684551222,-13.310340744883884,-13.3932592581531,0,0.7083333333333334,65.63949652769072,603.7532271149208,1.097733140208947,21.185177830703115
2021-06-19 21:00:00,-13.398114425520571,-13.371596237967964,-13.38045992104989,-13.342882060040775,-13.431427078997975,-13.31986834908222,-13.377395786259228,0,0.7361111111111112,61.30302393660706,627.0153502079979,1.1400279094690873,20.854688932533097
2021-06-19 21:05:00,-13.375161673201523,-13.331221177510036,-13.310414555285218,-13.302195242994731,-13.325861718778963,-13.331880414006363,-13.325343955605211,0,0.7638888888888888,56.58963198367853,658.8812958918048,1.1979659925305544,20.42121190802138
2021-06-19 21:10:00,-13.381571889211504,-13.373521050817835,-13.32764449366266,-13.302714721675155,-13.380113425048272,-13.320748055086709,-13.32830564702518,0,0.7916666666666666,51.55598805017223,702.2327649706286,1.276786845401143,19.863792666931527
2021-06-19 21:15:00,-13.403028988671906,-13.400879053313645,-13.403781289229851,-13.348151602228825,-13.383393851792029,-13.319278476475606,-13.351875371140933,0,0.8194444444444444,46.26470858801082,761.2019950774787,1.3840036274135976,19.158055250843958
2021-06-19 21:20:00,-13.355470418900108,-13.34162062933988,-13.33591540199694,-13.30478798417537,-13.287976135126588,-13.357008167094005,-13.312504769317432,0,0.8472222222222222,40.784883744963764,841.9816786935072,1.5308757794427403,18.27465717160573
2021-06-19 21:25:00,-13.38517957792872,-13.385349829210035,-13.367826937209882,-13.342309327962662,-13.389661310024596,-13.3614712612276,-13.310340744883884,0,0.875,35.19335896718734,954.3017862880093,1.7350941568872897,17.176784347000584
2021-06-19 21:30:00,-13.42459973318002,-13.4065850198314,-13.40187515051702,-13.361878912134324,-13.376619403186057,-13.357189283891293,-13.31986834908222,0,0.9027777777777778,29.577662225059694,1114.256147375883,2.025920267956151,15.816257000944784
2021-06-19 21:35:00,-13.384008969969235,-13.364434810745225,-13.38275164896292,-13.343552241620596,-13.33751557718775,-13.395899502876452,-13.331880414006363,0,0.9305555555555556,24.04301710572996,1349.950291052939,2.4544550746417078,14.128175499124907
2021-06-19 21:40:00,-13.373800295085193,-13.363544674331113,-13.333726997015225,-13.31077261641866,-13.321377805954272,-13.4452034371291,-13.320748055086709,0,0.9583333333333334,18.732096909021678,1712.6296804120188,3.113872146203671,12.028290858350662
2021-06-19 21:45:00,-13.40095449042536,-13.395337256333946,-13.399309726599354,-13.340818523591082,-13.337782789158704,-13.447976342855444,-13.319278476475606,0,0.9861111111111112,13.908664235895909,2288.093132953492,4.160169332642712,9.459771369219304
2021-06-19 21:50:00,-13.400047772459937,-13.390490485891652,-13.429164936305888,-13.362906137174136,-13.366525754477976,-13.460490965821672,-13.357008167094005,1,0.013888888888888888,13.908664235895905,2288.0931329534924,4.160169332642714,9.459771369219304
2021-06-19 21:55:00,-13.400588127984223,-13.390005074547398,-13.407058110501964,-13.369235513566895,-13.395173494638936,-13.46591896340006,-13.3614712612276,1,0.041666666666666664,18.732096909021678,1712.6296804120188,3.113872146203671,12.028290858350662
2021-06-19 22:00:00,-13.403439249184112,-13.398596146336445,-13.40377705134685,-13.375064507194567,-13.379542372131343,-13.486209519688629,-13.357189283891293,1,0.06944444444444445,24.04301710572997,1349.9502910529386,2.454455074641707,14.128175499124909
2021-06-19 22:05:00,-13.452073855975728,-13.444952976690598,-13.447568688314172,-13.41862097436634,-13.352636605417926,-13.477685866247496,-13.395899502876452,1,0.09722222222222222,29.57766222505968,1114.2561473758838,2.0259202679561525,15.81625700094478
2021-06-19 22:10:00,-13.48964649050478,-13.465446755562352,-13.498556359651324,-13.4687127368839,-13.460508311702132,-13.435417700060784,-13.4452034371291,1,0.125,35.193358967187336,954.3017862880095,1.73509415688729,17.176784347000584
2021-06-19 22:15:00,-13.450135715067518,-13.43460456449438,-13.46249768883388,-13.433459787211303,-13.445966528660138,-13.440710350705189,-13.447976342855444,1,0.1527777777777778,40.784883744963764,841.9816786935072,1.5308757794427403,18.27465717160573
2021-06-19 22:20:00,-13.473581855463976,-13.462927062122873,-13.463190402794195,-13.447524877472253,-13.404346679520952,-13.437688478438986,-13.460490965821672,1,0.18055555555555555,46.2647085880108,761.2019950774791,1.3840036274135983,19.15805525084395
2021-06-19 22:25:00,-13.473437896468443,-13.447258938954011,-13.47211544799603,-13.43751643710812,-13.427465625183087,-13.438131744281828,-13.46591896340006,1,0.20833333333333334,51.55598805017222,702.2327649706288,1.2767868454011433,19.863792666931527
2021-06-19 22:30:00,-13.477221784439466,-13.471553956333905,-13.491291090776125,-13.474326685208451,-13.462838395000494,-13.416537149869558,-13.486209519688629,1,0.2361111111111111,56.589631983678515,658.8812958918049,1.1979659925305546,20.421211908021377
2021-06-19 22:35:00,-13.47907858052828,-13.466140049339607,-13.49014113795308,-13.470859482676127,-13.452209737188271,-13.389841547261264,-13.477685866247496,1,0.2638888888888889,61.30302393660706,627.0153502079979,1.1400279094690873,20.854688932533097
2021-06-19 22:40:00,-13.443900818750723,-13.420964139293554,-13.433768309455138,-13.408734909234283,-13.373868791777312,-13.39234451510563,-13.435417700060784,1,0.2916666666666667,65.63949652769072,603.7532271149208,1.097733140208947,21.185177830703115
2021-06-19 22:45:00,-13.46815865730626,-13.45100071433759,-13.443587208139654,-13.436681210702387,-13.389934061046745,-13.357725932176596,-13.440710350705189,1,0.3194444444444444,69.54818229029615,587.000796114409,1.0672741747534709,21.431116276029314
2021-06-19 22:50:00,-13.479780936944511,-13.457169938526851,-13.47849640589439,-13.45298059938299,-13.414196704474772,-13.309367412922215,-13.437688478438986,1,0.3472222222222222,72.98405557930008,575.1794243398531,1.0457807715270055,21.60889791505997
2021-06-19 22:55:00,-13.475141274650484,-13.45861672097637,-13.45625342992137,-13.456135994040064,-13.426686668849912,-13.283753095621089,-13.438131744281828,1,0.375,75.90806788230319,567.06508111847,1.0310274202154,21.733044318665424
2021-06-19 23:00:00,-13.478898870301078,-13.443656026498878,-13.447019820678404,-13.434506137242838,-13.405228391795951,-13.318416797829332,-13.416537149869558,1,0.4027777777777778,78.28732091574973,561.6956771060345,1.0212648674655171,21.816168916637658
2021-06-19 23:05:00,-13.455421769007252,-13.417917719292372,-13.41683122841953,-13.400048288565756,-13.3471757987745,-13.345433570908597,-13.389841547261264,1,0.4305555555555556,80.09524395594458,558.321757226534,1.0151304676846076,21.86880622268163
2021-06-19 23:10:00,-13.447416822359406,-13.41575555263227,-13.404014525445849,-13.394706280759143,-13.34573952716152,-13.371350289874677,-13.39234451510563,1,0.4583333333333333,81.31175430298669,556.3845700490554,1.0116083091801007,21.899171826367546
2021-06-19 23:15:00,-13.414645629308891,-13.374452686747135,-13.368995764240834,-13.338279617335823,-13.315974977620971,-13.380063173787248,-13.357725932176596,1,0.4861111111111111,81.92338730807863,555.5100547469376,1.0100182813580683,21.91291439402028
2021-06-19 23:20:00,-13.369446244661509,-13.341017737218994,-13.327972315356517,-13.260691830236144,-13.253555191650172,-13.44514560783544,-13.309367412922215,1,0.5138888888888888,81.92338730807863,555.5100547469376,1.0100182813580683,21.91291439402028
2021-06-19 23:25:00,-13.398940638247195,-13.359748849117452,-13.361844238546142,-13.297644803402951,-13.253648570458086,-13.425566464802468,-13.283753095621089,1,0.5416666666666666,81.3117543029867,556.3845700490554,1.0116083091801007,21.899171826367546
2021-06-19 23:30:00,-13.493114627115943,-13.45012592522764,-13.512808098491655,-13.47781264927769,-13.357456219636598,-13.382198630673305,-13.318416797829332,1,0.5694444444444444,80.09524395594458,558.321757226534,1.0151304676846076,21.86880622268163
2021-06-19 23:35:00,-13.48301891216731,-13.430924178327457,-13.504231384738198,-13.46083612430962,-13.35495897983992,-13.385661707993616,-13.345433570908597,1,0.5972222222222222,78.28732091574973,561.6956771060345,1.0212648674655171,21.816168916637658
2021-06-19 23:40:00,-13.500077760556833,-13.4471309459787,-13.463905818141487,-13.471139441007017,-13.356893693369342,-13.40138757589918,-13.371350289874677,1,0.625,75.90806788230319,567.06508111847,1.0310274202154,21.733044318665424
2021-06-19 23:45:00,-13.453331743971535,-13.390452889152185,-13.401286724460522,-13.380022888456915,-13.340349361593548,-13.39176955868412,-13.380063173787248,1,0.6527777777777778,72.98405557930008,575.1794243398531,1.0457807715270055,21.60889791505997
2021-06-19 23:50:00,-13.505265833442214,-13.462632709718674,-13.489887410155305,-13.488275975134703,-13.385980566892036,-13.311654633995694,-13.44514560783544,1,0.6805555555555556,69.54818229029615,587.000796114409,1.0672741747534709,21.431116276029314
2021-06-19 23:55:00,-13.409320027852075,-13.353421698024446,-13.386039817293977,-13.3668401864969,-13.3212762421442,-13.343788792544396,-13.425566464802468,1,0.7083333333333334,65.63949652769072,603.7532271149208,1.097733140208947,21.185177830703115
2021-06-20 00:00:00,-13.42092503066628,-13.39602889323836,-13.399482789238212,-13.39846973166661,-13.389082878975174,-13.317291890676742,-13.382198630673305,1,0.7361111111111112,61.30302393660706,627.0153502079979,1.1400279094690873,20.854688932533097
2021-06-20 00:05:00,-13.492032405912658,-13.44051762024211,-13.47571020044818,-13.462412825771995,-13.36498085349356,-13.302188279200712,-13.385661707993616,1,0.7638888888888888,56.58963198367853,658.8812958918048,1.1979659925305544,20.42121190802138
2021-06-20 00:10:00,-13.51644193414738,-13.478465172268612,-13.509877257115344,-13.51563433757575,-13.430026818486851,-13.302808783778096,-13.40138757589918,1,0.7916666666666666,51.55598805017223,702.2327649706286,1.276786845401143,19.863792666931527
2021-06-20 00:15:00,-13.427221790625044,-13.40031421325606,-13.416542936070018,-13.386498468178615,-13.33662246697014,-13.295542638976825,-13.39176955868412,1,0.8194444444444444,46.26470858801082,761.2019950774787,1.3840036274135976,19.158055250843958
2021-06-20 00:20:00,-13.370802657985235,-13.351881229082323,-13.317264907792188,-13.268703580757895,-13.23730983779509,-13.218885383401243,-13.311654633995694,1,0.8472222222222222,40.784883744963764,841.9816786935072,1.5308757794427403,18.27465717160573
2021-06-20 00:25:00,-13.446306504282596,-13.414616426354378,-13.412428562281436,-13.370396111981112,-13.305459997567397,-13.178502356417498,-13.343788792544396,1,0.875,35.19335896718734,954.3017862880093,1.7350941568872897,17.176784347000584
2021-06-20 00:30:00,-13.39489773421102,-13.351959660419636,-13.369998739576207,-13.313744150194688,-13.275466602344869,-13.19479894286157,-13.317291890676742,1,0.9027777777777778,29.577662225059694,1114.256147375883,2.025920267956151,15.816257000944784
2021-06-20 00:35:00,-13.4283161821124,-13.405420857969984,-13.427218504993627,-13.397376132510724,-13.29683941663652,-13.217224569411147,-13.302188279200712,1,0.9305555555555556,24.04301710572996,1349.950291052939,2.4544550746417078,14.128175499124907
2021-06-20 00:40:00,-13.48776258068768,-13.464411060068487,-13.476596282358544,-13.486488882407956,-13.353394946594692,-13.207499798251437,-13.302808783778096,1,0.9583333333333334,18.732096909021678,1712.6296804120188,3.113872146203671,12.028290858350662
2021-06-20 00:45:00,-13.408242965889714,-13.358483511409087,-13.39201821265285,-13.33179206541292,-13.260392241711362,-13.248124813442828,-13.295542638976825,1,0.9861111111111112,13.908664235895909,2288.093132953492,4.160169332642712,9.459771369219304
2021-06-20 00:50:00,-13.185265930455772,-13.167563105435692,-13.19516167075468,-13.190525499444034,-13.048694531781106,-13.358156887805269,-13.218885383401243,2,0.013888888888888888,13.908664235895905,2288.0931329534924,4.160169332642714,9.459771369219304
2021-06-20 00:55:00,-13.303538106723416,-13.28580165656471,-13.240089540126244,-13.229905042255677,-13.21453102040643,-13.42263471478915,-13.178502356417498,2,0.041666666666666664,18.732096909021678,1712.6296804120188,3.113872146203671,12.028290858350662
2021-06-20 01:00:00,-13.36498146409763,-13.3258087503182,-13.357372014427906,-13.31803556281767,-13.247733343543922,-13.47653844488715,-13.19479894286157,2,0.06944444444444445,24.04301710572997,1349.9502910529386,2.454455074641707,14.128175499124909
2021-06-20 01:05:00,-13.434970087298504,-13.399473331317044,-13.443811714171291,-13.459443868890522,-13.309788031896302,-13.463327581540383,-13.217224569411147,2,0.09722222222222222,29.57766222505968,1114.2561473758838,2.0259202679561525,15.81625700094478
2021-06-20 01:10:00,-13.46925596733568,-13.408215686256904,-13.467613496909475,-13.471620847796853,-13.2776621601171,-13.349607805703185,-13.207499798251437,2,0.125,35.193358967187336,954.3017862880095,1.73509415688729,17.176784347000584
2021-06-20 01:15:00,-13.453147806764978,-13.40460681845511,-13.43926094020109,-13.429408094838,-13.29182971555603,-13.296640999390624,-13.248124813442828,2,0.1527777777777778,40.784883744963764,841.9816786935072,1.5308757794427403,18.27465717160573
2021-06-20 01:20:00,-13.438589740947824,-13.371815205368122,-13.376968297989372,-13.35470172653056,-13.338594456424126,-13.242270472477216,-13.358156887805269,2,0.18055555555555555,46.2647085880108,761.2019950774791,1.3840036274135983,19.15805525084395
2021-06-20 01:25:00,-13.460015139880332,-13.438682690485352,-13.45451948519042,-13.450319495988513,-13.321282479028616,-13.117286129218597,-13.42263471478915,2,0.20833333333333334,51.55598805017222,702.2327649706288,1.2767868454011433,19.863792666931527
2021-06-20 01:30:00,-13.496674906788693,-13.474650953417514,-13.472946207542236,-13.512270214460026,-13.424449299237176,-13.010287913861749,-13.47653844488715,2,0.2361111111111111,56.589631983678515,658.8812958918049,1.1979659925305546,20.421211908021377
2021-06-20 01:35:00,-13.496888182066924,-13.434456396336785,-13.472200429180726,-13.46785197414373,-13.439159350949184,-12.922951876422104,-13.463327581540383,2,0.2638888888888889,61.30302393660706,627.0153502079979,1.1400279094690873,20.854688932533097
2021-06-20 01:40:00,-13.274974019319847,-13.234342228819605,-13.303453930591106,-13.189357472013649,-13.158595936872874,-12.962966156701208,-13.349607805703185,2,0.2916666666666667,65.63949652769072,603.7532271149208,1.097733140208947,21.185177830703115
2021-06-20 01:45:00,-13.289309854332434,-13.313308925777203,-13.265294316555671,-13.231289514290172,-13.292170345397134,-12.979848719516406,-13.296640999390624,2,0.3194444444444444,69.54818229029615,587.000796114409,1.0672741747534709,21.431116276029314
2021-06-20 01:50:00,-13.29121669814758,-13.265427374903709,-13.249497989302055,-13.19083333112374,-13.22949715873788,-13.059068753058687,-13.242270472477216,2,0.3472222222222222,72.98405557930008,575.1794243398531,1.0457807715270055,21.60889791505997
2021-06-20 01:55:00,-13.200805077090989,-13.179560556012763,-13.159861690030612,-13.07911063947738,-13.0599349676209,-13.103941580834933,-13.117286129218597,2,0.375,75.90806788230319,567.06508111847,1.0310274202154,21.733044318665424
2021-06-20 02:00:00,-13.267552679317816,-13.215586384886842,-13.202331383727698,-13.118555429695208,-13.022301287223186,-13.147078432167875,-13.010287913861749,2,0.4027777777777778,78.28732091574973,561.6956771060345,1.0212648674655171,21.816168916637658
2021-06-20 02:05:00,-13.25359240942197,-13.186560025270351,-13.212924840942277,-13.114396082009335,-13.015830192533752,-13.211613990312618,-12.922951876422104,2,0.4305555555555556,80.09524395594458,558.321757226534,1.0151304676846076,21.86880622268163
2021-06-20 02:10:00,-13.267049294416056,-13.21945047976621,-13.24757281282666,-13.155071937258532,-13.004536634139994,-13.267430849267946,-12.962966156701208,2,0.4583333333333333,81.31175430298669,556.3845700490554,1.0116083091801007,21.899171826367546
2021-06-20 02:15:00,-13.292260482188206,-13.260809654032192,-13.30114375371229,-13.224652160835786,-13.04500075515932,-13.35457328160328,-12.979848719516406,2,0.4861111111111111,81.92338730807863,555.5100547469376,1.0100182813580683,21.91291439402028
2021-06-20 02:20:00,-13.342438485261354,-13.33261355779555,-13.388148276757285,-13.343316839213976,-13.1328599349038,-13.329864751823283,-13.059068753058687,2,0.5138888888888888,81.92338730807863,555.5100547469376,1.0100182813580683,21.91291439402028
2021-06-20 02:25:00,-13.256146740699055,-13.20990255578027,-13.24975580960091,-13.165950953642508,-13.059957356436747,-13.374306602163564,-13.103941580834933,2,0.5416666666666666,81.3117543029867,556.3845700490554,1.0116083091801007,21.899171826367546
2021-06-20 02:30:00,-13.282428564552657,-13.258239300395616,-13.29992149882534,-13.229777484158117,-13.134082800394816,-13.393201127191954,-13.147078432167875,2,0.5694444444444444,80.09524395594458,558.321757226534,1.0151304676846076,21.86880622268163
2021-06-20 02:35:00,-13.299528197114228,-13.291811121713843,-13.349153588967138,-13.28074195980976,-13.195454731631203,-13.378961847582255,-13.211613990312618,2,0.5972222222222222,78.28732091574973,561.6956771060345,1.0212648674655171,21.816168916637658
2021-06-20 02:40:00,-13.346558129144576,-13.336434649868336,-13.397965896080896,-13.344735316079817,-13.230059583237791,-13.329783686864086,-13.267430849267946,2,0.625,75.90806788230319,567.06508111847,1.0310274202154,21.733044318665424
2021-06-20 02:45:00,-13.454162543497771,-13.45365278414771,-13.4340034501743,-13.535284841324687,-13.387244350124744,-13.192373012897187,-13.35457328160328,2,0.6527777777777778,72.98405557930008,575.1794243398531,1.0457807715270055,21.60889791505997
2021-06-20 02:50:00,-13.344353499540468,-13.348493966667982,-13.370164235086078,-13.348846673193536,-13.28839729201378,-13.13628905827644,-13.329864751823283,2,0.6805555555555556,69.54818229029615,587.000796114409,1.0672741747534709,21.431116276029314
2021-06-20 02:55:00,-13.350765627322708,-13.367183008089617,-13.350074190906026,-13.316868785671808,-13.309922742784378,-13.138415181643165,-13.374306602163564,2,0.7083333333333334,65.63949652769072,603.7532271149208,1.097733140208947,21.185177830703115
2021-06-20 03:00:00,-13.386695780521912,-13.388987555870097,-13.387626588271662,-13.349379018173972,-13.327269626379142,-13.130708660464729,-13.393201127191954,2,0.7361111111111112,61.30302393660706,627.0153502079979,1.1400279094690873,20.854688932533097
2021-06-20 03:05:00,-13.337769254101852,-13.365226785122536,-13.34654913000366,-13.292083697772169,-13.33379682395192,-13.203927241075451,-13.378961847582255,2,0.7638888888888888,56.58963198367853,658.8812958918048,1.1979659925305544,20.42121190802138
2021-06-20 03:10:00,-13.314447929536469,-13.324748120423884,-13.29529626023516,-13.227228124942732,-13.237604381567207,-13.255914871073118,-13.329783686864086,2,0.7916666666666666,51.55598805017223,702.2327649706286,1.276786845401143,19.863792666931527
2021-06-20 03:15:00,-13.262934215525156,-13.23566954838834,-13.207208976256496,-13.115001568634272,-13.137949377968006,-13.409250280875437,-13.192373012897187,2,0.8194444444444444,46.26470858801082,761.2019950774787,1.3840036274135976,19.158055250843958
2021-06-20 03:20:00,-13.226466905203928,-13.227753620662597,-13.18943580379273,-13.088968057101887,-13.02943442210486,-13.542799650998337,-13.13628905827644,2,0.8472222222222222,40.784883744963764,841.9816786935072,1.5308757794427403,18.27465717160573
2021-06-20 03:25:00,-13.325058207439318,-13.33214708936828,-13.368571379874991,-13.277323013171594,-13.052645634403213,-13.604056298005847,-13.138415181643165,2,0.875,35.19335896718734,954.3017862880093,1.7350941568872897,17.176784347000584
2021-06-20 03:30:00,-13.334851846015049,-13.340349350739585,-13.384873258220992,-13.296438453298167,-13.163682704909734,-13.675193278463182,-13.130708660464729,2,0.9027777777777778,29.577662225059694,1114.256147375883,2.025920267956151,15.816257000944784
2021-06-20 03:35:00,-13.428930377114408,-13.46537144644562,-13.431875756682832,-13.504016126814015,-13.30500517022728,-13.692856905649412,-13.203927241075451,2,0.9305555555555556,24.04301710572996,1349.950291052939,2.4544550746417078,14.128175499124907
2021-06-20 03:40:00,-13.442627847380605,-13.404160817918298,-13.448188865782235,-13.4105419628988,-13.224738459544144,-13.739349055415472,-13.255914871073118,2,0.9583333333333334,18.732096909021678,1712.6296804120188,3.113872146203671,12.028290858350662
2021-06-20 03:45:00,-13.50774332673946,-13.534827512607524,-13.47902353529841,-13.6299443331189,-13.47309640160491,-13.711885814456556,-13.409250280875437,2,0.9861111111111112,13.908664235895909,2288.093132953492,4.160169332642712,9.459771369219304
2021-06-20 03:50:00,-13.553901228930751,-13.53514993970116,-13.487779743023465,-13.588785780815316,-13.45820999071898,-13.697463986037649,-13.542799650998337,3,0.013888888888888888,13.908664235895905,2288.0931329534924,4.160169332642714,9.459771369219304
2021-06-20 03:55:00,-13.53385105574256,-13.53329691624251,-13.501639946543026,-13.561693779860988,-13.504272871286652,-13.704434787466235,-13.604056298005847,3,0.041666666666666664,18.732096909021678,1712.6296804120188,3.113872146203671,12.028290858350662
2021-06-20 04:00:00,-13.5791046823847,-13.559987435679217,-13.52540632878343,-13.596372209257837,-13.526351718339864,-13.696716155973778,-13.675193278463182,3,0.06944444444444445,24.04301710572997,1349.9502910529386,2.454455074641707,14.128175499124909
2021-06-20 04:05:00,-13.608723442934782,-13.599592875991888,-13.55782875060526,-13.64360872172895,-13.559335474297196,-13.668116726225197,-13.692856905649412,3,0.09722222222222222,29.57766222505968,1114.2561473758838,2.0259202679561525,15.81625700094478
2021-06-20 04:10:00,-13.588361948900776,-13.610381116557386,-13.553966621718857,-13.620724502447503,-13.601801598868118,-13.639849915773864,-13.739349055415472,3,0.125,35.193358967187336,954.3017862880095,1.73509415688729,17.176784347000584
2021-06-20 04:15:00,-13.590919216892669,-13.63781823698994,-13.57596070384298,-13.629024952388146,-13.579761961319024,-13.623555306523915,-13.711885814456556,3,0.1527777777777778,40.784883744963764,841.9816786935072,1.5308757794427403,18.27465717160573
2021-06-20 04:20:00,-13.601568151848335,-13.660494881687857,-13.606496824315109,-13.656978377570386,-13.59757610967725,-13.609272768523605,-13.697463986037649,3,0.18055555555555555,46.2647085880108,761.2019950774791,1.3840036274135983,19.15805525084395
2021-06-20 04:25:00,-13.607254780229784,-13.692694487061807,-13.646026815607788,-13.700253385342938,-13.59044722721677,-13.58379014543569,-13.704434787466235,3,0.20833333333333334,51.55598805017222,702.2327649706288,1.2767868454011433,19.863792666931527
2021-06-20 04:30:00,-13.610790504896062,-13.682690935692271,-13.653147825637244,-13.694661240672003,-13.60658217077188,-13.566854162033588,-13.696716155973778,3,0.2361111111111111,56.589631983678515,658.8812958918049,1.1979659925305546,20.421211908021377
2021-06-20 04:35:00,-13.57382849624286,-13.671363100246229,-13.63359897292753,-13.6889892667882,-13.606914506574388,-13.54623655957285,-13.668116726225197,3,0.2638888888888889,61.30302393660706,627.0153502079979,1.1400279094690873,20.854688932533097
2021-06-20 04:40:00,-13.58323017062115,-13.647900696702708,-13.613095251760123,-13.667411042380246,-13.578480223419062,-13.566144174883776,-13.639849915773864,3,0.2916666666666667,65.63949652769072,603.7532271149208,1.097733140208947,21.185177830703115
2021-06-20 04:45:00,-13.568475991861543,-13.64241204974647,-13.616059051217947,-13.657592863336236,-13.56177883555392,-13.585824082126251,-13.623555306523915,3,0.3194444444444444,69.54818229029615,587.000796114409,1.0672741747534709,21.431116276029314
2021-06-20 04:50:00,-13.55191427240799,-13.63516619970295,-13.623639177354192,-13.651511203198815,-13.582397655588244,-13.58744119431087,-13.609272768523605,3,0.3472222222222222,72.98405557930008,575.1794243398531,1.0457807715270055,21.60889791505997
2021-06-20 04:55:00,-13.541661655838295,-13.62399457646891,-13.603266895981642,-13.648414001290204,-13.568113373004875,-13.592844967626654,-13.58379014543569,3,0.375,75.90806788230319,567.06508111847,1.0310274202154,21.733044318665424
2021-06-20 05:00:00,-13.540627728691922,-13.613862117862707,-13.596541688232342,-13.64604895727437,-13.525205970688884,-13.59529724079514,-13.566854162033588,3,0.4027777777777778,78.28732091574973,561.6956771060345,1.0212648674655171,21.816168916637658
2021-06-20 05:05:00,-13.513054688037109,-13.579280886967847,-13.547834532227558,-13.597018221093276,-13.51309847343719,-13.590805477346708,-13.54623655957285,3,0.4305555555555556,80.09524395594458,558.321757226534,1.0151304676846076,21.86880622268163
2021-06-20 05:10:00,-13.526856629751794,-13.621576416630814,-13.609973741994308,-13.64251559506431,-13.415291154114897,-13.574879760183324,-13.566144174883776,3,0.4583333333333333,81.31175430298669,556.3845700490554,1.0116083091801007,21.899171826367546
2021-06-20 05:15:00,-13.523642817004278,-13.628137474082164,-13.631000329240894,-13.595168904904302,-13.534862361462013,-13.58040082763304,-13.585824082126251,3,0.4861111111111111,81.92338730807863,555.5100547469376,1.0100182813580683,21.91291439402028
2021-06-20 05:20:00,-13.484143137842146,-13.593497607595742,-13.577801413422224,-13.501826217129418,-13.544216746735922,-13.59114765550527,-13.58744119431087,3,0.5138888888888888,81.92338730807863,555.5100547469376,1.0100182813580683,21.91291439402028
2021-06-20 05:25:00,-13.47273649412107,-13.584526492179604,-13.561149731635902,-13.473647013823731,-13.559132637440898,-13.577678871000945,-13.592844967626654,3,0.5416666666666666,81.3117543029867,556.3845700490554,1.0116083091801007,21.899171826367546
2021-06-20 05:30:00,-13.46124093481706,-13.572169942871826,-13.542074547763276,-13.446828599837598,-13.552131654725493,-13.59203785808446,-13.59529724079514,3,0.5694444444444444,80.09524395594458,558.321757226534,1.0151304676846076,21.86880622268163
2021-06-20 05:35:00,-13.408243147617116,-13.526566901125475,-13.488197190854397,-13.382097771965553,-13.55477839075162,-13.602722440687176,-13.590805477346708,3,0.5972222222222222,78.28732091574973,561.6956771060345,1.0212648674655171,21.816168916637658
2021-06-20 05:40:00,-13.421680311553606,-13.547621440208712,-13.4966662347571,-13.412116928864494,-13.483139893550216,-13.626522551533272,-13.574879760183324,3,0.625,75.90806788230319,567.06508111847,1.0310274202154,21.733044318665424
2021-06-20 05:45:00,-13.453404580314,-13.586841972879368,-13.544775314980376,-13.487639783848037,-13.492046949556588,-13.58158426554706,-13.58040082763304,3,0.6527777777777778,72.98405557930008,575.1794243398531,1.0457807715270055,21.60889791505997
2021-06-20 05:50:00,-13.455558326245727,-13.5669653673967,-13.538585178122537,-13.471829529006378,-13.542539311957698,-13.562730927216917,-13.59114765550527,3,0.6805555555555556,69.54818229029615,587.000796114409,1.0672741747534709,21.431116276029314
2021-06-20 05:55:00,-13.434025511880826,-13.526856418424195,-13.48451846126144,-13.406673088291257,-13.465352662654675,-13.537535880472554,-13.577678871000945,3,0.7083333333333334,65.63949652769072,603.7532271149208,1.097733140208947,21.185177830703115
2021-06-20 06:00:00,-13.464405223213156,-13.57302799702402,-13.487659352254614,-13.468170455049156,-13.436578294840452,-13.488530456533296,-13.59203785808446,3,0.7361111111111112,61.30302393660706,627.0153502079979,1.1400279094690873,20.854688932533097
2021-06-20 06:05:00,-13.450337712343222,-13.52902327564253,-13.4960722423903,-13.440623285107195,-13.496592736926896,-13.49213179876176,-13.602722440687176,3,0.7638888888888888,56.58963198367853,658.8812958918048,1.1979659925305544,20.42121190802138
2021-06-20 06:10:00,-13.476383937524606,-13.569285220650746,-13.535240587067907,-13.476529319445692,-13.441697555736674,-13.42695848215867,-13.626522551533272,3,0.7916666666666666,51.55598805017223,702.2327649706286,1.276786845401143,19.863792666931527
2021-06-20 06:15:00,-13.418959488900493,-13.487201268312589,-13.46375383406391,-13.341330951248333,-13.475207308936316,-13.432591704491408,-13.58158426554706,3,0.8194444444444444,46.26470858801082,761.2019950774787,1.3840036274135976,19.158055250843958
2021-06-20 06:20:00,-13.40358908706108,-13.497871121067467,-13.411596926809157,-13.332334180058458,-13.450816513162126,-13.46604124231661,-13.562730927216917,3,0.8472222222222222,40.784883744963764,841.9816786935072,1.5308757794427403,18.27465717160573
2021-06-20 06:25:00,-13.40639823650035,-13.448912422162772,-13.368052860715247,-13.33365263416259,-13.404080463416156,-13.472067164842764,-13.537535880472554,3,0.875,35.19335896718734,954.3017862880093,1.7350941568872897,17.176784347000584
2021-06-20 06:30:00,-13.364880147436825,-13.446114999252732,-13.359986432052978,-13.318703825356131,-13.341404252812945,-13.478751456667649,-13.488530456533296,3,0.9027777777777778,29.577662225059694,1114.256147375883,2.025920267956151,15.816257000944784
2021-06-20 06:35:00,-13.388024978350012,-13.482408739225482,-13.381471146809288,-13.369927822275104,-13.329892345311906,-13.466916732245387,-13.49213179876176,3,0.9305555555555556,24.04301710572996,1349.950291052939,2.4544550746417078,14.128175499124907
2021-06-20 06:40:00,-13.353830830670493,-13.40787152648438,-13.356269845007771,-13.333639360793194,-13.319576262264563,-13.470540385714813,-13.42695848215867,3,0.9583333333333334,18.732096909021678,1712.6296804120188,3.113872146203671,12.028290858350662
2021-06-20 06:45:00,-13.351665236112192,-13.438414923933928,-13.339075219898962,-13.373918468779747,-13.316083984985404,-13.454676363186914,-13.432591704491408,3,0.9861111111111112,13.908664235895909,2288.093132953492,4.160169332642712,9.459771369219304
2021-06-20 06:50:00,-13.398300470764983,-13.506111611572452,-13.420947921049754,-13.491866065370374,-13.377521788770231,-13.422216211122016,-13.46604124231661,4,0.013888888888888888,13.908664235895905,2288.0931329534924,4.160169332642714,9.459771369219304
2021-06-20 06:55:00,-13.342878454569137,-13.417107792146734,-13.367375148351918,-13.350604486001378,-13.308999029672378,-13.443420771281849,-13.472067164842764,4,0.041666666666666664,18.732096909021678,1712.6296804120188,3.113872146203671,12.028290858350662
2021-06-20 07:00:00,-13.309499695932212,-13.410017496625231,-13.2916910502797,-13.320259208377056,-13.340528472120326,-13.423215610062131,-13.478751456667649,4,0.06944444444444445,24.04301710572997,1349.9502910529386,2.454455074641707,14.128175499124909
2021-06-20 07:05:00,-13.370900165639709,-13.421836449418183,-13.341068842182809,-13.391065597614938,-13.35006821570907,-13.385515133940777,-13.466916732245387,4,0.09722222222222222,29.57766222505968,1114.2561473758838,2.0259202679561525,15.81625700094478
2021-06-20 07:10:00,-13.29380923579353,-13.3645534189904,-13.291193684189471,-13.327724918941405,-13.33936306156452,-13.37236172643786,-13.470540385714813,4,0.125,35.193358967187336,954.3017862880095,1.73509415688729,17.176784347000584
2021-06-20 07:15:00,-13.297571152921728,-13.357795567686887,-13.27008072554357,-13.275229048285816,-13.352328279439687,-13.363539100982155,-13.454676363186914,4,0.1527777777777778,40.784883744963764,841.9816786935072,1.5308757794427403,18.27465717160573
2021-06-20 07:20:00,-13.30856079040946,-13.397209410621004,-13.292658785037403,-13.332883694643776,-13.321013784162066,-13.316874033959158,-13.422216211122016,4,0.18055555555555555,46.2647085880108,761.2019950774791,1.3840036274135983,19.15805525084395
2021-06-20 07:25:00,-13.302508846336709,-13.40136998636281,-13.298423498048669,-13.326702287970296,-13.33588251660639,-13.25415131567939,-13.443420771281849,4,0.20833333333333334,51.55598805017222,702.2327649706288,1.2767868454011433,19.863792666931527
2021-06-20 07:30:00,-13.257862189215096,-13.336090641870426,-13.198670085427082,-13.193153393973189,-13.23527004221311,-13.239293661337454,-13.423215610062131,4,0.2361111111111111,56.589631983678515,658.8812958918049,1.1979659925305546,20.421211908021377
2021-06-20 07:35:00,-13.190101071463616,-13.311069556431407,-13.127627494182011,-13.193371088861822,-13.197889210052548,-13.248784222222296,-13.385515133940777,4,0.2638888888888889,61.30302393660706,627.0153502079979,1.1400279094690873,20.854688932533097
2021-06-20 07:40:00,-13.182214829154336,-13.29274105198561,-13.093490481597478,-13.182659901367549,-13.21483350203144,-13.245091376044805,-13.37236172643786,4,0.2916666666666667,65.63949652769072,603.7532271149208,1.097733140208947,21.185177830703115
2021-06-20 07:45:00,-13.20187944948781,-13.297959424495652,-13.121216354996834,-13.242508055612651,-13.232713181290595,-13.189609651493964,-13.363539100982155,4,0.3194444444444444,69.54818229029615,587.000796114409,1.0672741747534709,21.431116276029314
2021-06-20 07:50:00,-13.161439432791,-13.264562751079046,-13.123180988125617,-13.208096416579188,-13.219206997287069,-13.143497413764084,-13.316874033959158,4,0.3472222222222222,72.98405557930008,575.1794243398531,1.0457807715270055,21.60889791505997
2021-06-20 07:55:00,-13.126576092128722,-13.225619727444398,-13.071371174755628,-13.144411400825565,-13.149711734904496,-13.144455538776803,-13.25415131567939,4,0.375,75.90806788230319,567.06508111847,1.0310274202154,21.733044318665424
2021-06-20 08:00:00,-13.1257577954477,-13.21943446393102,-13.084173884719409,-13.169502023370557,-13.124671647115273,-13.155650644533605,-13.239293661337454,4,0.4027777777777778,78.28732091574973,561.6956771060345,1.0212648674655171,21.816168916637658
2021-06-20 08:05:00,-13.132489181928646,-13.235276090776544,-13.201773553296492,-13.233029386968957,-13.189828364056044,-13.085529542057143,-13.248784222222296,4,0.4305555555555556,80.09524395594458,558.321757226534,1.0151304676846076,21.86880622268163
2021-06-20 08:10:00,-13.096372503724693,-13.216178508237675,-13.140803079696992,-13.186825413246872,-13.177763525494544,-12.993294337411609,-13.245091376044805,4,0.4583333333333333,81.31175430298669,556.3845700490554,1.0116083091801007,21.899171826367546
2021-06-20 08:15:00,-13.037561562257377,-13.137368110220429,-13.025425573783696,-13.009202288904236,-13.0970587354686,-13.014636955878252,-13.189609651493964,4,0.4861111111111111,81.92338730807863,555.5100547469376,1.0100182813580683,21.91291439402028
2021-06-20 08:20:00,-12.993924946032507,-13.100169367149002,-12.972544615495538,-12.97399855101193,-13.015265790839717,-13.031296764513964,-13.143497413764084,4,0.5138888888888888,81.92338730807863,555.5100547469376,1.0100182813580683,21.91291439402028
2021-06-20 08:25:00,-13.015869067659452,-13.130420620153584,-13.037546849606963,-13.070477424857565,-13.043132626549756,-13.012756149965169,-13.144455538776803,4,0.5416666666666666,81.3117543029867,556.3845700490554,1.0116083091801007,21.899171826367546
2021-06-20 08:30:00,-13.038723977945608,-13.157301407134156,-13.114688067059646,-13.170175141665185,-13.145460244157045,-12.99993363898374,-13.155650644533605,4,0.5694444444444444,80.09524395594458,558.321757226534,1.0151304676846076,21.86880622268163
2021-06-20 08:35:00,-12.958928261072211,-13.041265235709918,-13.011299364963126,-12.941832044985786,-13.013817321683556,-13.08659705242729,-13.085529542057143,4,0.5972222222222222,78.28732091574973,561.6956771060345,1.0212648674655171,21.816168916637658
2021-06-20 08:40:00,-12.902653187378007,-12.951601362953694,-12.919234286241643,-12.84060429976428,-12.964197425267264,-13.1537866447706,-12.993294337411609,4,0.625,75.90806788230319,567.06508111847,1.0310274202154,21.733044318665424
2021-06-20 08:45:00,-13.016353509296891,-13.054403655542302,-12.983466577699,-13.035322157297744,-12.969951641703826,-13.120552192228548,-13.014636955878252,4,0.6527777777777778,72.98405557930008,575.1794243398531,1.0457807715270055,21.60889791505997
2021-06-20 08:50:00,-13.006809622323397,-13.036965475422042,-13.02250807846774,-13.044421437280178,-13.033051582454236,-13.068780032776122,-13.031296764513964,4,0.6805555555555556,69.54818229029615,587.000796114409,1.0672741747534709,21.431116276029314
2021-06-20 08:55:00,-12.996054674870877,-13.024673264094796,-12.972470412563016,-13.03880914267498,-12.963555942078669,-13.023714021503142,-13.012756149965169,4,0.7083333333333334,65.63949652769072,603.7532271149208,1.097733140208947,21.185177830703115
2021-06-20 09:00:00,-13.06906035819636,-13.07704146039441,-13.04425273609895,-13.116228446666314,-12.979658152894247,-12.96822752842529,-12.99993363898374,4,0.7361111111111112,61.30302393660706,627.0153502079979,1.1400279094690873,20.854688932533097
2021-06-20 09:05:00,-13.150188907445884,-13.152220050961446,-13.12866633523732,-13.26150479140066,-13.101359656069222,-12.889145869395495,-13.08659705242729,4,0.7638888888888888,56.58963198367853,658.8812958918048,1.1979659925305544,20.42121190802138
2021-06-20 09:10:00,-13.090291759493372,-13.067842473467577,-13.095953920097502,-13.11314329691896,-13.050242703858745,-12.809680867316183,-13.1537866447706,4,0.7916666666666666,51.55598805017223,702.2327649706286,1.276786845401143,19.863792666931527
2021-06-20 09:15:00,-12.955369427949575,-12.990492494125949,-12.969973565297526,-12.967267193607368,-12.980490260857772,-12.777840365709883,-13.120552192228548,4,0.8194444444444444,46.26470858801082,761.2019950774787,1.3840036274135976,19.158055250843958
2021-06-20 09:20:00,-12.95976391635461,-12.922314240099992,-12.94276923500187,-12.873605937697905,-12.932925425125177,-12.790670669162283,-13.068780032776122,4,0.8472222222222222,40.784883744963764,841.9816786935072,1.5308757794427403,18.27465717160573
2021-06-20 09:25:00,-12.905209059703456,-12.883160553304643,-12.88078210562822,-12.868485411978972,-12.85892294519596,-12.815476662982178,-13.023714021503142,4,0.875,35.19335896718734,954.3017862880093,1.7350941568872897,17.176784347000584
2021-06-20 09:30:00,-12.879372889590757,-12.890810340635516,-12.913895862099388,-12.90006044619737,-12.86523647495932,-12.779204804115654,-12.96822752842529,4,0.9027777777777778,29.577662225059694,1114.256147375883,2.025920267956151,15.816257000944784
2021-06-20 09:35:00,-12.84553518930535,-12.910573418708813,-12.913565438069144,-12.944634659507702,-12.842091498664214,-12.730363980338076,-12.889145869395495,4,0.9305555555555556,24.04301710572996,1349.950291052939,2.4544550746417078,14.128175499124907
2021-06-20 09:40:00,-12.81457744672388,-12.799938515428789,-12.852743166799998,-12.845142367354576,-12.729597410544576,-12.717782919651183,-12.809680867316183,4,0.9583333333333334,18.732096909021678,1712.6296804120188,3.113872146203671,12.028290858350662
2021-06-20 09:45:00,-12.794728453038084,-12.81250319832041,-12.827554295152732,-12.828851974180342,-12.709114377224545,-12.663949855161835,-12.777840365709883,4,0.9861111111111112,13.908664235895909,2288.093132953492,4.160169332642712,9.459771369219304
2021-06-20 09:50:00,-12.813055123551807,-12.838115583190945,-12.883836463484688,-12.853459725212645,-12.738006707929538,-12.604946660642078,-12.790670669162283,5,0.013888888888888888,13.908664235895905,2288.0931329534924,4.160169332642714,9.459771369219304
2021-06-20 09:55:00,-12.81063032756641,-12.85662936830052,-12.897364716463835,-12.88765721667635,-12.816859070593395,-12.506995823921836,-12.815476662982178,5,0.041666666666666664,18.732096909021678,1712.6296804120188,3.113872146203671,12.028290858350662
2021-06-20 10:00:00,-12.783555968708203,-12.74238032124411,-12.81504726294006,-12.796098997484542,-12.680136678255488,-12.507374282138809,-12.779204804115654,5,0.06944444444444445,24.04301710572997,1349.9502910529386,2.454455074641707,14.128175499124909
2021-06-20 10:05:00,-12.725417389549529,-12.71327816105024,-12.76825655686086,-12.76157933968371,-12.664038363675392,-12.50466529357407,-12.730363980338076,5,0.09722222222222222,29.57766222505968,1114.2561473758838,2.0259202679561525,15.81625700094478
2021-06-20 10:10:00,-12.694672486100526,-12.655113504427629,-12.706438419432276,-12.668018048383184,-12.600091369699973,-12.550134768754448,-12.717782919651183,5,0.125,35.193358967187336,954.3017862880095,1.73509415688729,17.176784347000584
2021-06-20 10:15:00,-12.617089249454978,-12.590960602192032,-12.632486939480978,-12.558886934862096,-12.49597854933091,-12.603011045744749,-12.663949855161835,5,0.1527777777777778,40.784883744963764,841.9816786935072,1.5308757794427403,18.27465717160573
2021-06-20 10:20:00,-12.59532766936815,-12.599697211378745,-12.63486928394542,-12.539246069934526,-12.551242288229275,-12.702668782524068,-12.604946660642078,5,0.18055555555555555,46.2647085880108,761.2019950774791,1.3840036274135983,19.15805525084395
2021-06-20 10:25:00,-12.563829106040242,-12.524866488221168,-12.564502049876562,-12.430250103447277,-12.427044373934574,-12.811648001014008,-12.506995823921836,5,0.20833333333333334,51.55598805017222,702.2327649706288,1.2767868454011433,19.863792666931527
2021-06-20 10:30:00,-12.61573027740944,-12.638374412622465,-12.711109715015056,-12.56817474611979,-12.546432123835476,-12.86575833790325,-12.507374282138809,5,0.2361111111111111,56.589631983678515,658.8812958918049,1.1979659925305546,20.421211908021377
2021-06-20 10:35:00,-12.61916036030276,-12.622933066018891,-12.756004698996072,-12.638284654188327,-12.59604632128046,-12.91808943268948,-12.50466529357407,5,0.2638888888888889,61.30302393660706,627.0153502079979,1.1400279094690873,20.854688932533097
2021-06-20 10:40:00,-12.644344637881316,-12.700172871447329,-12.789814137036018,-12.726319280835174,-12.633786537549945,-12.976116416685532,-12.550134768754448,5,0.2916666666666667,65.63949652769072,603.7532271149208,1.097733140208947,21.185177830703115
2021-06-20 10:45:00,-12.687340992125725,-12.671614151090823,-12.80560540499878,-12.708616589526748,-12.680172093291464,-13.015231858699334,-12.603011045744749,5,0.3194444444444444,69.54818229029615,587.000796114409,1.0672741747534709,21.431116276029314
2021-06-20 10:50:00,-12.841301202541194,-12.838243016045668,-12.974595954402051,-12.92053615226858,-12.81901845734366,-12.990601806080338,-12.702668782524068,5,0.3472222222222222,72.98405557930008,575.1794243398531,1.0457807715270055,21.60889791505997
2021-06-20 10:55:00,-12.843995943677664,-12.79983322721261,-12.965159562821007,-12.926366025456874,-12.90125368285287,-12.97887332313146,-12.811648001014008,5,0.375,75.90806788230319,567.06508111847,1.0310274202154,21.733044318665424
2021-06-20 11:00:00,-12.827539815113392,-12.807392874879,-12.904136664500763,-12.938826535454805,-12.880259777462143,-12.969790384076958,-12.86575833790325,5,0.4027777777777778,78.28732091574973,561.6956771060345,1.0212648674655171,21.816168916637658
2021-06-20 11:05:00,-12.841629067849626,-12.79825292104866,-12.91292785111603,-12.939044201267052,-12.906409856218856,-12.95122057683841,-12.91808943268948,5,0.4305555555555556,80.09524395594458,558.321757226534,1.0151304676846076,21.86880622268163
2021-06-20 11:10:00,-12.876429312758154,-12.890801436524976,-12.91952923708314,-13.007318807963806,-12.92437929427609,-12.88238979706435,-12.976116416685532,5,0.4583333333333333,81.31175430298669,556.3845700490554,1.0116083091801007,21.899171826367546
2021-06-20 11:15:00,-12.85028185087602,-12.83958400978416,-12.942974921343822,-12.967960374607102,-12.937260946623017,-12.862244398717849,-13.015231858699334,5,0.4861111111111111,81.92338730807863,555.5100547469376,1.0100182813580683,21.91291439402028
2021-06-20 11:20:00,-12.813285524820346,-12.846661100914464,-12.905663407283232,-12.95259286586792,-12.883244933524177,-12.849144789794828,-12.990601806080338,5,0.5138888888888888,81.92338730807863,555.5100547469376,1.0100182813580683,21.91291439402028
2021-06-20 11:25:00,-12.84746120899589,-12.862370785031096,-12.91389801375182,-12.903614510792991,-12.886677865903147,-12.837941717108752,-12.97887332313146,5,0.5416666666666666,81.3117543029867,556.3845700490554,1.0116083091801007,21.899171826367546
2021-06-20 11:30:00,-12.822828684884236,-12.862186978749255,-12.889844574908231,-12.90083149375404,-12.893659454670283,-12.82533954696692,-12.969790384076958,5,0.5694444444444444,80.09524395594458,558.321757226534,1.0151304676846076,21.86880622268163
2021-06-20 11:35:00,-12.792248295617137,-12.834663505790148,-12.868881955706923,-12.846188593811476,-12.847334087044093,-12.825291687238495,-12.95122057683841,5,0.5972222222222222,78.28732091574973,561.6956771060345,1.0212648674655171,21.816168916637658
2021-06-20 11:40:00,-12.738539445441162,-12.802641375528529,-12.804720901390898,-12.79463052377604,-12.764260182308524,-12.836808901179657,-12.88238979706435,5,0.625,75.90806788230319,567.06508111847,1.0310274202154,21.733044318665424
2021-06-20 11:45:00,-12.776567343456092,-12.836286482302004,-12.838653855910996,-12.820003972310314,-12.764978892373602,-12.847840481351618,-12.862244398717849,5,0.6527777777777778,72.98405557930008,575.1794243398531,1.0457807715270055,21.60889791505997
2021-06-20 11:50:00,-12.776552572652909,-12.83358107817068,-12.85152748317588,-12.834712842794213,-12.810974068580624,-12.85886874681578,-12.849144789794828,5,0.6805555555555556,69.54818229029615,587.000796114409,1.0672741747534709,21.431116276029314
2021-06-20 11:55:00,-12.759062836782489,-12.819082815638533,-12.830172798009787,-12.826016328885956,-12.799828276371455,-12.842271946704663,-12.837941717108752,5,0.7083333333333334,65.63949652769072,603.7532271149208,1.097733140208947,21.185177830703115
2021-06-20 12:00:00,-12.748687336144,-12.810794302923744,-12.814064771917364,-12.81251395388876,-12.787490410562157,-12.823231683569484,-12.82533954696692,5,0.7361111111111112,61.30302393660706,627.0153502079979,1.1400279094690873,20.854688932533097
2021-06-20 12:05:00,-12.753068740176136,-12.80003281805404,-12.79664574981336,-12.802254293564992,-12.802580995818056,-12.809943717829508,-12.825291687238495,5,0.7638888888888888,56.58963198367853,658.8812958918048,1.1979659925305544,20.42121190802138
2021-06-20 12:10:00,-12.7396670276211,-12.786006357742652,-12.780713519539912,-12.799436094101136,-12.78060471571017,-12.791967243287292,-12.836808901179657,5,0.7916666666666666,51.55598805017223,702.2327649706286,1.276786845401143,19.863792666931527
2021-06-20 12:15:00,-12.764359739848084,-12.818489420271906,-12.79918970082128,-12.832459888239535,-12.79583649588783,-12.761483387615792,-12.847840481351618,5,0.8194444444444444,46.26470858801082,761.2019950774787,1.3840036274135976,19.158055250843958
2021-06-20 12:20:00,-12.77807821053278,-12.826385169201693,-12.823717898866365,-12.86090467523866,-12.8534824629451,-12.726703612481757,-12.85886874681578,5,0.8472222222222222,40.784883744963764,841.9816786935072,1.5308757794427403,18.27465717160573
2021-06-20 12:25:00,-12.743468241482567,-12.764552597226064,-12.80852897727904,-12.769320578064898,-12.779756615735328,-12.726113071118306,-12.842271946704663,5,0.875,35.19335896718734,954.3017862880093,1.7350941568872897,17.176784347000584
2021-06-20 12:30:00,-12.72627595702269,-12.748060796854505,-12.750961865375766,-12.748388837983628,-12.737530320450524,-12.740713137772463,-12.823231683569484,5,0.9027777777777778,29.577662225059694,1114.256147375883,2.025920267956151,15.816257000944784
2021-06-20 12:35:00,-12.715346144195486,-12.748932821498316,-12.733911589976405,-12.734054471328443,-12.72317339052119,-12.760767934105749,-12.809943717829508,5,0.9305555555555556,24.04301710572996,1349.950291052939,2.4544550746417078,14.128175499124907
2021-06-20 12:40:00,-12.709459281294126,-12.73634212010187,-12.734341280782363,-12.721104198714764,-12.713009100737654,-12.776545652473466,-12.791967243287292,5,0.9583333333333334,18.732096909021678,1712.6296804120188,3.113872146203671,12.028290858350662
2021-06-20 12:45:00,-12.707810766614555,-12.7419740278366,-12.739925284065718,-12.71867591356326,-12.717489073712288,-12.787165976267062,-12.761483387615792,5,0.9861111111111112,13.908664235895909,2288.093132953492,4.160169332642712,9.459771369219304
2021-06-20 12:50:00,-12.697451606903996,-12.73404133262997,-12.726586550958896,-12.710263708539877,-12.703108242995125,-12.777618222134466,-12.726703612481757,6,0.013888888888888888,13.908664235895905,2288.0931329534924,4.160169332642714,9.459771369219304
2021-06-20 12:55:00,-12.70348012994926,-12.737134065569732,-12.731544714148365,-12.724204439105527,-12.697071811173352,-12.75253792170587,-12.726113071118306,6,0.041666666666666664,18.732096909021678,1712.6296804120188,3.113872146203671,12.028290858350662
2021-06-20 13:00:00,-12.72342966977168,-12.761755550138869,-12.73439966616187,-12.739695522477634,-12.719510812859667,-12.738463439772818,-12.740713137772463,6,0.06944444444444445,24.04301710572997,1349.9502910529386,2.454455074641707,14.128175499124909
2021-06-20 13:05:00,-12.73782980720796,-12.782378163973664,-12.753781867575444,-12.769929495703172,-12.764553446719738,-12.69666631191906,-12.760767934105749,6,0.09722222222222222,29.57766222505968,1114.2561473758838,2.0259202679561525,15.81625700094478
2021-06-20 13:10:00,-12.7285551966287,-12.761396147858935,-12.749213386087256,-12.757955375460428,-12.762861550074916,-12.679535436782649,-12.776545652473466,6,0.125,35.193358967187336,954.3017862880095,1.73509415688729,17.176784347000584
2021-06-20 13:15:00,-12.731508833890238,-12.756799950072796,-12.73044399854744,-12.746908559263137,-12.760454781447727,-12.662370600429467,-12.787165976267062,6,0.1527777777777778,40.784883744963764,841.9816786935072,1.5308757794427403,18.27465717160573
2021-06-20 13:20:00,-12.690044281719157,-12.707355828982804,-12.71011762878557,-12.696760752014995,-12.703403077531084,-12.636918529352272,-12.777618222134466,6,0.18055555555555555,46.2647085880108,761.2019950774791,1.3840036274135983,19.15805525084395
2021-06-20 13:25:00,-12.647526408453423,-12.674789449419222,-12.647992095823046,-12.621391391263735,-12.650279709427709,-12.645709599662004,-12.75253792170587,6,0.20833333333333334,51.55598805017222,702.2327649706288,1.2767868454011433,19.863792666931527
2021-06-20 13:30:00,-12.667579518356424,-12.71715491826862,-12.651972943586207,-12.645230827919486,-12.655370519081972,-12.613495059449134,-12.738463439772818,6,0.2361111111111111,56.589631983678515,658.8812958918049,1.1979659925305546,20.421211908021377
2021-06-20 13:35:00,-12.649670791789434,-12.679699777286904,-12.689964437968095,-12.609420004201109,-12.64032424623562,-12.607784283130592,-12.69666631191906,6,0.2638888888888889,61.30302393660706,627.0153502079979,1.1400279094690873,20.854688932533097
2021-06-20 13:40:00,-12.657429476001154,-12.705424215184868,-12.657989719772248,-12.644304628776634,-12.630501371355562,-12.559984568366293,-12.679535436782649,6,0.2916666666666667,65.63949652769072,603.7532271149208,1.097733140208947,21.185177830703115
2021-06-20 13:45:00,-12.660577925036948,-12.702468108304869,-12.666237701377574,-12.64437574961243,-12.67809068940367,-12.539091150959418,-12.662370600429467,6,0.3194444444444444,69.54818229029615,587.000796114409,1.0672741747534709,21.431116276029314
2021-06-20 13:50:00,-12.60571270706066,-12.641382267417612,-12.625155561811711,-12.578266693859394,-12.62370982583567,-12.5416952319299,-12.636918529352272,6,0.3472222222222222,72.98405557930008,575.1794243398531,1.0457807715270055,21.60889791505997
2021-06-20 13:55:00,-12.627209633898344,-12.681773972491262,-12.636423823751205,-12.624130910031903,-12.570008361061287,-12.500231726508648,-12.645709599662004,6,0.375,75.90806788230319,567.06508111847,1.0310274202154,21.733044318665424
2021-06-20 14:00:00,-12.607743343581616,-12.63943966802875,-12.636663180546078,-12.582627221047662,-12.585193735329735,-12.476983412744032,-12.613495059449134,6,0.4027777777777778,78.28732091574973,561.6956771060345,1.0212648674655171,21.816168916637658
2021-06-20 14:05:00,-12.59581051180446,-12.642984313487812,-12.6227643199737,-12.58692796718998,-12.59716640175327,-12.474283263400098,-12.607784283130592,6,0.4305555555555556,80.09524395594458,558.321757226534,1.0151304676846076,21.86880622268163
2021-06-20 14:10:00,-12.569922702033386,-12.580318686806704,-12.569721667912908,-12.504265435138317,-12.543760760111914,-12.490103724052616,-12.559984568366293,6,0.4583333333333333,81.31175430298669,556.3845700490554,1.0116083091801007,21.899171826367546
2021-06-20 14:15:00,-12.574221587287113,-12.62094554134504,-12.564165519805634,-12.553054735563062,-12.566526464051291,-12.508055134751634,-12.539091150959418,6,0.4861111111111111,81.92338730807863,555.5100547469376,1.0100182813580683,21.91291439402028
2021-06-20 14:20:00,-12.5756983768415,-12.605539232994628,-12.574126740121798,-12.543321415946393,-12.550593826708466,-12.509693996071649,-12.5416952319299,6,0.5138888888888888,81.92338730807863,555.5100547469376,1.0100182813580683,21.91291439402028
2021-06-20 14:25:00,-12.53739750973154,-12.560655519791922,-12.546288253886368,-12.486847052714763,-12.530340206059906,-12.540025375184312,-12.500231726508648,6,0.5416666666666666,81.3117543029867,556.3845700490554,1.0116083091801007,21.899171826367546
2021-06-20 14:30:00,-12.524733116127482,-12.553499852777056,-12.50761119651741,-12.493899936775998,-12.489819240709435,-12.563197741433353,-12.476983412744032,6,0.5694444444444444,80.09524395594458,558.321757226534,1.0151304676846076,21.86880622268163
2021-06-20 14:35:00,-12.549187111240045,-12.597369595937424,-12.546979225080904,-12.51492117396789,-12.531113696032849,-12.565014201308164,-12.474283263400098,6,0.5972222222222222,78.28732091574973,561.6956771060345,1.0212648674655171,21.816168916637658
2021-06-20 14:40:00,-12.53308647054921,-12.568316813083817,-12.566709877882934,-12.516278866652522,-12.563787003435896,-12.579590774243872,-12.490103724052616,6,0.625,75.90806788230319,567.06508111847,1.0310274202154,21.733044318665424
2021-06-20 14:45:00,-12.562841730184998,-12.624816805767958,-12.570188285726823,-12.567253955184404,-12.647693597662672,-12.558701601989096,-12.508055134751634,6,0.6527777777777778,72.98405557930008,575.1794243398531,1.0457807715270055,21.60889791505997
2021-06-20 14:50:00,-12.567100838945118,-12.587164733614197,-12.601374859452084,-12.529385337602216,-12.576104515776244,-12.560114249039898,-12.509693996071649,6,0.6805555555555556,69.54818229029615,587.000796114409,1.0672741747534709,21.431116276029314
2021-06-20 14:55:00,-12.558536971501658,-12.597066913998002,-12.567511571948568,-12.537704091126724,-12.581154676645372,-12.559785395134403,-12.540025375184312,6,0.7083333333333334,65.63949652769072,603.7532271149208,1.097733140208947,21.185177830703115
2021-06-20 15:00:00,-12.581992425427435,-12.590919377316617,-12.581619200959626,-12.529240827972655,-12.587620741120338,-12.568811693392451,-12.563197741433353,6,0.7361111111111112,61.30302393660706,627.0153502079979,1.1400279094690873,20.854688932533097
2021-06-20 15:05:00,-12.568472895363554,-12.605130395555536,-12.57122096258868,-12.54702057169926,-12.60739221716581,-12.56354322703062,-12.565014201308164,6,0.7638888888888888,56.58963198367853,658.8812958918048,1.1979659925305544,20.42121190802138
2021-06-20 15:10:00,-12.581039010788958,-12.612068432232295,-12.561391458293018,-12.548513411417732,-12.610115743922655,-12.563391041235628,-12.579590774243872,6,0.7916666666666666,51.55598805017223,702.2327649706286,1.276786845401143,19.863792666931527
2021-06-20 15:15:00,-12.568076991316053,-12.598178251067273,-12.569726669050992,-12.534765515432207,-12.610951922579972,-12.581513828143224,-12.558701601989096,6,0.8194444444444444,46.26470858801082,761.2019950774787,1.3840036274135976,19.158055250843958
2021-06-20 15:20:00,-12.568010929771113,-12.59986939606176,-12.554754831748236,-12.535746610788465,-12.607380237695512,-12.598211523307569,-12.560114249039898,6,0.8472222222222222,40.784883744963764,841.9816786935072,1.5308757794427403,18.27465717160573
2021-06-20 15:25:00,-12.571121637660193,-12.614528279497003,-12.553499604241583,-12.523459570498774,-12.59909614322099,-12.607292543320714,-12.559785395134403,6,0.875,35.19335896718734,954.3017862880093,1.7350941568872897,17.176784347000584
2021-06-20 15:30:00,-12.59105745342926,-12.63008543735648,-12.589395621765718,-12.54216318725749,-12.64166082946531,-12.60874932832276,-12.568811693392451,6,0.9027777777777778,29.577662225059694,1114.256147375883,2.025920267956151,15.816257000944784
2021-06-20 15:35:00,-12.579923117315474,-12.614518276827374,-12.581837622757863,-12.526722057113467,-12.604084022475126,-12.628259291368582,-12.56354322703062,6,0.9305555555555556,24.04301710572996,1349.950291052939,2.4544550746417078,14.128175499124907
2021-06-20 15:40:00,-12.603626592798625,-12.635278326186524,-12.5846123821037,-12.551195068181308,-12.599751583074012,-12.632566608773732,-12.563391041235628,6,0.9583333333333334,18.732096909021678,1712.6296804120188,3.113872146203671,12.028290858350662
2021-06-20 15:45:00,-12.61634413803303,-12.65622270219761,-12.610476465545252,-12.57045916132219,-12.665247534189444,-12.636435570610429,-12.581513828143224,6,0.9861111111111112,13.908664235895909,2288.093132953492,4.160169332642712,9.459771369219304
2021-06-20 15:50:00,-12.624238260042432,-12.66096026719328,-12.60864081525686,-12.575631559310567,-12.688554931166788,-12.65794843130666,-12.598211523307569,7,0.013888888888888888,13.908664235895905,2288.0931329534924,4.160169332642714,9.459771369219304
2021-06-20 15:55:00,-12.633991584211444,-12.6645690916309,-12.624608576871822,-12.593128157207664,-12.685127814064655,-12.670731165794482,-12.607292543320714,7,0.041666666666666664,18.732096909021678,1712.6296804120188,3.113872146203671,12.028290858350662
2021-06-20 16:00:00,-12.620725251301325,-12.6541415687253,-12.60735761626859,-12.566992849254136,-12.658522748047716,-12.683653757690386,-12.60874932832276,7,0.06944444444444445,24.04301710572997,1349.9502910529386,2.454455074641707,14.128175499124909
2021-06-20 16:05:00,-12.639800347944796,-12.678093915169333,-12.63026823690691,-12.596534455618697,-12.671778962376129,-12.676902453886251,-12.628259291368582,7,0.09722222222222222,29.57766222505968,1114.2561473758838,2.0259202679561525,15.81625700094478
2021-06-20 16:10:00,-12.646479077093923,-12.674101346695046,-12.63895306210871,-12.593780573116728,-12.677414140095706,-12.69700842465576,-12.632566608773732,7,0.125,35.193358967187336,954.3017862880095,1.73509415688729,17.176784347000584
2021-06-20 16:15:00,-12.646012982654923,-12.695967529422502,-12.636484418935911,-12.601910969824278,-12.694507215932637,-12.681715874835088,-12.636435570610429,7,0.1527777777777778,40.784883744963764,841.9816786935072,1.5308757794427403,18.27465717160573
2021-06-20 16:20:00,-12.68220895215864,-12.737393788066749,-12.696603274318075,-12.657372079218709,-12.757206716719606,-12.668649703753918,-12.65794843130666,7,0.18055555555555555,46.2647085880108,761.2019950774791,1.3840036274135983,19.15805525084395
2021-06-20 16:25:00,-12.68804010470784,-12.726738111783316,-12.707853567052124,-12.64925273153716,-12.745475267979538,-12.683400037161707,-12.670731165794482,7,0.20833333333333334,51.55598805017222,702.2327649706288,1.2767868454011433,19.863792666931527
2021-06-20 16:30:00,-12.677256778704322,-12.721979847621588,-12.676511027601922,-12.641878030055413,-12.73614738946439,-12.690514853921323,-12.683653757690386,7,0.2361111111111111,56.589631983678515,658.8812958918049,1.1979659925305546,20.421211908021377
2021-06-20 16:35:00,-12.678361913915646,-12.713715271931235,-12.678445653902193,-12.629864714846743,-12.68460036845496,-12.70715503599769,-12.676902453886251,7,0.2638888888888889,61.30302393660706,627.0153502079979,1.1400279094690873,20.854688932533097
2021-06-20 16:40:00,-12.70218855696234,-12.757482155269212,-12.701580744226664,-12.675089599483089,-12.748869528767504,-12.672821350750311,-12.69700842465576,7,0.2916666666666667,65.63949652769072,603.7532271149208,1.097733140208947,21.185177830703115
2021-06-20 16:45:00,-12.689261080233884,-12.718074759142404,-12.705862358108169,-12.631611507704967,-12.675513940234351,-12.68972287136802,-12.681715874835088,7,0.3194444444444444,69.54818229029615,587.000796114409,1.0672741747534709,21.431116276029314
2021-06-20 16:50:00,-12.69292389050648,-12.749008506437896,-12.692699071903712,-12.66375207759639,-12.7298646806683,-12.69062720506994,-12.668649703753918,7,0.3472222222222222,72.98405557930008,575.1794243398531,1.0457807715270055,21.60889791505997
2021-06-20 16:55:00,-12.73780497597584,-12.792874953920988,-12.76027090239394,-12.720972308235956,-12.785553690762224,-12.688284462640802,-12.683400037161707,7,0.375,75.90806788230319,567.06508111847,1.0310274202154,21.733044318665424
2021-06-20 17:00:00,-12.724138086796744,-12.77292275022709,-12.742866360329277,-12.690758281409993,-12.78659485792827,-12.689974789160877,-12.690514853921323,7,0.4027777777777778,78.28732091574973,561.6956771060345,1.0212648674655171,21.816168916637658
2021-06-20 17:05:00,-12.737953788910264,-12.78374783588636,-12.743270463917124,-12.712472059921163,-12.76727493812969,-12.700436472202185,-12.70715503599769,7,0.4305555555555556,80.09524395594458,558.321757226534,1.0151304676846076,21.86880622268163
2021-06-20 17:10:00,-12.712593133985044,-12.725203019998856,-12.71732589704406,-12.659268499150116,-12.669149003423692,-12.735115061519148,-12.672821350750311,7,0.4583333333333333,81.31175430298669,556.3845700490554,1.0116083091801007,21.899171826367546
2021-06-20 17:15:00,-12.735690832079417,-12.772391857090936,-12.714037183530802,-12.724615404720051,-12.72509312971274,-12.730974584406637,-12.68972287136802,7,0.4861111111111111,81.92338730807863,555.5100547469376,1.0100182813580683,21.91291439402028
2021-06-20 17:20:00,-12.76350349848566,-12.78079722180182,-12.773511648085949,-12.750995303217616,-12.758791495964974,-12.757954037946757,-12.69062720506994,7,0.5138888888888888,81.92338730807863,555.5100547469376,1.0100182813580683,21.91291439402028
2021-06-20 17:25:00,-12.77011081603515,-12.80893976171898,-12.797722273862613,-12.786436915009205,-12.82488374556793,-12.742316060681585,-12.688284462640802,7,0.5416666666666666,81.3117543029867,556.3845700490554,1.0116083091801007,21.899171826367546
2021-06-20 17:30:00,-12.778445561570978,-12.79906423584789,-12.800193010535075,-12.764691850308612,-12.791861172637669,-12.762679648215252,-12.689974789160877,7,0.5694444444444444,80.09524395594458,558.321757226534,1.0151304676846076,21.86880622268163
2021-06-20 17:35:00,-12.803307091284726,-12.826102145688134,-12.80364711052176,-12.803464510828878,-12.823756454151836,-12.778474870566267,-12.700436472202185,7,0.5972222222222222,78.28732091574973,561.6956771060345,1.0212648674655171,21.816168916637658
2021-06-20 17:40:00,-12.798476398963668,-12.815631027332234,-12.820746815774292,-12.784732980741314,-12.815332560421997,-12.803467069550688,-12.735115061519148,7,0.625,75.90806788230319,567.06508111847,1.0310274202154,21.733044318665424
2021-06-20 17:45:00,-12.79617814340238,-12.801755011797614,-12.792762598701168,-12.762486697329589,-12.751855091898914,-12.850959854003197,-12.730974584406637,7,0.6527777777777778,72.98405557930008,575.1794243398531,1.0457807715270055,21.60889791505997
2021-06-20 17:50:00,-12.852765264852,-12.880386980690687,-12.867602885565214,-12.868379341329346,-12.8645777203985,-12.850744397996149,-12.757954037946757,7,0.6805555555555556,69.54818229029615,587.000796114409,1.0672741747534709,21.431116276029314
2021-06-20 17:55:00,-12.819294101466038,-12.8227284707152,-12.836629732500109,-12.77312533924524,-12.801228536882585,-12.898514571154085,-12.742316060681585,7,0.7083333333333334,65.63949652769072,603.7532271149208,1.097733140208947,21.185177830703115
2021-06-20 18:00:00,-12.851814874157483,-12.877156060580871,-12.867320204957856,-12.861059245297158,-12.880803098777625,-12.9304871376975,-12.762679648215252,7,0.7361111111111112,61.30302393660706,627.0153502079979,1.1400279094690873,20.854688932533097
2021-06-20 18:05:00,-12.885779696394684,-12.892770516969856,-12.911597490232564,-12.89181008032854,-12.921684029764702,-12.936998386873537,-12.778474870566267,7,0.7638888888888888,56.58963198367853,658.8812958918048,1.1979659925305544,20.42121190802138
2021-06-20 18:10:00,-12.913248156564569,-12.917791183221851,-12.93832043191112,-12.930150084251654,-12.964268197186447,-12.951622179857216,-12.803467069550688,7,0.7916666666666666,51.55598805017223,702.2327649706286,1.276786845401143,19.863792666931527
2021-06-20 18:15:00,-12.959643423818417,-12.953985525278824,-12.981156284514649,-12.984869920306856,-12.989196660736663,-12.95468113178239,-12.850959854003197,7,0.8194444444444444,46.26470858801082,761.2019950774787,1.3840036274135976,19.158055250843958
2021-06-20 18:20:00,-12.954274643931036,-12.936328905355865,-12.956379948606658,-12.94034600914122,-12.972479309936586,-13.009560887950784,-12.850744397996149,7,0.8472222222222222,40.784883744963764,841.9816786935072,1.5308757794427403,18.27465717160573
2021-06-20 18:25:00,-12.997150621944783,-12.991703453159234,-13.0214309728908,-13.01820265102756,-13.042369167929367,-13.031236518245866,-12.898514571154085,7,0.875,35.19335896718734,954.3017862880093,1.7350941568872897,17.176784347000584
2021-06-20 18:30:00,-13.04628997295912,-13.029157929223604,-13.062273813814556,-13.065965351554755,-13.111929677718123,-13.029789939054682,-12.9304871376975,7,0.9027777777777778,29.577662225059694,1114.256147375883,2.025920267956151,15.816257000944784
2021-06-20 18:35:00,-13.040117085666218,-13.00596731787239,-13.083571392962044,-13.01996904136875,-13.110126651132822,-13.08450465766626,-12.936998386873537,7,0.9305555555555556,24.04301710572996,1349.950291052939,2.4544550746417078,14.128175499124907
2021-06-20 18:40:00,-13.07392091196401,-13.041913559031164,-13.10875110554828,-13.063076089407872,-13.10772127817208,-13.123098818263816,-12.951622179857216,7,0.9583333333333334,18.732096909021678,1712.6296804120188,3.113872146203671,12.028290858350662
2021-06-20 18:45:00,-13.114693649725416,-13.052490543792238,-13.128485567356645,-13.104217341262846,-13.097725078965702,-13.173107902082856,-12.95468113178239,7,0.9861111111111112,13.908664235895909,2288.093132953492,4.160169332642712,9.459771369219304
2021-06-20 18:50:00,-13.134283398369533,-13.132275248086698,-13.148066244168882,-13.183741019485508,-13.23615099850212,-13.204622806338692,-13.009560887950784,8,0.013888888888888888,13.908664235895905,2288.0931329534924,4.160169332642714,9.459771369219304
2021-06-20 18:55:00,-13.1530222847823,-13.126075500938969,-13.175935289684125,-13.167841325685998,-13.23062950944483,-13.244460476660064,-13.031236518245866,8,0.041666666666666664,18.732096909021678,1712.6296804120188,3.113872146203671,12.028290858350662
2021-06-20 19:00:00,-13.160671554560212,-13.127461304324653,-13.188639547010943,-13.18535222916413,-13.188973896353057,-13.288039332647685,-13.029789939054682,8,0.06944444444444445,24.04301710572997,1349.9502910529386,2.454455074641707,14.128175499124909
2021-06-20 19:05:00,-13.234886408399747,-13.19977664516445,-13.237806171673675,-13.242901982466028,-13.31269222476648,-13.310676402663288,-13.08450465766626,8,0.09722222222222222,29.57766222505968,1114.2561473758838,2.0259202679561525,15.81625700094478
2021-06-20 19:10:00,-13.268579875281244,-13.21441867439046,-13.30401100503632,-13.268963392789068,-13.302078821152328,-13.340693727750024,-13.123098818263816,8,0.125,35.193358967187336,954.3017862880095,1.73509415688729,17.176784347000584
2021-06-20 19:15:00,-13.29181296755872,-13.252965956566776,-13.341501876772952,-13.314015781776044,-13.34467427021115,-13.365070321527798,-13.173107902082856,8,0.1527777777777778,40.784883744963764,841.9816786935072,1.5308757794427403,18.27465717160573
2021-06-20 19:20:00,-13.355544374683364,-13.307059064098246,-13.376600997834847,-13.368073766635504,-13.424582163774856,-13.382406992042604,-13.204622806338692,8,0.18055555555555555,46.2647085880108,761.2019950774791,1.3840036274135983,19.15805525084395
2021-06-20 19:25:00,-13.37135765346898,-13.316207632944629,-13.423577909078574,-13.4125474556165,-13.42180310839325,-13.411725262699992,-13.244460476660064,8,0.20833333333333334,51.55598805017222,702.2327649706288,1.2767868454011433,19.863792666931527
2021-06-20 19:30:00,-13.372745454749468,-13.320719993326342,-13.411808588348062,-13.411085938432924,-13.404017614811671,-13.422375469747468,-13.288039332647685,8,0.2361111111111111,56.589631983678515,658.8812958918049,1.1979659925305546,20.421211908021377
2021-06-20 19:35:00,-13.40518274187273,-13.363058641433687,-13.451224738327436,-13.42452854692236,-13.451740400732431,-13.428951501107544,-13.310676402663288,8,0.2638888888888889,61.30302393660706,627.0153502079979,1.1400279094690873,20.854688932533097
2021-06-20 19:40:00,-13.418307988897531,-13.383857581230185,-13.46048803092414,-13.434911382078768,-13.47687983525743,-13.43255781960015,-13.340693727750024,8,0.2916666666666667,65.63949652769072,603.7532271149208,1.097733140208947,21.185177830703115
2021-06-20 19:45:00,-13.445645459956518,-13.404164496645784,-13.465080936575072,-13.44531320047952,-13.499376764370204,-13.43927059356065,-13.365070321527798,8,0.3194444444444444,69.54818229029615,587.000796114409,1.0672741747534709,21.431116276029314
2021-06-20 19:50:00,-13.471786568648698,-13.437400639501323,-13.49587021013207,-13.473263877943452,-13.51249043172499,-13.450527373962922,-13.382406992042604,8,0.3472222222222222,72.98405557930008,575.1794243398531,1.0457807715270055,21.60889791505997
2021-06-20 19:55:00,-13.481138122609694,-13.461155194717175,-13.543784915181174,-13.490255680734156,-13.554781218429984,-13.42149845330852,-13.411725262699992,8,0.375,75.90806788230319,567.06508111847,1.0310274202154,21.733044318665424
2021-06-20 20:00:00,-13.457310112972944,-13.429866247853017,-13.481432164814183,-13.45833757062383,-13.488757988894063,-13.425058543984774,-13.422375469747468,8,0.4027777777777778,78.28732091574973,561.6956771060345,1.0212648674655171,21.816168916637658
2021-06-20 20:05:00,-13.457250033894054,-13.454340193045091,-13.471905600096589,-13.442773719965672,-13.478598162335508,-13.424293442548676,-13.428951501107544,8,0.4305555555555556,80.09524395594458,558.321757226534,1.0151304676846076,21.86880622268163
2021-06-20 20:10:00,-13.45959710870444,-13.458595374961371,-13.488265856552998,-13.43441094116091,-13.473470491095153,-13.417746182270786,-13.43255781960015,8,0.4583333333333333,81.31175430298669,556.3845700490554,1.0116083091801007,21.899171826367546
2021-06-20 20:15:00,-13.467759256823555,-13.481022504004892,-13.481728433179343,-13.434782461025696,-13.50049370095897,-13.41409118627645,-13.43927059356065,8,0.4861111111111111,81.92338730807863,555.5100547469376,1.0100182813580683,21.91291439402028
2021-06-20 20:20:00,-13.498677448253396,-13.513242438142576,-13.54112162742333,-13.480014447568884,-13.538888928204807,-13.397714661583068,-13.450527373962922,8,0.5138888888888888,81.92338730807863,555.5100547469376,1.0100182813580683,21.91291439402028
2021-06-20 20:25:00,-13.454545363172372,-13.459432737174872,-13.484172003422575,-13.447434013771575,-13.465468750118664,-13.421587652386204,-13.42149845330852,8,0.5416666666666666,81.3117543029867,556.3845700490554,1.0116083091801007,21.899171826367546
2021-06-20 20:30:00,-13.452107969843512,-13.471584925582004,-13.419825565349878,-13.401418723975771,-13.453522339670078,-13.423172569744397,-13.425058543984774,8,0.5694444444444444,80.09524395594458,558.321757226534,1.0151304676846076,21.86880622268163
2021-06-20 20:35:00,-13.456856972063113,-13.472602371985682,-13.458489763687918,-13.3920372794918,-13.449045597808643,-13.447561095743344,-13.424293442548676,8,0.5972222222222222,78.28732091574973,561.6956771060345,1.0212648674655171,21.816168916637658
2021-06-20 20:40:00,-13.427133856370077,-13.456375931453849,-13.43347921750506,-13.378135627586536,-13.452043035008458,-13.462956138001108,-13.417746182270786,8,0.625,75.90806788230319,567.06508111847,1.0310274202154,21.733044318665424
2021-06-20 20:45:00,-13.437624692121108,-13.465456107769365,-13.43702160429787,-13.393227085133963,-13.44780137207887,-13.459720310796191,-13.41409118627645,8,0.6527777777777778,72.98405557930008,575.1794243398531,1.0457807715270055,21.60889791505997
2021-06-20 20:50:00,-13.4432034689244,-13.468780860725872,-13.448177202517616,-13.411284035838596,-13.458466062800234,-13.463813765943604,-13.397714661583068,8,0.6805555555555556,69.54818229029615,587.000796114409,1.0672741747534709,21.431116276029314
2021-06-20 20:55:00,-13.44800492130658,-13.481584629284455,-13.460832258967791,-13.435087897538253,-13.486560407814377,-13.43566910174782,-13.421587652386204,8,0.7083333333333334,65.63949652769072,603.7532271149208,1.097733140208947,21.185177830703115
2021-06-20 21:00:00,-13.446354731100367,-13.470579382644283,-13.447122300394575,-13.415027765688466,-13.461438850495329,-13.437034027183028,-13.423172569744397,8,0.7361111111111112,61.30302393660706,627.0153502079979,1.1400279094690873,20.854688932533097
2021-06-20 21:05:00,-13.474966187568372,-13.517828691077984,-13.445334560718276,-13.447269368745946,-13.473140648592592,-13.432713458215767,-13.447561095743344,8,0.7638888888888888,56.58963198367853,658.8812958918048,1.1979659925305544,20.42121190802138
2021-06-20 21:10:00,-13.47934912719705,-13.497699259808918,-13.495042549492377,-13.455756525418744,-13.518163003491944,-13.428758332148997,-13.462956138001108,8,0.7916666666666666,51.55598805017223,702.2327649706286,1.276786845401143,19.863792666931527
2021-06-20 21:15:00,-13.463593988458952,-13.478081016272286,-13.46415216417222,-13.4356100948606,-13.472965448839492,-13.44214978437495,-13.459720310796191,8,0.8194444444444444,46.26470858801082,761.2019950774787,1.3840036274135976,19.158055250843958
2021-06-20 21:20:00,-13.466388361643215,-13.49243057762886,-13.45898873988292,-13.450205138569384,-13.492669720274668,-13.462719354466236,-13.463813765943604,8,0.8472222222222222,40.784883744963764,841.9816786935072,1.5308757794427403,18.27465717160573
2021-06-20 21:25:00,-13.438286699602417,-13.451032489436605,-13.429565180003731,-13.403076477676429,-13.431036924805456,-13.514540353157775,-13.43566910174782,8,0.875,35.19335896718734,954.3017862880093,1.7350941568872897,17.176784347000584
2021-06-20 21:30:00,-13.438122494357096,-13.461921233704334,-13.431324490245364,-13.41028693393283,-13.428281813826256,-13.529186862066624,-13.437034027183028,8,0.9027777777777778,29.577662225059694,1114.256147375883,2.025920267956151,15.816257000944784
2021-06-20 21:35:00,-13.474497883324172,-13.497187419807023,-13.493967670076104,-13.466468185404262,-13.477923808294552,-13.52289501965134,-13.432713458215767,8,0.9305555555555556,24.04301710572996,1349.950291052939,2.4544550746417078,14.128175499124907
2021-06-20 21:40:00,-13.47543051925158,-13.487070095297794,-13.485837102544798,-13.45660281538867,-13.483661469364849,-13.524344077604278,-13.428758332148997,8,0.9583333333333334,18.732096909021678,1712.6296804120188,3.113872146203671,12.028290858350662
2021-06-20 21:45:00,-13.493711524849571,-13.51155498090978,-13.474959048407412,-13.461476898761353,-13.47722120018587,-13.516753356760535,-13.44214978437495,8,0.9861111111111112,13.908664235895909,2288.093132953492,4.160169332642712,9.459771369219304
2021-06-20 21:50:00,-13.530082480122374,-13.541423579402585,-13.55713826644016,-13.515492139518736,-13.51220323700898,-13.506137946875873,-13.462719354466236,9,0.013888888888888888,13.908664235895905,2288.0931329534924,4.160169332642714,9.459771369219304
2021-06-20 21:55:00,-13.551620491890956,-13.562869895735847,-13.578605310023963,-13.556086878925065,-13.569320740783107,-13.458621683243113,-13.514540353157775,9,0.041666666666666664,18.732096909021678,1712.6296804120188,3.113872146203671,12.028290858350662
2021-06-20 22:00:00,-13.54785591790815,-13.536630692561037,-13.550979870090242,-13.527419105135378,-13.519974963796296,-13.434661263387184,-13.529186862066624,9,0.06944444444444445,24.04301710572997,1349.9502910529386,2.454455074641707,14.128175499124909
2021-06-20 22:05:00,-13.529453881406534,-13.53248300682016,-13.534218792042848,-13.51186908756701,-13.516080511057014,-13.439894692706034,-13.52289501965134,9,0.09722222222222222,29.57766222505968,1114.2561473758838,2.0259202679561525,15.81625700094478
2021-06-20 22:10:00,-13.511377398640803,-13.515102649213183,-13.502505888514136,-13.484556378683736,-13.490369870964072,-13.437627825101508,-13.524344077604278,9,0.125,35.193358967187336,954.3017862880095,1.73509415688729,17.176784347000584
2021-06-20 22:15:00,-13.49854126173882,-13.505075149978168,-13.49143870067515,-13.473807362813591,-13.47828410467503,-13.405484649239153,-13.516753356760535,9,0.1527777777777778,40.784883744963764,841.9816786935072,1.5308757794427403,18.27465717160573
2021-06-20 22:20:00,-13.508842546723868,-13.531084165272617,-13.503632772860854,-13.504698167924047,-13.504524552833889,-13.330854075796273,-13.506137946875873,9,0.18055555555555555,46.2647085880108,761.2019950774791,1.3840036274135983,19.15805525084395
2021-06-20 22:25:00,-13.49372696849846,-13.495550368006796,-13.47479654140466,-13.468508002793532,-13.419058188686718,-13.330230997958884,-13.458621683243113,9,0.20833333333333334,51.55598805017222,702.2327649706288,1.2767868454011433,19.863792666931527
2021-06-20 22:30:00,-13.484171596353198,-13.477419199465343,-13.462708267277478,-13.436797378126432,-13.386769096624716,-13.312898129181312,-13.434661263387184,9,0.2361111111111111,56.589631983678515,658.8812958918049,1.1979659925305546,20.421211908021377
2021-06-20 22:35:00,-13.50982379473114,-13.515344014209576,-13.513162717708116,-13.487332013955646,-13.445791070854128,-13.325919784318248,-13.439894692706034,9,0.2638888888888889,61.30302393660706,627.0153502079979,1.1400279094690873,20.854688932533097
2021-06-20 22:40:00,-13.504877376583622,-13.495677132330494,-13.49931039025413,-13.473088343811932,-13.468578342201502,-13.29339485370386,-13.437627825101508,9,0.2916666666666667,65.63949652769072,603.7532271149208,1.097733140208947,21.185177830703115
2021-06-20 22:45:00,-13.452373328194971,-13.432475730429898,-13.420662783487929,-13.39097679833754,-13.36396688728495,-13.25792082174387,-13.405484649239153,9,0.3194444444444444,69.54818229029615,587.000796114409,1.0672741747534709,21.431116276029314
2021-06-20 22:50:00,-13.40271756605875,-13.362497559604575,-13.335735491869595,-13.294164985354426,-13.278265407860454,-13.250352268008546,-13.330854075796273,9,0.3472222222222222,72.98405557930008,575.1794243398531,1.0457807715270055,21.60889791505997
2021-06-20 22:55:00,-13.42914116636179,-13.406155194131752,-13.37501943879903,-13.363920306917436,-13.3268373186986,-13.26225067334679,-13.330230997958884,9,0.375,75.90806788230319,567.06508111847,1.0310274202154,21.733044318665424
2021-06-20 23:00:00,-13.410726786935074,-13.368513558289369,-13.37234590161575,-13.321576281352938,-13.315276097649932,-13.244136943732878,-13.312898129181312,9,0.4027777777777778,78.28732091574973,561.6956771060345,1.0212648674655171,21.816168916637658
2021-06-20 23:05:00,-13.495095099605026,-13.468776025620391,-13.49020522957299,-13.494808842602408,-13.376258252686792,-13.175636500759907,-13.325919784318248,9,0.4305555555555556,80.09524395594458,558.321757226534,1.0151304676846076,21.86880622268163
2021-06-20 23:10:00,-13.436345407541063,-13.382640999308911,-13.424222241752824,-13.389445766788397,-13.303297935789782,-13.24275715299624,-13.29339485370386,9,0.4583333333333333,81.31175430298669,556.3845700490554,1.0116083091801007,21.899171826367546
2021-06-20 23:15:00,-13.362880302806758,-13.309585518735298,-13.300563040166706,-13.26173810030762,-13.190552656786892,-13.333917912553996,-13.25792082174387,9,0.4861111111111111,81.92338730807863,555.5100547469376,1.0100182813580683,21.91291439402028
2021-06-20 23:20:00,-13.354925905452872,-13.294755346809978,-13.241058132637283,-13.217703690070277,-13.205500971294818,-13.410057434032204,-13.250352268008546,9,0.5138888888888888,81.92338730807863,555.5100547469376,1.0100182813580683,21.91291439402028
2021-06-20 23:25:00,-13.423882324283134,-13.38794220462,-13.39929081241142,-13.362549558936289,-13.298995154300568,-13.426502971523526,-13.26225067334679,9,0.5416666666666666,81.3117543029867,556.3845700490554,1.0116083091801007,21.899171826367546
2021-06-20 23:30:00,-13.368992115154612,-13.307198797923862,-13.320591333375775,-13.291685583919469,-13.22421008349015,-13.50153822644739,-13.244136943732878,9,0.5694444444444444,80.09524395594458,558.321757226534,1.0151304676846076,21.86880622268163
2021-06-20 23:35:00,-13.365954912364836,-13.317499220433408,-13.30388351962972,-13.272091052210149,-13.232491910006702,-13.576267677769351,-13.175636500759907,9,0.5972222222222222,78.28732091574973,561.6956771060345,1.0212648674655171,21.816168916637658
2021-06-20 23:40:00,-13.488562159446362,-13.449421481436964,-13.479034686091758,-13.4891042740919,-13.381156394950136,-13.57502648688718,-13.24275715299624,9,0.625,75.90806788230319,567.06508111847,1.0310274202154,21.733044318665424
2021-06-20 23:45:00,-13.500300891820675,-13.464903474726958,-13.50550577539932,-13.497805265763324,-13.399057394468022,-13.569409794478869,-13.333917912553996,9,0.6527777777777778,72.98405557930008,575.1794243398531,1.0457807715270055,21.60889791505997
2021-06-20 23:50:00,-13.496806004481714,-13.468390322968505,-13.477810852902326,-13.466952714270857,-13.40093658664178,-13.596432164762094,-13.410057434032204,9,0.6805555555555556,69.54818229029615,587.000796114409,1.0672741747534709,21.431116276029314
2021-06-20 23:55:00,-13.508730128336117,-13.48785538617168,-13.472505356856558,-13.485286157764827,-13.441326352077564,-13.592441256569993,-13.426502971523526,9,0.7083333333333334,65.63949652769072,603.7532271149208,1.097733140208947,21.185177830703115
2021-06-21 00:00:00,-13.550603981498726,-13.511716192649756,-13.514940989386806,-13.532281229027774,-13.473285376295031,-13.572202908292242,-13.50153822644739,9,0.7361111111111112,61.30302393660706,627.0153502079979,1.1400279094690873,20.854688932533097
2021-06-21 00:05:00,-13.567915500941185,-13.539970106222276,-13.527109957749284,-13.572183419845722,-13.517454461074973,-13.56355161543054,-13.576267677769351,9,0.7638888888888888,56.58963198367853,658.8812958918048,1.1979659925305544,20.42121190802138
2021-06-21 00:10:00,-13.562745741634672,-13.562363618996198,-13.531088770165551,-13.583155596964728,-13.538182971768755,-13.525252456558151,-13.57502648688718,9,0.7916666666666666,51.55598805017223,702.2327649706286,1.276786845401143,19.863792666931527
2021-06-21 00:15:00,-13.554152892305249,-13.571688072935173,-13.51406043289808,-13.560346067645238,-13.52901721590291,-13.51754557374219,-13.569409794478869,9,0.8194444444444444,46.26470858801082,761.2019950774787,1.3840036274135976,19.158055250843958
2021-06-21 00:20:00,-13.605443248802098,-13.614186756529255,-13.549862548239382,-13.6019797789506,-13.494063178729162,-13.545692351427652,-13.596432164762094,9,0.8472222222222222,40.784883744963764,841.9816786935072,1.5308757794427403,18.27465717160573
2021-06-21 00:25:00,-13.547904777137278,-13.580627518049052,-13.537535586074164,-13.531417594994664,-13.502650324544096,-13.550087119692884,-13.592441256569993,9,0.875,35.19335896718734,954.3017862880093,1.7350941568872897,17.176784347000584
2021-06-21 00:30:00,-13.538665628843116,-13.60249132297426,-13.533377376001829,-13.530400026948955,-13.47774455056858,-13.56491654813484,-13.572202908292242,9,0.9027777777777778,29.577662225059694,1114.256147375883,2.025920267956151,15.816257000944784
2021-06-21 00:35:00,-13.585810387149284,-13.629705435911044,-13.572266563766387,-13.574249078871464,-13.449276795043197,-13.563349207450909,-13.56355161543054,9,0.9305555555555556,24.04301710572996,1349.950291052939,2.4544550746417078,14.128175499124907
2021-06-21 00:40:00,-13.538821801737296,-13.569314368603507,-13.536159291772728,-13.519523929107049,-13.4215804705193,-13.622558131927192,-13.525252456558151,9,0.9583333333333334,18.732096909021678,1712.6296804120188,3.113872146203671,12.028290858350662
2021-06-21 00:45:00,-13.545035846652056,-13.58558402153543,-13.554929253571132,-13.548756170012634,-13.433129021533547,-13.627305971091424,-13.51754557374219,9,0.9861111111111112,13.908664235895909,2288.093132953492,4.160169332642712,9.459771369219304
2021-06-21 00:50:00,-13.63405845248912,-13.668763374608655,-13.65393208841054,-13.691604731163103,-13.54313001324126,-13.558699828192731,-13.545692351427652,10,0.013888888888888888,13.908664235895905,2288.0931329534924,4.160169332642714,9.459771369219304
2021-06-21 00:55:00,-13.586400281563186,-13.595626477797037,-13.615408699732166,-13.590290076629172,-13.50284569876466,-13.549564867852316,-13.550087119692884,10,0.041666666666666664,18.732096909021678,1712.6296804120188,3.113872146203671,12.028290858350662
2021-06-21 01:00:00,-13.586162858347862,-13.59631569353503,-13.579410260644629,-13.577384668876338,-13.523643020538968,-13.51441132125099,-13.56491654813484,10,0.06944444444444445,24.04301710572997,1349.9502910529386,2.454455074641707,14.128175499124909
2021-06-21 01:05:00,-13.609166596106634,-13.602084899474226,-13.591884182124778,-13.59211843601422,-13.517191348874192,-13.483113392697591,-13.563349207450909,10,0.09722222222222222,29.57766222505968,1114.2561473758838,2.0259202679561525,15.81625700094478
2021-06-21 01:10:00,-13.636115839283551,-13.653546668884765,-13.650404279789864,-13.67135406176754,-13.556789429789612,-13.416897449884583,-13.622558131927192,10,0.125,35.193358967187336,954.3017862880095,1.73509415688729,17.176784347000584
2021-06-21 01:15:00,-13.622578834312757,-13.601456263488291,-13.611126257173712,-13.579487080451733,-13.571528561520385,-13.394966361746867,-13.627305971091424,10,0.1527777777777778,40.784883744963764,841.9816786935072,1.5308757794427403,18.27465717160573
2021-06-21 01:20:00,-13.560375325756857,-13.567256702377074,-13.54787566440758,-13.51869387102861,-13.500248299910725,-13.401670816226932,-13.558699828192731,10,0.18055555555555555,46.2647085880108,761.2019950774791,1.3840036274135983,19.15805525084395
2021-06-21 01:25:00,-13.5673283397074,-13.573824423456603,-13.53485964282009,-13.52526325843489,-13.51857990614067,-13.394066215044276,-13.549564867852316,10,0.20833333333333334,51.55598805017222,702.2327649706288,1.2767868454011433,19.863792666931527
2021-06-21 01:30:00,-13.53852091204432,-13.535608096661615,-13.492993749317655,-13.48677602624029,-13.460663746783062,-13.40395042655684,-13.51441132125099,10,0.2361111111111111,56.589631983678515,658.8812958918049,1.1979659925305546,20.421211908021377
2021-06-21 01:35:00,-13.5116295236029,-13.536737603320084,-13.4932786688066,-13.48595900165108,-13.432009842428648,-13.472636160605507,-13.483113392697591,10,0.2638888888888889,61.30302393660706,627.0153502079979,1.1400279094690873,20.854688932533097
2021-06-21 01:40:00,-13.50545691980474,-13.523272080290557,-13.481412436487494,-13.469670047757864,-13.402119661100995,-13.507374601842107,-13.416897449884583,10,0.2916666666666667,65.63949652769072,603.7532271149208,1.097733140208947,21.185177830703115
2021-06-21 01:45:00,-13.51743020410144,-13.511109795258085,-13.48012895400448,-13.473395939246018,-13.391367548595936,-13.477814149437387,-13.394966361746867,10,0.3194444444444444,69.54818229029615,587.000796114409,1.0672741747534709,21.431116276029314
2021-06-21 01:50:00,-13.513333935813854,-13.525473253025806,-13.524444809102851,-13.49914400609727,-13.404127043783673,-13.485985213557132,-13.401670816226932,10,0.3472222222222222,72.98405557930008,575.1794243398531,1.0457807715270055,21.60889791505997
2021-06-21 01:55:00,-13.490906711880418,-13.51271082949754,-13.494180458324902,-13.46195119819252,-13.40429857991236,-13.528117643458904,-13.394066215044276,10,0.375,75.90806788230319,567.06508111847,1.0310274202154,21.733044318665424
2021-06-21 02:00:00,-13.477104712012965,-13.503994435243602,-13.485437313165455,-13.454863909499664,-13.411739197557129,-13.485316105986255,-13.40395042655684,10,0.4027777777777778,78.28732091574973,561.6956771060345,1.0212648674655171,21.816168916637658
2021-06-21 02:05:00,-13.58008576320276,-13.609621636401652,-13.618861156903142,-13.65582888633494,-13.494223971133884,-13.41778381438106,-13.472636160605507,10,0.4305555555555556,80.09524395594458,558.321757226534,1.0151304676846076,21.86880622268163
2021-06-21 02:10:00,-13.552947959674194,-13.557185148754243,-13.603178060358765,-13.566128364599855,-13.47922504191013,-13.344277043188168,-13.507374601842107,10,0.4583333333333333,81.31175430298669,556.3845700490554,1.0116083091801007,21.899171826367546
2021-06-21 02:15:00,-13.443918279119446,-13.46963482419092,-13.449526314034356,-13.396426076194624,-13.403249634813536,-13.353339890461177,-13.477814149437387,10,0.4861111111111111,81.92338730807863,555.5100547469376,1.0100182813580683,21.91291439402028
2021-06-21 02:20:00,-13.51316682111284,-13.537034741872509,-13.536817192214764,-13.503981027983718,-13.435861710985971,-13.313956247879355,-13.485985213557132,10,0.5138888888888888,81.92338730807863,555.5100547469376,1.0100182813580683,21.91291439402028
2021-06-21 02:25:00,-13.552802323334747,-13.583311001590063,-13.60474935543095,-13.59138586378297,-13.50271241443668,-13.315015864011189,-13.528117643458904,10,0.5416666666666666,81.3117543029867,556.3845700490554,1.0116083091801007,21.899171826367546
2021-06-21 02:30:00,-13.416825718444722,-13.45175800098882,-13.4136599980367,-13.397286824396602,-13.336764621412575,-13.378294937095662,-13.485316105986255,10,0.5694444444444444,80.09524395594458,558.321757226534,1.0151304676846076,21.86880622268163
2021-06-21 02:35:00,-13.46181835546213,-13.511711588819876,-13.459020146012422,-13.458884424719994,-13.395589163358608,-13.406376138448344,-13.41778381438106,10,0.5972222222222222,78.28732091574973,561.6956771060345,1.0212648674655171,21.816168916637658
2021-06-21 02:40:00,-13.41566914710972,-13.427006452805028,-13.376237208653714,-13.347710397174714,-13.292194624177954,-13.489513957903554,-13.344277043188168,10,0.625,75.90806788230319,567.06508111847,1.0310274202154,21.733044318665424
2021-06-21 02:45:00,-13.424211323570551,-13.451369674804363,-13.409518561403509,-13.377040305654887,-13.320602789471158,-13.539327083873124,-13.353339890461177,10,0.6527777777777778,72.98405557930008,575.1794243398531,1.0457807715270055,21.60889791505997
2021-06-21 02:50:00,-13.4298513425081,-13.438852114315914,-13.412770653210844,-13.373225665773006,-13.304376960408078,-13.565505512104448,-13.313956247879355,10,0.6805555555555556,69.54818229029615,587.000796114409,1.0672741747534709,21.431116276029314
2021-06-21 02:55:00,-13.494606674502949,-13.54186673235859,-13.55390287174646,-13.566402060604492,-13.441678728777893,-13.486762825561856,-13.315015864011189,10,0.7083333333333334,65.63949652769072,603.7532271149208,1.097733140208947,21.185177830703115
2021-06-21 03:00:00,-13.534445108079405,-13.511347481526988,-13.54064199065838,-13.510857024044292,-13.39228780888731,-13.44565928941176,-13.378294937095662,10,0.7361111111111112,61.30302393660706,627.0153502079979,1.1400279094690873,20.854688932533097
2021-06-21 03:05:00,-13.529986426287111,-13.527416813653872,-13.540346756322135,-13.530906897382271,-13.372803353099542,-13.458230336918838,-13.406376138448344,10,0.7638888888888888,56.58963198367853,658.8812958918048,1.1979659925305544,20.42121190802138
2021-06-21 03:10:00,-13.54775687283986,-13.5613002137947,-13.564473802032367,-13.573707720211916,-13.454824060315094,-13.503562699683528,-13.489513957903554,10,0.7916666666666666,51.55598805017223,702.2327649706286,1.276786845401143,19.863792666931527
2021-06-21 03:15:00,-13.55548473608431,-13.563130478288995,-13.57665492432345,-13.574839656580393,-13.49883728113744,-13.534684083246734,-13.539327083873124,10,0.8194444444444444,46.26470858801082,761.2019950774787,1.3840036274135976,19.158055250843958
2021-06-21 03:20:00,-13.521232599191016,-13.520992974906006,-13.52632812648862,-13.49945285363315,-13.442983695074297,-13.565153782353669,-13.565505512104448,10,0.8472222222222222,40.784883744963764,841.9816786935072,1.5308757794427403,18.27465717160573
2021-06-21 03:25:00,-13.412303977244164,-13.455790435594382,-13.413800887656423,-13.373025518482248,-13.371206790649468,-13.660575417061882,-13.486762825561856,10,0.875,35.19335896718734,954.3017862880093,1.7350941568872897,17.176784347000584
2021-06-21 03:30:00,-13.43249767146485,-13.463045753482714,-13.418817625221898,-13.369976728753358,-13.287037912898862,-13.770261264379258,-13.44565928941176,10,0.9027777777777778,29.577662225059694,1114.256147375883,2.025920267956151,15.816257000944784
2021-06-21 03:35:00,-13.505915686994918,-13.56226020989426,-13.557976909321038,-13.547264173509303,-13.404393398001291,-13.774466378293884,-13.458230336918838,10,0.9305555555555556,24.04301710572996,1349.950291052939,2.4544550746417078,14.128175499124907
2021-06-21 03:40:00,-13.592171783910164,-13.65756843590335,-13.606623415622892,-13.704001098657448,-13.589190553160002,-13.740008827649742,-13.503562699683528,10,0.9583333333333334,18.732096909021678,1712.6296804120188,3.113872146203671,12.028290858350662
2021-06-21 03:45:00,-13.607983230883574,-13.657568479267525,-13.612741188629514,-13.66315023265165,-13.56955247956532,-13.715286370281705,-13.534684083246734,10,0.9861111111111112,13.908664235895909,2288.093132953492,4.160169332642712,9.459771369219304
2021-06-21 03:50:00,-13.617299362539498,-13.636246401294782,-13.598749596198772,-13.611321090755256,-13.50919289352912,-13.747569734296016,-13.565153782353669,11,0.013888888888888888,13.908664235895905,2288.0931329534924,4.160169332642714,9.459771369219304
2021-06-21 03:55:00,-13.647696265283995,-13.681714996031149,-13.626512563795291,-13.69560340274979,-13.574990286788829,-13.729122076947563,-13.660575417061882,11,0.041666666666666664,18.732096909021678,1712.6296804120188,3.113872146203671,12.028290858350662
2021-06-21 04:00:00,-13.68957761288464,-13.735138690797738,-13.670254262072724,-13.774585504240024,-13.66381503510039,-13.664829146690922,-13.770261264379258,11,0.06944444444444445,24.04301710572997,1349.9502910529386,2.454455074641707,14.128175499124909
2021-06-21 04:05:00,-13.638354779021036,-13.674735373110847,-13.608485917952112,-13.65249071389213,-13.638311964045275,-13.701536846018666,-13.774466378293884,11,0.09722222222222222,29.57766222505968,1114.2561473758838,2.0259202679561525,15.81625700094478
2021-06-21 04:10:00,-13.640812038789417,-13.683477894280042,-13.595225487547989,-13.66351502496804,-13.692095293379422,-13.70790653681814,-13.740008827649742,11,0.125,35.193358967187336,954.3017862880095,1.73509415688729,17.176784347000584
2021-06-21 04:15:00,-13.633571902813824,-13.668254712839396,-13.60225212290337,-13.646154184708852,-13.688995707207305,-13.713387682392328,-13.715286370281705,11,0.1527777777777778,40.784883744963764,841.9816786935072,1.5308757794427403,18.27465717160573
2021-06-21 04:20:00,-13.653965293641312,-13.73428936007202,-13.641280808255765,-13.729732855474428,-13.648743029654003,-13.691166564591144,-13.747569734296016,11,0.18055555555555555,46.2647085880108,761.2019950774791,1.3840036274135983,19.15805525084395
2021-06-21 04:25:00,-13.635049361125043,-13.726029901354284,-13.665972371965568,-13.691902124420876,-13.6788969410556,-13.707739071383244,-13.729122076947563,11,0.20833333333333334,51.55598805017222,702.2327649706288,1.2767868454011433,19.863792666931527
2021-06-21 04:30:00,-13.612227874142546,-13.71062983744503,-13.652721231466202,-13.671919917280787,-13.599501402458184,-13.726241755788829,-13.664829146690922,11,0.2361111111111111,56.589631983678515,658.8812958918049,1.1979659925305546,20.421211908021377
2021-06-21 04:35:00,-13.686868217250524,-13.787353753741757,-13.689496228085217,-13.801413615200293,-13.629042994284552,-13.695281876093118,-13.701536846018666,11,0.2638888888888889,61.30302393660706,627.0153502079979,1.1400279094690873,20.854688932533097
2021-06-21 04:40:00,-13.674909972713564,-13.747769142687662,-13.714999560827788,-13.721445577135832,-13.62054390902513,-13.685379491840417,-13.70790653681814,11,0.2916666666666667,65.63949652769072,603.7532271149208,1.097733140208947,21.185177830703115
2021-06-21 04:45:00,-13.648117960084296,-13.74051402716548,-13.686172826445588,-13.72529972455477,-13.647358659386851,-13.675591624926955,-13.713387682392328,11,0.3194444444444444,69.54818229029615,587.000796114409,1.0672741747534709,21.431116276029314
2021-06-21 04:50:00,-13.680258064753572,-13.744750851581138,-13.687290042894553,-13.741942610734869,-13.64011086178402,-13.672225335620606,-13.691166564591144,11,0.3472222222222222,72.98405557930008,575.1794243398531,1.0457807715270055,21.60889791505997
2021-06-21 04:55:00,-13.694773853508076,-13.753296658399158,-13.708337434294048,-13.766599064710732,-13.671579825352794,-13.655397698095191,-13.707739071383244,11,0.375,75.90806788230319,567.06508111847,1.0310274202154,21.733044318665424
2021-06-21 05:00:00,-13.660721133361386,-13.721202225603584,-13.699100521246924,-13.728262971561294,-13.6931194508607,-13.68612733644248,-13.726241755788829,11,0.4027777777777778,78.28732091574973,561.6956771060345,1.0212648674655171,21.816168916637658
2021-06-21 05:05:00,-13.662992086197894,-13.731088737065598,-13.685898054614736,-13.748734708706058,-13.61743285221944,-13.697080584835362,-13.695281876093118,11,0.4305555555555556,80.09524395594458,558.321757226534,1.0151304676846076,21.86880622268163
2021-06-21 05:10:00,-13.658012813553484,-13.724701454317008,-13.67917342839312,-13.741586744868435,-13.667102789092969,-13.7051940590873,-13.685379491840417,11,0.4583333333333333,81.31175430298669,556.3845700490554,1.0116083091801007,21.899171826367546
2021-06-21 05:15:00,-13.640222718634105,-13.692136057674716,-13.643515052157197,-13.693311253229188,-13.635006051850754,-13.738920992887028,-13.675591624926955,11,0.4861111111111111,81.92338730807863,555.5100547469376,1.0100182813580683,21.91291439402028
2021-06-21 05:20:00,-13.634939888538469,-13.698336469739791,-13.641506818990282,-13.703850701060084,-13.605763597865211,-13.7573862996007,-13.672225335620606,11,0.5138888888888888,81.92338730807863,555.5100547469376,1.0100182813580683,21.91291439402028
2021-06-21 05:25:00,-13.61948609562912,-13.70154339500627,-13.648171475169448,-13.639369821055862,-13.62851688618853,-13.786817677392694,-13.655397698095191,11,0.5416666666666666,81.3117543029867,556.3845700490554,1.0116083091801007,21.899171826367546
2021-06-21 05:30:00,-13.677771423298942,-13.746067734838494,-13.727178320662652,-13.744516045196384,-13.576920319020392,-13.781137547583118,-13.68612733644248,11,0.5694444444444444,80.09524395594458,558.321757226534,1.0151304676846076,21.86880622268163
2021-06-21 05:35:00,-13.675819860004868,-13.735597888498386,-13.748663442488342,-13.703572338295782,-13.612951338196444,-13.775299911000236,-13.697080584835362,11,0.5972222222222222,78.28732091574973,561.6956771060345,1.0212648674655171,21.816168916637658
2021-06-21 05:40:00,-13.648173612283689,-13.730328389626369,-13.698403851081082,-13.676756773795304,-13.652464370688028,-13.809572419535224,-13.7051940590873,11,0.625,75.90806788230319,567.06508111847,1.0310274202154,21.733044318665424
2021-06-21 05:45:00,-13.67628357018036,-13.75577087366042,-13.710280870738734,-13.708023002275125,-13.644210341194787,-13.810194334317243,-13.738920992887028,11,0.6527777777777778,72.98405557930008,575.1794243398531,1.0457807715270055,21.60889791505997
2021-06-21 05:50:00,-13.665623673427843,-13.748073270099574,-13.719509729627427,-13.66039917055895,-13.635447998352662,-13.791607895386925,-13.7573862996007,11,0.6805555555555556,69.54818229029615,587.000796114409,1.0672741747534709,21.431116276029314
2021-06-21 05:55:00,-13.671871388795532,-13.767986128032293,-13.71150703639936,-13.663244934435046,-13.669574805126336,-13.700134724618948,-13.786817677392694,11,0.7083333333333334,65.63949652769072,603.7532271149208,1.097733140208947,21.185177830703115
2021-06-21 06:00:00,-13.684735697079274,-13.767957594405338,-13.695064210280869,-13.643167342216536,-13.685069610275622,-13.569981552498112,-13.781137547583118,11,0.7361111111111112,61.30302393660706,627.0153502079979,1.1400279094690873,20.854688932533097
2021-06-21 06:05:00,-13.660579109762676,-13.754484142959203,-13.648537837610585,-13.619889544998324,-13.663492403541117,-13.475230142984296,-13.775299911000236,11,0.7638888888888888,56.58963198367853,658.8812958918048,1.1979659925305544,20.42121190802138
2021-06-21 06:10:00,-13.701647786962646,-13.817232103753344,-13.688379869389586,-13.74566310855375,-13.6010551426634,-13.346971333640685,-13.809572419535224,11,0.7916666666666666,51.55598805017223,702.2327649706286,1.276786845401143,19.863792666931527
2021-06-21 06:15:00,-13.677234120794994,-13.799827718779902,-13.71381978653818,-13.725647623491929,-13.688540312877697,-13.227631617926512,-13.810194334317243,11,0.8194444444444444,46.26470858801082,761.2019950774787,1.3840036274135976,19.158055250843958
2021-06-21 06:20:00,-13.610000259656712,-13.765087955689692,-13.631866805490564,-13.648203023046324,-13.664605316685218,-13.138847314865398,-13.791607895386925,11,0.8472222222222222,40.784883744963764,841.9816786935072,1.5308757794427403,18.27465717160573
2021-06-21 06:25:00,-13.504773799233943,-13.64067187432512,-13.45102950494561,-13.392700947961556,-13.511600105571167,-13.06847967372716,-13.700134724618948,11,0.875,35.19335896718734,954.3017862880093,1.7350941568872897,17.176784347000584
2021-06-21 06:30:00,-13.372831230082909,-13.5144129311735,-13.208645785782585,-13.122320210847253,-13.42605604569082,-13.094123125565272,-13.569981552498112,11,0.9027777777777778,29.577662225059694,1114.256147375883,2.025920267956151,15.816257000944784
2021-06-21 06:35:00,-13.345713169419229,-13.513627172327896,-13.142473314435572,-13.151495919992826,-13.293069329044355,-13.070935406985368,-13.475230142984296,11,0.9305555555555556,24.04301710572996,1349.950291052939,2.4544550746417078,14.128175499124907
2021-06-21 06:40:00,-13.319938306862644,-13.472984475411067,-13.151643860635724,-13.149940856812128,-13.21660128803907,-13.013542956922084,-13.346971333640685,11,0.9583333333333334,18.732096909021678,1712.6296804120188,3.113872146203671,12.028290858350662
2021-06-21 06:45:00,-13.273578556412115,-13.421406114189482,-13.097835162156349,-13.099314772120003,-13.169653365950406,-12.97997188707995,-13.227631617926512,11,0.9861111111111112,13.908664235895909,2288.093132953492,4.160169332642712,9.459771369219304
2021-06-21 06:50:00,-13.273060851391133,-13.39905283614232,-13.086015437513796,-13.107972091062337,-13.110295875688966,-12.951124275853882,-13.138847314865398,12,0.013888888888888888,13.908664235895905,2288.0931329534924,4.160169332642714,9.459771369219304
2021-06-21 06:55:00,-13.19411364156196,-13.29493869054062,-13.038977407710444,-12.95269504028206,-13.09980345890954,-12.917500926672927,-13.06847967372716,12,0.041666666666666664,18.732096909021678,1712.6296804120188,3.113872146203671,12.028290858350662
2021-06-21 07:00:00,-13.194426590685287,-13.360401451037273,-13.061463396833656,-13.063046169808512,-12.987659857525252,-12.83442696378459,-13.094123125565272,12,0.06944444444444445,24.04301710572997,1349.9502910529386,2.454455074641707,14.128175499124909
2021-06-21 07:05:00,-13.17481221434374,-13.299033107006556,-13.056241452686573,-13.024003767671866,-13.048969274535573,-12.853566726306562,-13.070935406985368,12,0.09722222222222222,29.57766222505968,1114.2561473758838,2.0259202679561525,15.81625700094478
2021-06-21 07:10:00,-13.090935597869093,-13.215688955614738,-12.979585578239242,-12.92570360727164,-12.947195416665702,-12.898845809323085,-13.013542956922084,12,0.125,35.193358967187336,954.3017862880095,1.73509415688729,17.176784347000584
2021-06-21 07:15:00,-13.106567294635273,-13.216110744487342,-12.985648469570652,-12.941208123933256,-12.935085742319735,-12.936746992455596,-12.97997188707995,12,0.1527777777777778,40.784883744963764,841.9816786935072,1.5308757794427403,18.27465717160573
2021-06-21 07:20:00,-13.08246521100089,-13.228279570282837,-13.017496240273008,-12.962322347401871,-12.888141745542944,-12.92479595886192,-12.951124275853882,12,0.18055555555555555,46.2647085880108,761.2019950774791,1.3840036274135983,19.15805525084395
2021-06-21 07:25:00,-12.974795360245016,-13.14404656894742,-12.953977832200948,-12.84038180727225,-12.900006771192103,-12.993603942750752,-12.917500926672927,12,0.20833333333333334,51.55598805017222,702.2327649706288,1.2767868454011433,19.863792666931527
2021-06-21 07:30:00,-12.976451260326176,-13.136420313908683,-12.944009924316411,-12.8166683876657,-12.893668584654929,-13.087314890200842,-12.83442696378459,12,0.2361111111111111,56.589631983678515,658.8812958918049,1.1979659925305546,20.421211908021377
2021-06-21 07:35:00,-13.057872376153693,-13.265677195914169,-13.015176177423555,-12.995050027643403,-12.857233781731251,-13.010404539238843,-12.853566726306562,12,0.2638888888888889,61.30302393660706,627.0153502079979,1.1400279094690873,20.854688932533097
2021-06-21 07:40:00,-13.05351147097243,-13.251095052613422,-13.032778497053666,-12.994435411033823,-12.944665189711133,-12.912251767030217,-12.898845809323085,12,0.2916666666666667,65.63949652769072,603.7532271149208,1.097733140208947,21.185177830703115
2021-06-21 07:45:00,-13.075598008729266,-13.260730774598407,-12.988489639378042,-13.019143824508284,-13.040513716623323,-12.834688127867627,-12.936746992455596,12,0.3194444444444444,69.54818229029615,587.000796114409,1.0672741747534709,21.431116276029314
2021-06-21 07:50:00,-13.029524268132093,-13.191972336824389,-12.939803676422802,-12.911364472089447,-12.970647381425373,-12.879527227038178,-12.92479595886192,12,0.3472222222222222,72.98405557930008,575.1794243398531,1.0457807715270055,21.60889791505997
2021-06-21 07:55:00,-13.07409563195677,-13.239164498503191,-12.95201825836302,-12.975872407669184,-13.010268636219012,-12.906928404454982,-12.993603942750752,12,0.375,75.90806788230319,567.06508111847,1.0310274202154,21.733044318665424
2021-06-21 08:00:00,-13.115887700519671,-13.286142209883373,-13.018010427051502,-13.081560383000438,-13.040368131167549,-12.899278175156391,-13.087314890200842,12,0.4027777777777778,78.28732091574973,561.6956771060345,1.0212648674655171,21.816168916637658
2021-06-21 08:05:00,-12.942284764288043,-13.112055834348284,-12.923829866919924,-12.86000406331392,-12.89486618276806,-12.978610705229212,-13.010404539238843,12,0.4305555555555556,80.09524395594458,558.321757226534,1.0151304676846076,21.86880622268163
2021-06-21 08:10:00,-12.89490223748449,-13.030466457649966,-12.84540893964508,-12.983124464962303,-12.855456865738978,-12.998478773023052,-12.912251767030217,12,0.4583333333333333,81.31175430298669,556.3845700490554,1.0116083091801007,21.899171826367546
2021-06-21 08:15:00,-12.96940814593004,-13.051658587645852,-12.86291164358286,-12.834411611453724,-12.895978121853291,-13.08608269119049,-12.834688127867627,12,0.4861111111111111,81.92338730807863,555.5100547469376,1.0100182813580683,21.91291439402028
2021-06-21 08:20:00,-12.981922272780464,-13.19614154203696,-12.899764681217114,-12.963642240787022,-12.933326911838446,-13.033212869157486,-12.879527227038178,12,0.5138888888888888,81.92338730807863,555.5100547469376,1.0100182813580683,21.91291439402028
2021-06-21 08:25:00,-12.997482499794238,-13.237511687439142,-12.953128278406894,-13.041971112229437,-12.972476402298163,-13.073447751963643,-12.906928404454982,12,0.5416666666666666,81.3117543029867,556.3845700490554,1.0116083091801007,21.899171826367546
2021-06-21 08:30:00,-13.07217478786262,-13.234677462799503,-12.97462910148006,-13.08096454973506,-12.998950275669516,-13.092243540860329,-12.899278175156391,12,0.5694444444444444,80.09524395594458,558.321757226534,1.0151304676846076,21.86880622268163
2021-06-21 08:35:00,-13.113739188337105,-13.21640099536335,-12.95244172682276,-13.075798374092908,-13.04570341506031,-13.08067198315707,-12.978610705229212,12,0.5972222222222222,78.28732091574973,561.6956771060345,1.0212648674655171,21.816168916637658
2021-06-21 08:40:00,-12.981823471226894,-13.02288735392386,-12.94968226165502,-12.885607331589044,-12.89768356809316,-13.08844569985943,-12.998478773023052,12,0.625,75.90806788230319,567.06508111847,1.0310274202154,21.733044318665424
2021-06-21 08:45:00,-13.018893389611025,-13.194178532576538,-12.922681000826737,-13.043237068921863,-13.002274287913217,-13.070966635022016,-13.08608269119049,12,0.6527777777777778,72.98405557930008,575.1794243398531,1.0457807715270055,21.60889791505997
2021-06-21 08:50:00,-13.008788851797052,-13.071096463318332,-12.991237415839324,-12.868830025284712,-13.0119587592044,-13.107432026301886,-13.033212869157486,12,0.6805555555555556,69.54818229029615,587.000796114409,1.0672741747534709,21.431116276029314
2021-06-21 08:55:00,-13.104260287082337,-13.274881878002615,-12.985499831094534,-13.194740761016751,-13.059780950013703,-13.13441322442506,-13.073447751963643,12,0.7083333333333334,65.63949652769072,603.7532271149208,1.097733140208947,21.185177830703115
2021-06-21 09:00:00,-13.128131155309422,-13.228924482289006,-13.03022623019986,-13.111291916306705,-13.063173873287994,-13.171279113821138,-13.092243540860329,12,0.7361111111111112,61.30302393660706,627.0153502079979,1.1400279094690873,20.854688932533097
2021-06-21 09:05:00,-13.059125859077293,-13.19890996876885,-13.081345857437684,-13.021123519204089,-13.0783173194104,-13.073567575743002,-13.08067198315707,12,0.7638888888888888,56.58963198367853,658.8812958918048,1.1979659925305544,20.42121190802138
2021-06-21 09:10:00,-12.988965736093212,-13.080826921570315,-12.945294926040503,-12.925661097597915,-12.982716988513886,-13.122323292943978,-13.08844569985943,12,0.7916666666666666,51.55598805017223,702.2327649706286,1.276786845401143,19.863792666931527
2021-06-21 09:15:00,-13.02746813162218,-13.190855767144704,-13.002536207982242,-13.04267359767212,-12.99618516968324,-13.00479116880743,-13.070966635022016,12,0.8194444444444444,46.26470858801082,761.2019950774787,1.3840036274135976,19.158055250843958
2021-06-21 09:20:00,-13.051736066952136,-13.177683320889903,-13.051813090293926,-13.023873999769105,-13.067189060260915,-12.894871881739368,-13.107432026301886,12,0.8472222222222222,40.784883744963764,841.9816786935072,1.5308757794427403,18.27465717160573
2021-06-21 09:25:00,-13.139634965037454,-13.361062306605008,-13.083385769325202,-13.291578684592892,-13.213897562299875,-12.797602304701332,-13.13441322442506,12,0.875,35.19335896718734,954.3017862880093,1.7350941568872897,17.176784347000584
2021-06-21 09:30:00,-13.16231716160136,-13.344404522627412,-13.1166803809062,-13.232865919536888,-13.183150390892903,-12.790070532592043,-13.171279113821138,12,0.9027777777777778,29.577662225059694,1114.256147375883,2.025920267956151,15.816257000944784
2021-06-21 09:35:00,-12.828956998080136,-13.061819160691984,-12.940789656611605,-13.044142769213842,-12.668325909139275,-12.82706604450896,-13.073567575743002,12,0.9305555555555556,24.04301710572996,1349.950291052939,2.4544550746417078,14.128175499124907
2021-06-21 09:40:00,-12.950613171172115,-13.172377974300131,-12.88977676878024,-12.943975032655354,-13.034634588040165,-12.747981652299051,-13.122323292943978,12,0.9583333333333334,18.732096909021678,1712.6296804120188,3.113872146203671,12.028290858350662
2021-06-21 09:45:00,-12.833603520583562,-12.974268221802852,-12.82995362022556,-12.954361524167076,-12.717649051978247,-12.811516168687968,-13.00479116880743,12,0.9861111111111112,13.908664235895909,2288.093132953492,4.160169332642712,9.459771369219304
2021-06-21 09:50:00,-12.813692536046617,-12.927071868253826,-12.76769346360411,-12.732926656537431,-12.709250919924829,-12.851039988518098,-12.894871881739368,13,0.013888888888888888,13.908664235895905,2288.0931329534924,4.160169332642714,9.459771369219304
2021-06-21 09:55:00,-12.954630597026622,-13.108267858050244,-12.80583900466958,-12.912971465692356,-13.013860296579429,-12.78692202540348,-12.797602304701332,13,0.041666666666666664,18.732096909021678,1712.6296804120188,3.113872146203671,12.028290858350662
2021-06-21 10:00:00,-13.01727142167024,-13.245640706719374,-13.027142185355103,-13.025973779931723,-13.162614089636987,-12.698657230099172,-12.790070532592043,13,0.06944444444444445,24.04301710572997,1349.9502910529386,2.454455074641707,14.128175499124909
2021-06-21 10:05:00,-12.867300781933196,-13.04913493722543,-13.003429783422002,-12.832838055692664,-12.795113249906814,-12.676993288510548,-12.82706604450896,13,0.09722222222222222,29.57766222505968,1114.2561473758838,2.0259202679561525,15.81625700094478
2021-06-21 10:10:00,-12.830767061150418,-12.969626115810428,-12.921669491572594,-13.044578914977098,-12.674837856148535,-12.727211693219564,-12.747981652299051,13,0.125,35.193358967187336,954.3017862880095,1.73509415688729,17.176784347000584
2021-06-21 10:15:00,-12.843516241490851,-13.02797434743928,-12.90673876827712,-12.84599006026004,-12.805139136101475,-12.772046082015873,-12.811516168687968,13,0.1527777777777778,40.784883744963764,841.9816786935072,1.5308757794427403,18.27465717160573
2021-06-21 10:20:00,-12.853484498291996,-12.94733490635199,-12.848831811595115,-12.807937156554686,-12.791787841996673,-12.817107615525682,-12.851039988518098,13,0.18055555555555555,46.2647085880108,761.2019950774791,1.3840036274135983,19.15805525084395
2021-06-21 10:25:00,-12.83922049648662,-12.928372330943697,-12.823610548855834,-12.807312421363395,-12.754595599264144,-12.789937013835718,-12.78692202540348,13,0.20833333333333334,51.55598805017222,702.2327649706288,1.2767868454011433,19.863792666931527
2021-06-21 10:30:00,-12.8396409410024,-13.00748332941998,-12.86947302044529,-12.885432000992216,-12.828406175057529,-12.70830192489675,-12.698657230099172,13,0.2361111111111111,56.589631983678515,658.8812958918049,1.1979659925305546,20.421211908021377
2021-06-21 10:35:00,-12.830859989274376,-12.899849516123847,-12.807637786102788,-12.860157237705977,-12.69046897138703,-12.736205832996667,-12.676993288510548,13,0.2638888888888889,61.30302393660706,627.0153502079979,1.1400279094690873,20.854688932533097
2021-06-21 10:40:00,-12.813103971877297,-12.950708639143825,-12.80083612200119,-12.849798485064795,-12.744480041500555,-12.731765869126718,-12.727211693219564,13,0.2916666666666667,65.63949652769072,603.7532271149208,1.097733140208947,21.185177830703115
2021-06-21 10:45:00,-12.889972162082175,-13.041612698387082,-12.93618901664247,-12.923617376704064,-12.862687290202242,-12.716586659051725,-12.772046082015873,13,0.3194444444444444,69.54818229029615,587.000796114409,1.0672741747534709,21.431116276029314
2021-06-21 10:50:00,-12.876329173690907,-13.006446694368998,-12.874608724036785,-12.906094784519478,-12.837191837159793,-12.70145763481589,-12.817107615525682,13,0.3472222222222222,72.98405557930008,575.1794243398531,1.0457807715270055,21.60889791505997
2021-06-21 10:55:00,-12.840425189237502,-12.848747958457835,-12.746097095532406,-12.795965071658838,-12.609362956335277,-12.747605636498356,-12.789937013835718,13,0.375,75.90806788230319,567.06508111847,1.0310274202154,21.733044318665424
2021-06-21 11:00:00,-12.76022449648473,-12.802085273352146,-12.68892443385742,-12.746804116891028,-12.536753467821132,-12.8145836690701,-12.70830192489675,13,0.4027777777777778,78.28732091574973,561.6956771060345,1.0212648674655171,21.816168916637658
2021-06-21 11:05:00,-12.832524088895887,-12.909728568947813,-12.822675743103254,-12.81716978083514,-12.755829019482633,-12.77702529650751,-12.736205832996667,13,0.4305555555555556,80.09524395594458,558.321757226534,1.0151304676846076,21.86880622268163
2021-06-21 11:10:00,-12.80404784124904,-12.886842865563658,-12.826754229364616,-12.810239366504227,-12.699309413397163,-12.75593939343712,-12.731765869126718,13,0.4583333333333333,81.31175430298669,556.3845700490554,1.0116083091801007,21.899171826367546
2021-06-21 11:15:00,-12.836240864937588,-12.935583099369884,-12.868737911299512,-12.875691528585028,-12.750141039049318,-12.732726145791872,-12.716586659051725,13,0.4861111111111111,81.92338730807863,555.5100547469376,1.0100182813580683,21.91291439402028
2021-06-21 11:20:00,-12.83230159640386,-12.89601889838735,-12.860204225142873,-12.875101452443728,-12.722293015759863,-12.708659680728156,-12.70145763481589,13,0.5138888888888888,81.92338730807863,555.5100547469376,1.0100182813580683,21.91291439402028
2021-06-21 11:25:00,-12.79933124465965,-12.861394917643596,-12.83134562304357,-12.817803471552764,-12.723417515843076,-12.700694205271883,-12.747605636498356,13,0.5416666666666666,81.3117543029867,556.3845700490554,1.0116083091801007,21.899171826367546
2021-06-21 11:30:00,-12.81725212515524,-12.87593764290954,-12.78941706993315,-12.835920152419677,-12.766516451571002,-12.675187703203434,-12.8145836690701,13,0.5694444444444444,80.09524395594458,558.321757226534,1.0151304676846076,21.86880622268163
2021-06-21 11:35:00,-12.731840246517546,-12.749471404548116,-12.74307088361586,-12.782663091101668,-12.672937423676109,-12.712672919583335,-12.77702529650751,13,0.5972222222222222,78.28732091574973,561.6956771060345,1.0212648674655171,21.816168916637658
2021-06-21 11:40:00,-12.735551556199017,-12.757402712101158,-12.725168495700627,-12.7428112315048,-12.70676954129574,-12.719838561862565,-12.75593939343712,13,0.625,75.90806788230319,567.06508111847,1.0310274202154,21.733044318665424
2021-06-21 11:45:00,-12.772141743319946,-12.787300402534663,-12.749966348132942,-12.758174553244658,-12.6831222413869,-12.693936562815992,-12.732726145791872,13,0.6527777777777778,72.98405557930008,575.1794243398531,1.0457807715270055,21.60889791505997
2021-06-21 11:50:00,-12.72909555215299,-12.72993543911246,-12.77204241839146,-12.703550843715677,-12.706949407808509,-12.655777762919318,-12.708659680728156,13,0.6805555555555556,69.54818229029615,587.000796114409,1.0672741747534709,21.431116276029314
2021-06-21 11:55:00,-12.742144161098093,-12.759662216878745,-12.784234204446452,-12.727572240383855,-12.738371558398692,-12.593589832036264,-12.700694205271883,13,0.7083333333333334,65.63949652769072,603.7532271149208,1.097733140208947,21.185177830703115
2021-06-21 12:00:00,-12.74172714759565,-12.743446906485085,-12.758221075459405,-12.715376325482303,-12.770665884209857,-12.564857305138927,-12.675187703203434,13,0.7361111111111112,61.30302393660706,627.0153502079979,1.1400279094690873,20.854688932533097
2021-06-21 12:05:00,-12.747512010541175,-12.753883333501223,-12.76661118243078,-12.709949334673722,-12.717003323637556,-12.565620618377396,-12.712672919583335,13,0.7638888888888888,56.58963198367853,658.8812958918048,1.1979659925305544,20.42121190802138
2021-06-21 12:10:00,-12.735393322516105,-12.7160652054678,-12.749063351944695,-12.661692190232916,-12.681228031260693,-12.60841087921047,-12.719838561862565,13,0.7916666666666666,51.55598805017223,702.2327649706286,1.276786845401143,19.863792666931527
2021-06-21 12:15:00,-12.685325707935638,-12.68804402742091,-12.717397076032624,-12.618908384357134,-12.646236928966164,-12.67520538164504,-12.693936562815992,13,0.8194444444444444,46.26470858801082,761.2019950774787,1.3840036274135976,19.158055250843958
2021-06-21 12:20:00,-12.616107630723809,-12.59873932566902,-12.633672732582118,-12.522389908476196,-12.573038585518855,-12.738578407796014,-12.655777762919318,13,0.8472222222222222,40.784883744963764,841.9816786935072,1.5308757794427403,18.27465717160573
2021-06-21 12:25:00,-12.567617526292654,-12.554900978171135,-12.57415785185291,-12.475898165779515,-12.487297155142445,-12.813722542875128,-12.593589832036264,13,0.875,35.19335896718734,954.3017862880093,1.7350941568872897,17.176784347000584
2021-06-21 12:30:00,-12.564537639370844,-12.603213699033695,-12.600202034418302,-12.521686841505828,-12.574400988577732,-12.868604392543189,-12.564857305138927,13,0.9027777777777778,29.577662225059694,1114.256147375883,2.025920267956151,15.816257000944784
2021-06-21 12:35:00,-12.64934042591196,-12.698716991555322,-12.761015723052044,-12.647781989870692,-12.68196424530907,-12.86446071702841,-12.565620618377396,13,0.9305555555555556,24.04301710572996,1349.950291052939,2.4544550746417078,14.128175499124907
2021-06-21 12:40:00,-12.755831461898907,-12.783576171573438,-12.845188773263787,-12.806788813836416,-12.836501214881867,-12.83936116803346,-12.60841087921047,13,0.9583333333333334,18.732096909021678,1712.6296804120188,3.113872146203671,12.028290858350662
2021-06-21 12:45:00,-12.792505330853617,-12.831597774276498,-12.8518023131595,-12.880602064657149,-12.947750426687636,-12.811739766082598,-12.67520538164504,13,0.9861111111111112,13.908664235895909,2288.093132953492,4.160169332642712,9.459771369219304
2021-06-21 12:50:00,-12.772595683830342,-12.764331150840585,-12.80740261630724,-12.790474112804976,-12.8371942214233,-12.82160073102598,-12.738578407796014,14,0.013888888888888888,13.908664235895905,2288.0931329534924,4.160169332642714,9.459771369219304
2021-06-21 12:55:00,-12.754819720033687,-12.77072655714457,-12.771207809858891,-12.775418477362903,-12.811797453628884,-12.843939361033978,-12.813722542875128,14,0.041666666666666664,18.732096909021678,1712.6296804120188,3.113872146203671,12.028290858350662
2021-06-21 13:00:00,-12.777346823164184,-12.79559093891094,-12.777030762867744,-12.77404676986108,-12.890912666806065,-12.838014466222065,-12.868604392543189,14,0.06944444444444445,24.04301710572997,1349.9502910529386,2.454455074641707,14.128175499124909
2021-06-21 13:05:00,-12.71948138755884,-12.743756873605856,-12.746891462349216,-12.756078204095372,-12.768203579688814,-12.82853416930085,-12.86446071702841,14,0.09722222222222222,29.57766222505968,1114.2561473758838,2.0259202679561525,15.81625700094478
2021-06-21 13:10:00,-12.721081170218463,-12.75841442720641,-12.733323956251375,-12.76077526135457,-12.75112033166975,-12.839659259124454,-12.83936116803346,14,0.125,35.193358967187336,954.3017862880095,1.73509415688729,17.176784347000584
2021-06-21 13:15:00,-12.741783323169958,-12.792817019383586,-12.758809232559347,-12.782480200644942,-12.812649275380908,-12.849769932055494,-12.811739766082598,14,0.1527777777777778,40.784883744963764,841.9816786935072,1.5308757794427403,18.27465717160573
2021-06-21 13:20:00,-12.759738804562769,-12.816577811813232,-12.79399031994835,-12.772250198233076,-12.820391211595318,-12.85848807879361,-12.82160073102598,14,0.18055555555555555,46.2647085880108,761.2019950774791,1.3840036274135983,19.15805525084395
2021-06-21 13:25:00,-12.794377501080584,-12.865509483996044,-12.797055959441892,-12.805286902286069,-12.81947530549248,-12.859169047711974,-12.843939361033978,14,0.20833333333333334,51.55598805017222,702.2327649706288,1.2767868454011433,19.863792666931527
2021-06-21 13:30:00,-12.77246687544826,-12.8390103884812,-12.763298742588002,-12.783860223992653,-12.82336560939519,-12.833442379262232,-12.838014466222065,14,0.2361111111111111,56.589631983678515,658.8812958918049,1.1979659925305546,20.421211908021377
2021-06-21 13:35:00,-12.728675572859355,-12.786360729778318,-12.72291338949352,-12.73278970676777,-12.732310702414178,-12.879577238419031,-12.82853416930085,14,0.2638888888888889,61.30302393660706,627.0153502079979,1.1400279094690873,20.854688932533097
2021-06-21 13:40:00,-12.777030704714974,-12.840885686670925,-12.772131043210551,-12.77050334722208,-12.756065468639086,-12.869957200395271,-12.839659259124454,14,0.2916666666666667,65.63949652769072,603.7532271149208,1.097733140208947,21.185177830703115
2021-06-21 13:45:00,-12.78482590886527,-12.86372900880167,-12.812735864853106,-12.784777758373007,-12.848680788855493,-12.855234082483106,-12.849769932055494,14,0.3194444444444444,69.54818229029615,587.000796114409,1.0672741747534709,21.431116276029314
2021-06-21 13:50:00,-12.79876413886188,-12.87246099247641,-12.807930817902928,-12.793969443104482,-12.852735955856712,-12.837934796929307,-12.85848807879361,14,0.3472222222222222,72.98405557930008,575.1794243398531,1.0457807715270055,21.60889791505997
2021-06-21 13:55:00,-12.81547613960726,-12.886410727108023,-12.7838057930014,-12.8234328339955,-12.860486033458702,-12.82420899899579,-12.859169047711974,14,0.375,75.90806788230319,567.06508111847,1.0310274202154,21.733044318665424
2021-06-21 14:00:00,-12.74799060782539,-12.797614658215943,-12.72433435239021,-12.752913879353796,-12.794268929861918,-12.84836996230821,-12.833442379262232,14,0.4027777777777778,78.28732091574973,561.6956771060345,1.0212648674655171,21.816168916637658
2021-06-21 14:05:00,-12.80429185026539,-12.895875334059635,-12.766325070810083,-12.81570055114065,-12.868009024499958,-12.8163251700264,-12.879577238419031,14,0.4305555555555556,80.09524395594458,558.321757226534,1.0151304676846076,21.86880622268163
2021-06-21 14:10:00,-12.783663435024271,-12.84209340784583,-12.808484141494578,-12.756121702366162,-12.832716283795564,-12.81195766450592,-12.869957200395271,14,0.4583333333333333,81.31175430298669,556.3845700490554,1.0116083091801007,21.899171826367546
2021-06-21 14:15:00,-12.77117524430857,-12.856650125285476,-12.75022855896581,-12.770285448798758,-12.831262871654086,-12.812546112369706,-12.855234082483106,14,0.4861111111111111,81.92338730807863,555.5100547469376,1.0100182813580683,21.91291439402028
2021-06-21 14:20:00,-12.799333280006543,-12.852406449330216,-12.776711387863504,-12.752538503233554,-12.810661381144756,-12.826231145212551,-12.837934796929307,14,0.5138888888888888,81.92338730807863,555.5100547469376,1.0100182813580683,21.91291439402028
2021-06-21 14:25:00,-12.792652806274363,-12.86475286587584,-12.763409349153564,-12.76682029978607,-12.802170437272911,-12.826713406121176,-12.82420899899579,14,0.5416666666666666,81.3117543029867,556.3845700490554,1.0116083091801007,21.899171826367546
2021-06-21 14:30:00,-12.799398236648884,-12.862838597747784,-12.804469099903578,-12.76610763760891,-12.843853760158844,-12.837221495071695,-12.84836996230821,14,0.5694444444444444,80.09524395594458,558.321757226534,1.0151304676846076,21.86880622268163
2021-06-21 14:35:00,-12.78542761556026,-12.851253077920935,-12.803393157382008,-12.763117131492182,-12.78056982404911,-12.854255487695896,-12.8163251700264,14,0.5972222222222222,78.28732091574973,561.6956771060345,1.0212648674655171,21.816168916637658
2021-06-21 14:40:00,-12.775428595944613,-12.842702529953147,-12.75312101951496,-12.735115584894064,-12.733883211425407,-12.872840123890397,-12.81195766450592,14,0.625,75.90806788230319,567.06508111847,1.0310274202154,21.733044318665424
2021-06-21 14:45:00,-12.798682259763924,-12.865630556771812,-12.780592968850948,-12.733860764456791,-12.782433911041268,-12.871123279707913,-12.812546112369706,14,0.6527777777777778,72.98405557930008,575.1794243398531,1.0457807715270055,21.60889791505997
2021-06-21 14:50:00,-12.805463163327191,-12.880021796520795,-12.777025470965816,-12.759085225598335,-12.803843027198615,-12.861796971317514,-12.826231145212551,14,0.6805555555555556,69.54818229029615,587.000796114409,1.0672741747534709,21.431116276029314
2021-06-21 14:55:00,-12.797564505401851,-12.877876946621122,-12.790180034255004,-12.766749818630728,-12.797848523522884,-12.865928958125837,-12.826713406121176,14,0.7083333333333334,65.63949652769072,603.7532271149208,1.097733140208947,21.185177830703115
2021-06-21 15:00:00,-12.810588224962064,-12.88429548048495,-12.776708596530618,-12.760915118762654,-12.854081843529352,-12.860372170338108,-12.837221495071695,14,0.7361111111111112,61.30302393660706,627.0153502079979,1.1400279094690873,20.854688932533097
2021-06-21 15:05:00,-12.821164178193344,-12.885091010724588,-12.790268426463026,-12.77010488445277,-12.820345561672095,-12.873175083836577,-12.854255487695896,14,0.7638888888888888,56.58963198367853,658.8812958918048,1.1979659925305544,20.42121190802138
2021-06-21 15:10:00,-12.822225582522805,-12.889736065480893,-12.80987376004908,-12.776328510036132,-12.815870764293855,-12.877892203800885,-12.872840123890397,14,0.7916666666666666,51.55598805017223,702.2327649706286,1.276786845401143,19.863792666931527
2021-06-21 15:15:00,-12.81142434546661,-12.876069296543935,-12.780608146723509,-12.75653813434092,-12.838706251555356,-12.893318563141722,-12.871123279707913,14,0.8194444444444444,46.26470858801082,761.2019950774787,1.3840036274135976,19.158055250843958
2021-06-21 15:20:00,-12.811578973677875,-12.87971096211653,-12.771632848443378,-12.746497070273696,-12.795494208692826,-12.899858714243672,-12.861796971317514,14,0.8472222222222222,40.784883744963764,841.9816786935072,1.5308757794427403,18.27465717160573
2021-06-21 15:25:00,-12.82280402811042,-12.899511680293468,-12.764609215224668,-12.76583763430507,-12.807900869227185,-12.884883097010968,-12.865928958125837,14,0.875,35.19335896718734,954.3017862880093,1.7350941568872897,17.176784347000584
2021-06-21 15:30:00,-12.824483945284946,-12.893601837108347,-12.789192891010837,-12.763788039981607,-12.854830560422942,-12.897603898800403,-12.860372170338108,14,0.9027777777777778,29.577662225059694,1114.256147375883,2.025920267956151,15.816257000944784
2021-06-21 15:35:00,-12.854285320066102,-12.934009558017188,-12.83094779995471,-12.798214595200175,-12.86689330548478,-12.890641209683013,-12.873175083836577,14,0.9305555555555556,24.04301710572996,1349.950291052939,2.4544550746417078,14.128175499124907
2021-06-21 15:40:00,-12.861083843918204,-12.92967944280702,-12.840935421627742,-12.788192663393769,-12.868449648026385,-12.878226000691695,-12.877892203800885,14,0.9583333333333334,18.732096909021678,1712.6296804120188,3.113872146203671,12.028290858350662
2021-06-21 15:45:00,-12.86500886502367,-12.93802005035035,-12.83978946317298,-12.785576195883609,-12.888464202643911,-12.869326010246686,-12.893318563141722,14,0.9861111111111112,13.908664235895909,2288.093132953492,4.160169332642712,9.459771369219304
2021-06-21 15:50:00,-12.864901863929752,-12.93036390294052,-12.835123459492127,-12.77296419792391,-12.870289485314103,-12.847976268065912,-12.899858714243672,15,0.013888888888888888,13.908664235895905,2288.0931329534924,4.160169332642714,9.459771369219304
2021-06-21 15:55:00,-12.842314223767318,-12.908909448597138,-12.805650182630476,-12.75908138751562,-12.810235237657668,-12.846121718127776,-12.884883097010968,15,0.041666666666666664,18.732096909021678,1712.6296804120188,3.113872146203671,12.028290858350662
2021-06-21 16:00:00,-12.869537686323786,-12.94909421982911,-12.828589588889168,-12.784565791532064,-12.876737231667011,-12.821249139388026,-12.897603898800403,15,0.06944444444444445,24.04301710572997,1349.9502910529386,2.454455074641707,14.128175499124909
2021-06-21 16:05:00,-12.86597850428454,-12.940927184622389,-12.856668943891451,-12.778251854699324,-12.879198547590988,-12.802472250141085,-12.890641209683013,15,0.09722222222222222,29.57766222505968,1114.2561473758838,2.0259202679561525,15.81625700094478
2021-06-21 16:10:00,-12.84984064582191,-12.922264920578632,-12.815122861539024,-12.766111475691629,-12.831049102077325,-12.805909311366618,-12.878226000691695,15,0.125,35.193358967187336,954.3017862880095,1.73509415688729,17.176784347000584
2021-06-21 16:15:00,-12.85895149820526,-12.93605397648825,-12.820123825166055,-12.772571085209297,-12.840050278339406,-12.80363001360784,-12.869326010246686,15,0.1527777777777778,40.784883744963764,841.9816786935072,1.5308757794427403,18.27465717160573
2021-06-21 16:20:00,-12.839063891081226,-12.89993641792995,-12.802690671939324,-12.738622952816634,-12.768097101969811,-12.818555503154156,-12.847976268065912,15,0.18055555555555555,46.2647085880108,761.2019950774791,1.3840036274135983,19.15805525084395
2021-06-21 16:25:00,-12.829355053780066,-12.907991978298238,-12.768092100831726,-12.743651946078051,-12.791988352742235,-12.834031292348165,-12.846121718127776,15,0.20833333333333334,51.55598805017222,702.2327649706288,1.2767868454011433,19.863792666931527
2021-06-21 16:30:00,-12.824143170061925,-12.894520174690742,-12.743982370108297,-12.73116340644574,-12.81119597954497,-12.864819984831795,-12.821249139388026,15,0.2361111111111111,56.589631983678515,658.8812958918049,1.1979659925305546,20.421211908021377
2021-06-21 16:35:00,-12.825501560579776,-12.894655008364616,-12.749892494117027,-12.73514879012484,-12.79984194227204,-12.888448036174283,-12.802472250141085,15,0.2638888888888889,61.30302393660706,627.0153502079979,1.1400279094690873,20.854688932533097
2021-06-21 16:40:00,-12.860757490581753,-12.918255353347863,-12.804900826056432,-12.793992820517392,-12.805716186022648,-12.904437081702492,-12.805909311366618,15,0.2916666666666667,65.63949652769072,603.7532271149208,1.097733140208947,21.185177830703115
2021-06-21 16:45:00,-12.86635591575168,-12.925232244325157,-12.820066486536382,-12.80568676072182,-12.854203615426451,-12.9097146198962,-12.80363001360784,15,0.3194444444444444,69.54818229029615,587.000796114409,1.0672741747534709,21.431116276029314
2021-06-21 16:50:00,-12.85423007493609,-12.925967758547008,-12.791413454473494,-12.790877227795765,-12.862615762297068,-12.93778967159362,-12.818555503154156,15,0.3472222222222222,72.98405557930008,575.1794243398531,1.0457807715270055,21.60889791505997
2021-06-21 16:55:00,-12.876447921644052,-12.949704787408916,-12.818847139287854,-12.818997231583182,-12.855278278587116,-12.940807393205976,-12.834031292348165,15,0.375,75.90806788230319,567.06508111847,1.0310274202154,21.733044318665424
2021-06-21 17:00:00,-12.911358249743223,-12.983320811275892,-12.90816228989562,-12.87177592822805,-12.925757689346284,-12.940791866416804,-12.864819984831795,15,0.4027777777777778,78.28732091574973,561.6956771060345,1.0212648674655171,21.816168916637658
2021-06-21 17:05:00,-12.91633391691599,-12.981967097379489,-12.912893192066043,-12.866419185963736,-12.936834337913783,-12.955451888575215,-12.888448036174283,15,0.4305555555555556,80.09524395594458,558.321757226534,1.0151304676846076,21.86880622268163
2021-06-21 17:10:00,-12.936600447479142,-12.995027866429709,-12.93415419312219,-12.884681772126648,-12.946707340480232,-12.963142068825722,-12.904437081702492,15,0.4583333333333333,81.31175430298669,556.3845700490554,1.0116083091801007,21.899171826367546
2021-06-21 17:15:00,-12.928536344927606,-12.982198719891295,-12.922390760359482,-12.860762549872607,-12.921257246597165,-12.98546325300319,-12.9097146198962,15,0.4861111111111111,81.92338730807863,555.5100547469376,1.0100182813580683,21.91291439402028
2021-06-21 17:20:00,-12.960675053930435,-13.035144498088496,-12.933166875419715,-12.904366251630542,-12.973043624401472,-12.96107456344958,-12.93778967159362,15,0.5138888888888888,81.92338730807863,555.5100547469376,1.0100182813580683,21.91291439402028
2021-06-21 17:25:00,-12.953201725353424,-13.010756226050908,-12.951096188066728,-12.864140469732645,-12.947630515679126,-12.985949235688992,-12.940807393205976,15,0.5416666666666666,81.3117543029867,556.3845700490554,1.0116083091801007,21.899171826367546
2021-06-21 17:30:00,-12.960745476933011,-13.039535814603893,-12.924607369433888,-12.89249936509279,-12.982762696589877,-12.99569453477596,-12.940791866416804,15,0.5694444444444444,80.09524395594458,558.321757226534,1.0151304676846076,21.86880622268163
2021-06-21 17:35:00,-12.997796117674405,-13.068521007163866,-12.975455219708437,-12.934612262479146,-13.01109138158682,-12.995651269116246,-12.955451888575215,15,0.5972222222222222,78.28732091574973,561.6956771060345,1.0212648674655171,21.816168916637658
2021-06-21 17:40:00,-12.998577225660013,-13.066945846881982,-12.991758871713872,-12.93010350388414,-13.014614101840255,-12.99408794824243,-12.963142068825722,15,0.625,75.90806788230319,567.06508111847,1.0310274202154,21.733044318665424
2021-06-21 17:45:00,-13.009126777534425,-13.083684447226496,-12.998111712748695,-12.937618760607192,-13.0540533384687,-13.01052311273368,-12.98546325300319,15,0.6527777777777778,72.98405557930008,575.1794243398531,1.0457807715270055,21.60889791505997
2021-06-21 17:50:00,-12.985994187778994,-13.041470492803509,-12.957951992395738,-12.876853362745576,-12.93241123834668,-13.055528121752577,-12.96107456344958,15,0.6805555555555556,69.54818229029615,587.000796114409,1.0672741747534709,21.431116276029314
2021-06-21 17:55:00,-13.036067065185003,-13.105729521629325,-13.01065078713678,-12.973214244624057,-13.025961073551825,-13.04922029096052,-12.985949235688992,15,0.7083333333333334,65.63949652769072,603.7532271149208,1.097733140208947,21.185177830703115
2021-06-21 18:00:00,-13.064974544686176,-13.101168130820744,-13.042539729999186,-12.995383126700997,-13.067926786281271,-13.070102426730315,-12.99569453477596,15,0.7361111111111112,61.30302393660706,627.0153502079979,1.1400279094690873,20.854688932533097
2021-06-21 18:05:00,-13.081804595551478,-13.111276580128886,-13.01964262987953,-13.03824590403631,-13.06753059146993,-13.099111382812405,-12.995651269116246,15,0.7638888888888888,56.58963198367853,658.8812958918048,1.1979659925305544,20.42121190802138
2021-06-21 18:10:00,-13.0876902372447,-13.106043507163616,-13.018112514236488,-13.02336484320508,-13.05401266060718,-13.13514112262755,-12.99408794824243,15,0.7916666666666666,51.55598805017223,702.2327649706286,1.276786845401143,19.863792666931527
2021-06-21 18:15:00,-13.128524965857258,-13.157977830440611,-13.086390697328502,-13.096897943063878,-13.134286509542642,-13.139774473528927,-13.01052311273368,15,0.8194444444444444,46.26470858801082,761.2019950774787,1.3840036274135976,19.158055250843958
2021-06-21 18:20:00,-13.1378948597476,-13.171386119986892,-13.152171480703725,-13.102045015521602,-13.184438067644344,-13.15027852086204,-13.055528121752577,15,0.8472222222222222,40.784883744963764,841.9816786935072,1.5308757794427403,18.27465717160573
2021-06-21 18:25:00,-13.127792589891598,-13.1440568318021,-13.100157870956762,-13.067347817318742,-13.13404165731115,-13.16952548801262,-13.04922029096052,15,0.875,35.19335896718734,954.3017862880093,1.7350941568872897,17.176784347000584
2021-06-21 18:30:00,-13.180356586515408,-13.194882737864251,-13.161744502214209,-13.179607375323284,-13.239725823636071,-13.209183698890602,-13.070102426730315,15,0.9027777777777778,29.577662225059694,1114.256147375883,2.025920267956151,15.816257000944784
2021-06-21 18:35:00,-13.205964972234154,-13.216798905030416,-13.211756202907823,-13.19477149475487,-13.279202365265466,-13.23078512625316,-13.099111382812405,15,0.9305555555555556,24.04301710572996,1349.950291052939,2.4544550746417078,14.128175499124907
2021-06-21 18:40:00,-13.24096418683988,-13.231286760160636,-13.22927149691997,-13.26343066570928,-13.299878582082236,-13.25172554563512,-13.13514112262755,15,0.9583333333333334,18.732096909021678,1712.6296804120188,3.113872146203671,12.028290858350662
2021-06-21 18:45:00,-13.23467025455948,-13.227023714874008,-13.224029548220546,-13.215007058968832,-13.282853806671833,-13.32744536404535,-13.139774473528927,15,0.9861111111111112,13.908664235895909,2288.093132953492,4.160169332642712,9.459771369219304
2021-06-21 18:50:00,-13.282210259059957,-13.259442916428652,-13.27926127401989,-13.29369630311723,-13.29147469290474,-13.36587724934259,-13.15027852086204,16,0.013888888888888888,13.908664235895905,2288.0931329534924,4.160169332642714,9.459771369219304
2021-06-21 18:55:00,-13.28897908138558,-13.250597752257937,-13.25677391830662,-13.333960989217212,-13.273387553644197,-13.41579502604609,-13.16952548801262,16,0.041666666666666664,18.732096909021678,1712.6296804120188,3.113872146203671,12.028290858350662
2021-06-21 19:00:00,-13.346640793304903,-13.339571845541895,-13.310598899561157,-13.396411181816807,-13.418409967046076,-13.459094919568985,-13.209183698890602,16,0.06944444444444445,24.04301710572997,1349.9502910529386,2.454455074641707,14.128175499124909
2021-06-21 19:05:00,-13.352090071161989,-13.330640993761971,-13.395408242826912,-13.367639685295524,-13.42562256041672,-13.559945998405698,-13.23078512625316,16,0.09722222222222222,29.57766222505968,1114.2561473758838,2.0259202679561525,15.81625700094478
2021-06-21 19:10:00,-13.39742138990276,-13.350730705253849,-13.38855472826316,-13.491603665541009,-13.415849006353389,-13.590760656100436,-13.25172554563512,16,0.125,35.193358967187336,954.3017862880095,1.73509415688729,17.176784347000584
2021-06-21 19:15:00,-13.486103162364028,-13.449331500774456,-13.418074992561705,-13.548826135062155,-13.589549573814123,-13.60709130552862,-13.32744536404535,16,0.1527777777777778,40.784883744963764,841.9816786935072,1.5308757794427403,18.27465717160573
2021-06-21 19:20:00,-13.483902276344388,-13.4191281507282,-13.510678206098632,-13.536353976337802,-13.530071362039958,-13.664869083104644,-13.36587724934259,16,0.18055555555555555,46.2647085880108,761.2019950774791,1.3840036274135983,19.15805525084395
2021-06-21 19:25:00,-13.508343292485945,-13.443329599060126,-13.498369402135356,-13.573211916977344,-13.534230244503682,-13.76720711005748,-13.41579502604609,16,0.20833333333333334,51.55598805017222,702.2327649706288,1.2767868454011433,19.863792666931527
2021-06-21 19:30:00,-13.576436887787304,-13.51964551267812,-13.538817854618138,-13.637086379912336,-13.6679192248854,-13.773427508162191,-13.459094919568985,16,0.2361111111111111,56.589631983678515,658.8812958918049,1.1979659925305546,20.421211908021377
2021-06-21 19:35:00,-13.665884139677662,-13.630577373826508,-13.641429766572106,-13.80143661462021,-13.88131028527969,-13.748642449338938,-13.559945998405698,16,0.2638888888888889,61.30302393660706,627.0153502079979,1.1400279094690873,20.854688932533097
2021-06-21 19:40:00,-13.608000313259302,-13.527184641862515,-13.610387135486915,-13.690799286243903,-13.66350194059514,-13.753844127246222,-13.590760656100436,16,0.2916666666666667,65.63949652769072,603.7532271149208,1.097733140208947,21.185177830703115
2021-06-21 19:45:00,-13.650594933641177,-13.60617872329644,-13.555392076916906,-13.71878776300732,-13.75273547379241,-13.746327038710962,-13.60709130552862,16,0.3194444444444444,69.54818229029615,587.000796114409,1.0672741747534709,21.431116276029314
2021-06-21 19:50:00,-13.699844978450226,-13.656101873969645,-13.69908980659934,-13.751909297411265,-13.80224168154641,-13.708665677595476,-13.664869083104644,16,0.3472222222222222,72.98405557930008,575.1794243398531,1.0457807715270055,21.60889791505997
2021-06-21 19:55:00,-13.788158302239792,-13.770755653323276,-13.763068203069714,-13.917276318737018,-13.951702583191745,-13.58600733603778,-13.76720711005748,16,0.375,75.90806788230319,567.06508111847,1.0310274202154,21.733044318665424
2021-06-21 20:00:00,-13.733686109748968,-13.68766245041046,-13.724588007360095,-13.776100616468808,-13.814672184715826,-13.554989746988497,-13.773427508162191,16,0.4027777777777778,78.28732091574973,561.6956771060345,1.0212648674655171,21.816168916637658
2021-06-21 20:05:00,-13.743469702433948,-13.738429569106442,-13.705928252326972,-13.781198782448278,-13.830319582729484,-13.543016386366288,-13.748642449338938,16,0.4305555555555556,80.09524395594458,558.321757226534,1.0151304676846076,21.86880622268163
2021-06-21 20:10:00,-13.72060431011128,-13.671870880277266,-13.66422700385017,-13.68029859723317,-13.721571216192036,-13.58149049420796,-13.753844127246222,16,0.4583333333333333,81.31175430298669,556.3845700490554,1.0116083091801007,21.899171826367546
2021-06-21 20:15:00,-13.709819675670474,-13.706620790584356,-13.65913458045658,-13.687608589221844,-13.757497400464793,-13.591623730413152,-13.746327038710962,16,0.4861111111111111,81.92338730807863,555.5100547469376,1.0100182813580683,21.91291439402028
2021-06-21 20:20:00,-13.68568579700995,-13.68296482381969,-13.645929395182469,-13.644021882610485,-13.6901640835543,-13.599026570565728,-13.708665677595476,16,0.5138888888888888,81.92338730807863,555.5100547469376,1.0100182813580683,21.91291439402028
2021-06-21 20:25:00,-13.60721497465979,-13.601637251098776,-13.541787905498568,-13.519073637682869,-13.566988058782908,-13.634547778959108,-13.58600733603778,16,0.5416666666666666,81.3117543029867,556.3845700490554,1.0116083091801007,21.899171826367546
2021-06-21 20:30:00,-13.652224068910666,-13.630635828734007,-13.570214425259309,-13.572048738034027,-13.600790256803185,-13.57452244049768,-13.554989746988497,16,0.5694444444444444,80.09524395594458,558.321757226534,1.0151304676846076,21.86880622268163
2021-06-21 20:35:00,-13.679872744509929,-13.690121170206629,-13.654570402273256,-13.662580146524498,-13.716294288602398,-13.4735956721983,-13.543016386366288,16,0.5972222222222222,78.28732091574973,561.6956771060345,1.0212648674655171,21.816168916637658
2021-06-21 20:40:00,-13.707546513028769,-13.71635873638384,-13.6665146756076,-13.701486660179508,-13.715478216264769,-13.3383465366341,-13.58149049420796,16,0.625,75.90806788230319,567.06508111847,1.0310274202154,21.733044318665424
2021-06-21 20:45:00,-13.722565366844805,-13.70751574042186,-13.666651072925964,-13.712472808501133,-13.68195682342507,-13.269980862701976,-13.591623730413152,16,0.6527777777777778,72.98405557930008,575.1794243398531,1.0457807715270055,21.60889791505997
2021-06-21 20:50:00,-13.706102376253856,-13.661744261379926,-13.624222144319551,-13.666966653462064,-13.637071696338303,-13.22204473608112,-13.599026570565728,16,0.6805555555555556,69.54818229029615,587.000796114409,1.0672741747534709,21.431116276029314
2021-06-21 20:55:00,-13.650687730921405,-13.630865760043005,-13.599956280681972,-13.621719859770216,-13.623037281662706,-13.264175762593034,-13.634547778959108,16,0.7083333333333334,65.63949652769072,603.7532271149208,1.097733140208947,21.185177830703115
2021-06-21 21:00:00,-13.52939371873304,-13.489213026332736,-13.45970335381237,-13.461452618163255,-13.476723564230454,-13.374980287447682,-13.57452244049768,16,0.7361111111111112,61.30302393660706,627.0153502079979,1.1400279094690873,20.854688932533097
2021-06-21 21:05:00,-13.464774449678137,-13.449712946509864,-13.380040632320384,-13.359237177246278,-13.383064343667888,-13.499697881231585,-13.4735956721983,16,0.7638888888888888,56.58963198367853,658.8812958918048,1.1979659925305544,20.42121190802138
2021-06-21 21:10:00,-13.423545997746896,-13.368442296495608,-13.2978035168462,-13.283247268303056,-13.30750063636452,-13.626093209643924,-13.3383465366341,16,0.7916666666666666,51.55598805017223,702.2327649706286,1.276786845401143,19.863792666931527
2021-06-21 21:15:00,-13.480087919957253,-13.446044207237527,-13.408765395823137,-13.397709595023118,-13.309263784688866,-13.703079188281269,-13.269980862701976,16,0.8194444444444444,46.26470858801082,761.2019950774787,1.3840036274135976,19.158055250843958
2021-06-21 21:20:00,-13.481109271567457,-13.44612576079542,-13.45767079825006,-13.416167087458533,-13.323266549720245,-13.774149823698917,-13.22204473608112,16,0.8472222222222222,40.784883744963764,841.9816786935072,1.5308757794427403,18.27465717160573
2021-06-21 21:25:00,-13.604106316655797,-13.602700873121147,-13.54819003100464,-13.65197987089782,-13.526142804519264,-13.760828245658782,-13.264175762593034,16,0.875,35.19335896718734,954.3017862880093,1.7350941568872897,17.176784347000584
2021-06-21 21:30:00,-13.66618916548629,-13.626688966099858,-13.589724221115922,-13.67970356356836,-13.569324840553282,-13.741570607475197,-13.374980287447682,16,0.9027777777777778,29.577662225059694,1114.256147375883,2.025920267956151,15.816257000944784
2021-06-21 21:35:00,-13.7039663669165,-13.654404701354874,-13.63018635040293,-13.729232887047814,-13.646463557436922,-13.6942133916641,-13.499697881231585,16,0.9305555555555556,24.04301710572996,1349.950291052939,2.4544550746417078,14.128175499124907
2021-06-21 21:40:00,-13.697604584893533,-13.620939483632789,-13.604509155420931,-13.68251945145967,-13.63283170530081,-13.67846882037439,-13.626093209643924,16,0.9583333333333334,18.732096909021678,1712.6296804120188,3.113872146203671,12.028290858350662
2021-06-21 21:45:00,-13.703598041819433,-13.641152652930044,-13.615544355602731,-13.700142836930146,-13.667288499958962,-13.691297931695036,-13.703079188281269,16,0.9861111111111112,13.908664235895909,2288.093132953492,4.160169332642712,9.459771369219304
2021-06-21 21:50:00,-13.715320476880391,-13.641772948539709,-13.638067388039437,-13.704815702637674,-13.69781618827967,-13.710926482773887,-13.774149823698917,17,0.013888888888888888,13.908664235895905,2288.0931329534924,4.160169332642714,9.459771369219304
2021-06-21 21:55:00,-13.698014227532571,-13.653030288292411,-13.63420345641721,-13.694611243829344,-13.680807390342393,-13.719770181339053,-13.760828245658782,17,0.041666666666666664,18.732096909021678,1712.6296804120188,3.113872146203671,12.028290858350662
2021-06-21 22:00:00,-13.703024437449788,-13.67445275432959,-13.621798932997091,-13.689431053369994,-13.69463921531096,-13.721585420005724,-13.741570607475197,17,0.06944444444444445,24.04301710572997,1349.9502910529386,2.454455074641707,14.128175499124909
2021-06-21 22:05:00,-13.666010389337933,-13.67177004411636,-13.61267979384424,-13.654090307555256,-13.618917521473948,-13.749923176834548,-13.6942133916641,17,0.09722222222222222,29.57766222505968,1114.2561473758838,2.0259202679561525,15.81625700094478
2021-06-21 22:10:00,-13.680096967046817,-13.70689710710556,-13.622733258989332,-13.657491851977468,-13.593573570931463,-13.76740671943513,-13.67846882037439,17,0.125,35.193358967187336,954.3017862880095,1.73509415688729,17.176784347000584
2021-06-21 22:15:00,-13.719521229337388,-13.78747523124982,-13.67082114979761,-13.734294096942946,-13.603975313006709,-13.731921507605408,-13.691297931695036,17,0.1527777777777778,40.784883744963764,841.9816786935072,1.5308757794427403,18.27465717160573
2021-06-21 22:20:00,-13.752775424744325,-13.80432391877918,-13.75944868753322,-13.75756584627324,-13.677702643112076,-13.69055944968869,-13.710926482773887,17,0.18055555555555555,46.2647085880108,761.2019950774791,1.3840036274135983,19.15805525084395
2021-06-21 22:25:00,-13.74209892537642,-13.778680947710756,-13.754025127737972,-13.748810830679938,-13.681628929040254,-13.655756544291007,-13.719770181339053,17,0.20833333333333334,51.55598805017222,702.2327649706288,1.2767868454011433,19.863792666931527
2021-06-21 22:30:00,-13.731999097936692,-13.75654087685588,-13.73642684972527,-13.724837410045716,-13.661026028326289,-13.638043952473756,-13.721585420005724,17,0.2361111111111111,56.589631983678515,658.8812958918049,1.1979659925305546,20.421211908021377
2021-06-21 22:35:00,-13.72834685692976,-13.760827367706298,-13.717037466444795,-13.74229978503859,-13.665520597645797,-13.603824319343468,-13.749923176834548,17,0.2638888888888889,61.30302393660706,627.0153502079979,1.1400279094690873,20.854688932533097
2021-06-21 22:40:00,-13.729349192584683,-13.753959494264206,-13.72144444315685,-13.74932126660487,-13.685306030355692,-13.599466321800628,-13.76740671943513,17,0.2916666666666667,65.63949652769072,603.7532271149208,1.097733140208947,21.185177830703115
2021-06-21 22:45:00,-13.692622753527312,-13.71891181662416,-13.671491142380932,-13.698564512642074,-13.70111752094368,-13.602086736429944,-13.731921507605408,17,0.3194444444444444,69.54818229029615,587.000796114409,1.0672741747534709,21.431116276029314
2021-06-21 22:50:00,-13.67202981147494,-13.704899608671523,-13.640763684762462,-13.664024966594438,-13.658901635004426,-13.579154577460017,-13.69055944968869,17,0.3472222222222222,72.98405557930008,575.1794243398531,1.0457807715270055,21.60889791505997
2021-06-21 22:55:00,-13.65086979270118,-13.681179202743252,-13.610494172926314,-13.626910881182685,-13.611023166853473,-13.51064551879095,-13.655756544291007,17,0.375,75.90806788230319,567.06508111847,1.0310274202154,21.733044318665424
2021-06-21 23:00:00,-13.639074957443516,-13.693028839303484,-13.627471110415586,-13.625427098757893,-13.618861156903142,-13.460992925980603,-13.638043952473756,17,0.4027777777777778,78.28732091574973,561.6956771060345,1.0212648674655171,21.816168916637658
2021-06-21 23:05:00,-13.62267898791819,-13.678709757541208,-13.616557362290662,-13.60284480138106,-13.593525442246486,-13.425539321997803,-13.603824319343468,17,0.4305555555555556,80.09524395594458,558.321757226534,1.0151304676846076,21.86880622268163
2021-06-21 23:10:00,-13.662485110362685,-13.71481886008544,-13.685656851469464,-13.673469499563064,-13.550036454093386,-13.44535968271424,-13.599466321800628,17,0.4583333333333333,81.31175430298669,556.3845700490554,1.0116083091801007,21.899171826367546
2021-06-21 23:15:00,-13.656127820641077,-13.690233599056905,-13.682480750792278,-13.649071447413736,-13.614043912409784,-13.454983744182666,-13.602086736429944,17,0.4861111111111111,81.92338730807863,555.5100547469376,1.0100182813580683,21.91291439402028
2021-06-21 23:20:00,-13.594135988162275,-13.630397412501496,-13.599013682458423,-13.558645695234414,-13.553898757438091,-13.49132838248826,-13.579154577460017,17,0.5138888888888888,81.92338730807863,555.5100547469376,1.0100182813580683,21.91291439402028
2021-06-21 23:25:00,-13.491710114183626,-13.511061632114712,-13.461778971499708,-13.414578637319655,-13.45655534092234,-13.64014912630565,-13.51064551879095,17,0.5416666666666666,81.3117543029867,556.3845700490554,1.0116083091801007,21.899171826367546
2021-06-21 23:30:00,-13.509786713254892,-13.526334306533418,-13.46852646629751,-13.438849189524191,-13.37850473774598,-13.727957785832553,-13.460992925980603,17,0.5694444444444444,80.09524395594458,558.321757226534,1.0151304676846076,21.86880622268163
2021-06-21 23:35:00,-13.516711617610994,-13.507982443252182,-13.497393078940664,-13.448074501094013,-13.382969758190027,-13.796701845290682,-13.425539321997803,17,0.5972222222222222,78.28732091574973,561.6956771060345,1.0212648674655171,21.816168916637658
2021-06-21 23:40:00,-13.633196148700586,-13.650194329085783,-13.65119434330181,-13.687808082293955,-13.572461135660474,-13.80052800668981,-13.44535968271424,17,0.625,75.90806788230319,567.06508111847,1.0310274202154,21.733044318665424
2021-06-21 23:45:00,-13.648672722956968,-13.62688906285666,-13.662816464837222,-13.654301184031793,-13.515790056151426,-13.812737296728102,-13.454983744182666,17,0.6527777777777778,72.98405557930008,575.1794243398531,1.0457807715270055,21.60889791505997
2021-06-21 23:50:00,-13.649837115839324,-13.63628201773694,-13.64927556363094,-13.660566970372267,-13.529277936571088,-13.84131484649756,-13.49132838248826,17,0.6805555555555556,69.54818229029615,587.000796114409,1.0672741747534709,21.431116276029314
2021-06-21 23:55:00,-13.759767975308304,-13.754864302224092,-13.72005483914054,-13.82978009949672,-13.724731048632252,-13.82491678347257,-13.64014912630565,17,0.7083333333333334,65.63949652769072,603.7532271149208,1.097733140208947,21.185177830703115
2021-06-22 00:00:00,-13.724688001045418,-13.714703496926006,-13.672180994134674,-13.732944850947929,-13.665993670417008,-13.854835307005738,-13.727957785832553,17,0.7361111111111112,61.30302393660706,627.0153502079979,1.1400279094690873,20.854688932533097
2021-06-22 00:05:00,-13.70023836739049,-13.698369137418068,-13.63686177938245,-13.681200561209776,-13.66766108474632,-13.891331897245871,-13.796701845290682,17,0.7638888888888888,56.58963198367853,658.8812958918048,1.1979659925305544,20.42121190802138
2021-06-22 00:10:00,-13.750049193883743,-13.735806701454305,-13.71881336476362,-13.762233042085846,-13.721270290153582,-13.905983138336254,-13.80052800668981,17,0.7916666666666666,51.55598805017223,702.2327649706286,1.276786845401143,19.863792666931527
2021-06-22 00:15:00,-13.737138406999833,-13.729374666877415,-13.71122992391958,-13.744500547483597,-13.73890308183435,-13.951202265848522,-13.812737296728102,17,0.8194444444444444,46.26470858801082,761.2019950774787,1.3840036274135976,19.158055250843958
2021-06-22 00:20:00,-13.751041047502158,-13.782139963379503,-13.71202532294803,-13.776992476401896,-13.75438881515176,-13.968011207258884,-13.84131484649756,17,0.8472222222222222,40.784883744963764,841.9816786935072,1.5308757794427403,18.27465717160573
2021-06-22 00:25:00,-13.78358732018256,-13.83886805162258,-13.754232645892133,-13.803893598162936,-13.70466418559952,-13.975632854471788,-13.82491678347257,17,0.875,35.19335896718734,954.3017862880093,1.7350941568872897,17.176784347000584
2021-06-22 00:30:00,-13.796174486910138,-13.895502126334904,-13.79531699526319,-13.830963973556504,-13.781050202124929,-13.954552446838017,-13.854835307005738,17,0.9027777777777778,29.577662225059694,1114.256147375883,2.025920267956151,15.816257000944784
2021-06-22 00:35:00,-13.816950988176073,-13.901714535821649,-13.800526814558056,-13.807048356774107,-13.799122541505907,-13.919790582756654,-13.891331897245871,17,0.9305555555555556,24.04301710572996,1349.950291052939,2.4544550746417078,14.128175499124907
2021-06-22 00:40:00,-13.795663265922832,-13.906140601495704,-13.799365213008585,-13.801540213777177,-13.798215358318334,-13.905496370588075,-13.905983138336254,17,0.9583333333333334,18.732096909021678,1712.6296804120188,3.113872146203671,12.028290858350662
2021-06-22 00:45:00,-13.823499862193287,-13.952720692303313,-13.859032977366006,-13.876872676596864,-13.822937350464224,-13.925937533914835,-13.951202265848522,17,0.9861111111111112,13.908664235895909,2288.093132953492,4.160169332642712,9.459771369219304
2021-06-22 00:50:00,-13.83529001615309,-13.9322752933958,-13.864845928098688,-13.852644924829896,-13.852542779492142,-13.901262500129455,-13.968011207258884,18,0.013888888888888888,13.908664235895905,2288.0931329534924,4.160169332642714,9.459771369219304
2021-06-22 00:55:00,-13.837436841905374,-13.939582648293776,-13.88177353023304,-13.88601830433574,-13.865468715172232,-13.87892567285728,-13.975632854471788,18,0.041666666666666664,18.732096909021678,1712.6296804120188,3.113872146203671,12.028290858350662
2021-06-22 01:00:00,-13.827971083176273,-13.920566156761602,-13.847340810821017,-13.866342722205411,-13.82151766692844,-13.843219524122086,-13.954552446838017,18,0.06944444444444445,24.04301710572997,1349.9502910529386,2.454455074641707,14.128175499124909
2021-06-22 01:05:00,-13.78551197328304,-13.881337999223565,-13.7835277426713,-13.790646659201087,-13.77372719845432,-13.8698023467051,-13.919790582756654,18,0.09722222222222222,29.57766222505968,1114.2561473758838,2.0259202679561525,15.81625700094478
2021-06-22 01:10:00,-13.792330763374943,-13.90354045667111,-13.767045067368237,-13.80953694634648,-13.792560234199184,-13.837700477481071,-13.905496370588075,18,0.125,35.193358967187336,954.3017862880095,1.73509415688729,17.176784347000584
2021-06-22 01:15:00,-13.860602317051356,-13.992212157110146,-13.874648275051488,-13.965114588786792,-13.901588475472916,-13.773347809793057,-13.925937533914835,18,0.1527777777777778,40.784883744963764,841.9816786935072,1.5308757794427403,18.27465717160573
2021-06-22 01:20:00,-13.811007891547638,-13.902844866399436,-13.881563860426448,-13.818806613940424,-13.838530724556009,-13.76579876631154,-13.901262500129455,18,0.18055555555555555,46.2647085880108,761.2019950774791,1.3840036274135983,19.15805525084395
2021-06-22 01:25:00,-13.810114083496805,-13.90306836535585,-13.817131930515057,-13.820136858518357,-13.86751496571151,-13.745134645270603,-13.87892567285728,18,0.20833333333333334,51.55598805017222,702.2327649706288,1.2767868454011433,19.863792666931527
2021-06-22 01:30:00,-13.775708841267866,-13.838375550235764,-13.757683809164009,-13.769021679967317,-13.781270397582606,-13.766571238611036,-13.843219524122086,18,0.2361111111111111,56.589631983678515,658.8812958918049,1.1979659925305546,20.421211908021377
2021-06-22 01:35:00,-13.792175553635992,-13.88632204618824,-13.773151224359363,-13.852830170473744,-13.843935762694503,-13.715280569543053,-13.8698023467051,18,0.2638888888888889,61.30302393660706,627.0153502079979,1.1400279094690873,20.854688932533097
2021-06-22 01:40:00,-13.759171560515243,-13.801748318077465,-13.7636210905156,-13.725842377113413,-13.780356701284967,-13.689842673203165,-13.837700477481071,18,0.2916666666666667,65.63949652769072,603.7532271149208,1.097733140208947,21.185177830703115
2021-06-22 01:45:00,-13.761958270254995,-13.82184368136678,-13.743937948525382,-13.776895739271607,-13.751843555706548,-13.656405063964586,-13.773347809793057,18,0.3194444444444444,69.54818229029615,587.000796114409,1.0672741747534709,21.431116276029314
2021-06-22 01:50:00,-13.782412139961655,-13.80536627790122,-13.74754935175068,-13.781195700351551,-13.747807026667612,-13.617727701293592,-13.76579876631154,18,0.3472222222222222,72.98405557930008,575.1794243398531,1.0457807715270055,21.60889791505997
2021-06-22 01:55:00,-13.756784331218254,-13.785623667718385,-13.722376806493155,-13.771389602545186,-13.75550627874999,-13.626237748349864,-13.745134645270603,18,0.375,75.90806788230319,567.06508111847,1.0310274202154,21.733044318665424
2021-06-22 02:00:00,-13.762625369738087,-13.804522873612711,-13.731444422293174,-13.804608906291062,-13.751412789074372,-13.609669435826188,-13.766571238611036,18,0.4027777777777778,78.28732091574973,561.6956771060345,1.0212648674655171,21.816168916637658
2021-06-22 02:05:00,-13.715594507263445,-13.74987944579482,-13.713049247818232,-13.733006943566425,-13.708468205332064,-13.642481764691272,-13.715280569543053,18,0.4305555555555556,80.09524395594458,558.321757226534,1.0151304676846076,21.86880622268163
2021-06-22 02:10:00,-13.684189337281644,-13.693118819965994,-13.64709698646709,-13.668443195867184,-13.656242919508,-13.70252188122498,-13.689842673203165,18,0.4583333333333333,81.31175430298669,556.3845700490554,1.0116083091801007,21.899171826367546
2021-06-22 02:15:00,-13.669158067849546,-13.692397225644225,-13.645195332786525,-13.677286400133816,-13.596643230235124,-13.715236228057124,-13.656405063964586,18,0.4861111111111111,81.92338730807863,555.5100547469376,1.0100182813580683,21.91291439402028
2021-06-22 02:20:00,-13.640803868325447,-13.665781971960076,-13.639475135719495,-13.6282510989604,-13.592339794527266,-13.717442398709592,-13.617727701293592,18,0.5138888888888888,81.92338730807863,555.5100547469376,1.0100182813580683,21.91291439402028
2021-06-22 02:25:00,-13.69303457689517,-13.72917036379567,-13.702830730578134,-13.71699151121954,-13.572452499974364,-13.691249926584694,-13.626237748349864,18,0.5416666666666666,81.3117543029867,556.3845700490554,1.0116083091801007,21.899171826367546
2021-06-22 02:30:00,-13.715008923423506,-13.714638045931656,-13.721950415856805,-13.690998415861216,-13.609932533488776,-13.664771371915482,-13.609669435826188,18,0.5694444444444444,80.09524395594458,558.321757226534,1.0151304676846076,21.86880622268163
2021-06-22 02:35:00,-13.72577664994689,-13.751257038896762,-13.719996003077076,-13.760149166705393,-13.627142271048282,-13.568283855114638,-13.642481764691272,18,0.5972222222222222,78.28732091574973,561.6956771060345,1.0212648674655171,21.816168916637658
2021-06-22 02:40:00,-13.781417931156122,-13.780359835098528,-13.752054504874044,-13.795940305711651,-13.64412011717456,-13.498738535010723,-13.70252188122498,18,0.625,75.90806788230319,567.06508111847,1.0310274202154,21.733044318665424
2021-06-22 02:45:00,-13.715397703756873,-13.728731807442182,-13.7040466904279,-13.716833103078326,-13.625967439743992,-13.486009930300993,-13.715236228057124,18,0.6527777777777778,72.98405557930008,575.1794243398531,1.0457807715270055,21.60889791505997
2021-06-22 02:50:00,-13.672136376423094,-13.694202620784326,-13.665626421146154,-13.662186902966154,-13.63348432474456,-13.497078019507889,-13.717442398709592,18,0.6805555555555556,69.54818229029615,587.000796114409,1.0672741747534709,21.431116276029314
2021-06-22 02:55:00,-13.681325560585526,-13.694926079765608,-13.629617747171372,-13.67014771166276,-13.638100055357102,-13.533445207571656,-13.691249926584694,18,0.7083333333333334,65.63949652769072,603.7532271149208,1.097733140208947,21.185177830703115
2021-06-22 03:00:00,-13.639862898379416,-13.66387944106864,-13.628397353173012,-13.62918224108857,-13.613126988633498,-13.539635031858367,-13.664771371915482,18,0.7361111111111112,61.30302393660706,627.0153502079979,1.1400279094690873,20.854688932533097
2021-06-22 03:05:00,-13.528389856567944,-13.557728971641822,-13.500263630434302,-13.486854881394288,-13.48954584260081,-13.656217128755198,-13.568283855114638,18,0.7638888888888888,56.58963198367853,658.8812958918048,1.1979659925305544,20.42121190802138
2021-06-22 03:10:00,-13.575926415516893,-13.604225730960376,-13.562861233032784,-13.566876434543898,-13.46335663975186,-13.6869670042659,-13.498738535010723,18,0.7916666666666666,51.55598805017223,702.2327649706286,1.276786845401143,19.863792666931527
2021-06-22 03:15:00,-13.6126590478441,-13.637754607290926,-13.635457680788608,-13.623913861955891,-13.477138549655097,-13.71073591615173,-13.486009930300993,18,0.8194444444444444,46.26470858801082,761.2019950774787,1.3840036274135976,19.158055250843958
2021-06-22 03:20:00,-13.633584202124348,-13.649252820579374,-13.640697666832097,-13.63785809622584,-13.492951210567549,-13.698177898499331,-13.497078019507889,18,0.8472222222222222,40.784883744963764,841.9816786935072,1.5308757794427403,18.27465717160573
2021-06-22 03:25:00,-13.694456426621578,-13.716339453780824,-13.679195104837556,-13.733038258832227,-13.544077060151595,-13.631691053286165,-13.533445207571656,18,0.875,35.19335896718734,954.3017862880093,1.7350941568872897,17.176784347000584
2021-06-22 03:30:00,-13.642195376844926,-13.652255197033783,-13.639770973390714,-13.621274598560506,-13.521111034463152,-13.631303436008166,-13.539635031858367,18,0.9027777777777778,29.577662225059694,1114.256147375883,2.025920267956151,15.816257000944784
2021-06-22 03:35:00,-13.728828638078046,-13.745796708746605,-13.68178092583875,-13.778466852616392,-13.588957040718356,-13.601378828241602,-13.656217128755198,18,0.9305555555555556,24.04301710572996,1349.950291052939,2.4544550746417078,14.128175499124907
2021-06-22 03:40:00,-13.673167236010936,-13.669426065926457,-13.68152423951888,-13.636213201556105,-13.617902014216972,-13.563631742676344,-13.6869670042659,18,0.9583333333333334,18.732096909021678,1712.6296804120188,3.113872146203671,12.028290858350662
2021-06-22 03:45:00,-13.660555136283891,-13.69540482025432,-13.613986472012764,-13.659292377993728,-13.655549462282616,-13.536608554619814,-13.71073591615173,18,0.9861111111111112,13.908664235895909,2288.093132953492,4.160169332642712,9.459771369219304
2021-06-22 03:50:00,-13.651000418357274,-13.638023190534309,-13.587259670444205,-13.558517962678549,-13.655559595402512,-13.57831935832338,-13.698177898499331,19,0.013888888888888888,13.908664235895905,2288.0931329534924,4.160169332642714,9.459771369219304
2021-06-22 03:55:00,-13.59227186482464,-13.597045881190752,-13.529410143255577,-13.47438718589491,-13.569264259906769,-13.636995763360922,-13.631691053286165,19,0.041666666666666664,18.732096909021678,1712.6296804120188,3.113872146203671,12.028290858350662
2021-06-22 04:00:00,-13.61121946152332,-13.633921676798446,-13.560956213760743,-13.56273646626811,-13.587227613730605,-13.672145811709772,-13.631303436008166,19,0.06944444444444445,24.04301710572997,1349.9502910529386,2.454455074641707,14.128175499124909
2021-06-22 04:05:00,-13.674111825966802,-13.692913461689328,-13.6534334574976,-13.6677585778626,-13.566464262259428,-13.701153982729489,-13.601378828241602,19,0.09722222222222222,29.57766222505968,1114.2561473758838,2.0259202679561525,15.81625700094478
2021-06-22 04:10:00,-13.572507083616632,-13.601980399040556,-13.542465537901844,-13.54885894049265,-13.459632327474823,-13.786038604753982,-13.563631742676344,19,0.125,35.193358967187336,954.3017862880095,1.73509415688729,17.176784347000584
2021-06-22 04:15:00,-13.60834677291544,-13.640688555077656,-13.580359662742088,-13.598932508462784,-13.498650145528616,-13.793605559288173,-13.536608554619814,19,0.1527777777777778,40.784883744963764,841.9816786935072,1.5308757794427403,18.27465717160573
2021-06-22 04:20:00,-13.707385357169242,-13.699548122599872,-13.663611180570644,-13.68115473682825,-13.574223048238492,-13.786300553899393,-13.57831935832338,19,0.18055555555555555,46.2647085880108,761.2019950774791,1.3840036274135983,19.15805525084395
2021-06-22 04:25:00,-13.69912160162548,-13.711990720884984,-13.64225592841506,-13.671513851037004,-13.572685750728551,-13.796402532991552,-13.636995763360922,19,0.20833333333333334,51.55598805017222,702.2327649706288,1.2767868454011433,19.863792666931527
2021-06-22 04:30:00,-13.7530483066102,-13.721408480073192,-13.694388416958894,-13.73602521763008,-13.596014925917672,-13.816407085332909,-13.672145811709772,19,0.2361111111111111,56.589631983678515,658.8812958918049,1.1979659925305546,20.421211908021377
2021-06-22 04:35:00,-13.79182617180324,-13.77342590356364,-13.752905657869231,-13.83333875816105,-13.666856541195036,-13.832816982446277,-13.701153982729489,19,0.2638888888888889,61.30302393660706,627.0153502079979,1.1400279094690873,20.854688932533097
2021-06-22 04:40:00,-13.811093172582543,-13.783384110461162,-13.707661451975577,-13.81260028880567,-13.68582245601577,-13.83964999089006,-13.786038604753982,19,0.2916666666666667,65.63949652769072,603.7532271149208,1.097733140208947,21.185177830703115
2021-06-22 04:45:00,-13.702844600013403,-13.703788300511706,-13.624313662238876,-13.646061794498,-13.652930421512451,-13.862475097882394,-13.793605559288173,19,0.3194444444444444,69.54818229029615,587.000796114409,1.0672741747534709,21.431116276029314
2021-06-22 04:50:00,-13.704832276176678,-13.75096164213869,-13.62778023599439,-13.691642094316824,-13.709093522051036,-13.887310953148877,-13.786300553899393,19,0.3472222222222222,72.98405557930008,575.1794243398531,1.0457807715270055,21.60889791505997
2021-06-22 04:55:00,-13.754671263148046,-13.789804783624277,-13.69641320912662,-13.753216368110976,-13.688668772343169,-13.887645215261836,-13.796402532991552,19,0.375,75.90806788230319,567.06508111847,1.0310274202154,21.733044318665424
2021-06-22 05:00:00,-13.78798715864229,-13.81417290577535,-13.731595372341838,-13.806830545579936,-13.73037154733014,-13.865089181129049,-13.816407085332909,19,0.4027777777777778,78.28732091574973,561.6956771060345,1.0212648674655171,21.816168916637658
2021-06-22 05:05:00,-13.818452754344502,-13.869537161814591,-13.779804686130609,-13.886703024107666,-13.737559258584987,-13.838521245654752,-13.832816982446277,19,0.4305555555555556,80.09524395594458,558.321757226534,1.0151304676846076,21.86880622268163
2021-06-22 05:10:00,-13.825629271191426,-13.880064855963754,-13.79466699269402,-13.849326727863042,-13.694656297686686,-13.807031637853182,-13.83964999089006,19,0.4583333333333333,81.31175430298669,556.3845700490554,1.0116083091801007,21.899171826367546
2021-06-22 05:15:00,-13.768367752086274,-13.825692425328302,-13.728675565453337,-13.70170484936667,-13.699148613586418,-13.784047337657258,-13.862475097882394,19,0.4861111111111111,81.92338730807863,555.5100547469376,1.0100182813580683,21.91291439402028
2021-06-22 05:20:00,-13.79762429357997,-13.868681673376066,-13.737822603396843,-13.782595088571153,-13.729295633884956,-13.7472923165142,-13.887310953148877,19,0.5138888888888888,81.92338730807863,555.5100547469376,1.0100182813580683,21.91291439402028
2021-06-22 05:25:00,-13.792701719884786,-13.861110461929757,-13.795544983191837,-13.80375978864277,-13.766742614819613,-13.731587463565331,-13.887645215261836,19,0.5416666666666666,81.3117543029867,556.3845700490554,1.0116083091801007,21.899171826367546
2021-06-22 05:30:00,-13.75685705125518,-13.83026581355855,-13.75368912104196,-13.76436695792354,-13.760094183262837,-13.745058843136947,-13.865089181129049,19,0.5694444444444444,80.09524395594458,558.321757226534,1.0151304676846076,21.86880622268163
2021-06-22 05:35:00,-13.774430846952372,-13.844174496771446,-13.74195924242664,-13.773566638660672,-13.738939718078464,-13.712017966622822,-13.838521245654752,19,0.5972222222222222,78.28732091574973,561.6956771060345,1.0212648674655171,21.816168916637658
2021-06-22 05:40:00,-13.712543027969014,-13.819464289100868,-13.689792487364004,-13.699600562364497,-13.71994783804662,-13.692447161243024,-13.807031637853182,19,0.625,75.90806788230319,567.06508111847,1.0310274202154,21.733044318665424
2021-06-22 05:45:00,-13.64698547853362,-13.767229509912088,-13.615237614287432,-13.570913014466509,-13.674539452349483,-13.711730386644724,-13.784047337657258,19,0.6527777777777778,72.98405557930008,575.1794243398531,1.0457807715270055,21.60889791505997
2021-06-22 05:50:00,-13.643304873513882,-13.772786137439534,-13.575458409305629,-13.57783709014566,-13.617437359058991,-13.720109400975522,-13.7472923165142,19,0.6805555555555556,69.54818229029615,587.000796114409,1.0672741747534709,21.431116276029314
2021-06-22 05:55:00,-13.650598669956546,-13.784912610891066,-13.593029042946036,-13.602464533159171,-13.587952597025575,-13.670355273431491,-13.731587463565331,19,0.7083333333333334,65.63949652769072,603.7532271149208,1.097733140208947,21.185177830703115
2021-06-22 06:00:00,-13.676534223150504,-13.80319089962256,-13.627889912115656,-13.652410259537,-13.625318396695498,-13.624051611326118,-13.745058843136947,19,0.7361111111111112,61.30302393660706,627.0153502079979,1.1400279094690873,20.854688932533097
2021-06-22 06:05:00,-13.619671850109691,-13.731782968593132,-13.581602401941716,-13.5514673174989,-13.56860713362346,-13.587572314265495,-13.712017966622822,19,0.7638888888888888,56.58963198367853,658.8812958918048,1.1979659925305544,20.42121190802138
2021-06-22 06:10:00,-13.581760592010047,-13.723248667736131,-13.529511667085616,-13.525099318511575,-13.56193483762434,-13.551583310464638,-13.692447161243024,19,0.7916666666666666,51.55598805017223,702.2327649706286,1.276786845401143,19.863792666931527
2021-06-22 06:15:00,-13.614986597862488,-13.738026918289608,-13.562770165797415,-13.568138596768186,-13.54279532952073,-13.55196484350924,-13.711730386644724,19,0.8194444444444444,46.26470858801082,761.2019950774787,1.3840036274135976,19.158055250843958
2021-06-22 06:20:00,-13.59977959076418,-13.731361642271724,-13.59240515096989,-13.592096723224309,-13.580376875961544,-13.409129366731667,-13.720109400975522,19,0.8472222222222222,40.784883744963764,841.9816786935072,1.5308757794427403,18.27465717160573
2021-06-22 06:25:00,-13.500833869212473,-13.63619436428514,-13.495229992220503,-13.455070264598453,-13.471866021685845,-13.404755326293834,-13.670355273431491,19,0.875,35.19335896718734,954.3017862880093,1.7350941568872897,17.176784347000584
2021-06-22 06:30:00,-13.503530769270473,-13.651364641432648,-13.453505969665764,-13.460876724028356,-13.481765278409968,-13.383377881587997,-13.624051611326118,19,0.9027777777777778,29.577662225059694,1114.256147375883,2.025920267956151,15.816257000944784
2021-06-22 06:35:00,-13.45507706847236,-13.58769833582875,-13.386524535157063,-13.34453003680724,-13.437342673001492,-13.38247412941376,-13.587572314265495,19,0.9305555555555556,24.04301710572996,1349.950291052939,2.4544550746417078,14.128175499124907
2021-06-22 06:40:00,-13.425512295498672,-13.5779462749904,-13.347258026789063,-13.31230149631537,-13.377473551048816,-13.43272449270358,-13.551583310464638,19,0.9583333333333334,18.732096909021678,1712.6296804120188,3.113872146203671,12.028290858350662
2021-06-22 06:45:00,-13.503930976622836,-13.67317090932539,-13.488445388687346,-13.529193847667932,-13.352228983587588,-13.468824978996077,-13.55196484350924,19,0.9861111111111112,13.908664235895909,2288.093132953492,4.160169332642712,9.459771369219304
2021-06-22 06:50:00,-13.2391986978666,-13.37485715885931,-13.165044235677083,-12.954397985952884,-13.07729045782539,-13.614647349149632,-13.409129366731667,20,0.013888888888888888,13.908664235895905,2288.0931329534924,4.160169332642714,9.459771369219304
2021-06-22 06:55:00,-13.328350642729756,-13.51518887887458,-13.181137025744178,-13.1939208651346,-13.312400734014703,-13.59351346277619,-13.404755326293834,20,0.041666666666666664,18.732096909021678,1712.6296804120188,3.113872146203671,12.028290858350662
2021-06-22 07:00:00,-13.34623472706112,-13.504010671513347,-13.32491673629191,-13.271851462804198,-13.279338399129024,-13.585712901302102,-13.383377881587997,20,0.06944444444444445,24.04301710572997,1349.9502910529386,2.454455074641707,14.128175499124909
2021-06-22 07:05:00,-13.332032643415934,-13.495654330001964,-13.265388422273192,-13.31698166019534,-13.288250049204104,-13.661911128000046,-13.38247412941376,20,0.09722222222222222,29.57766222505968,1114.2561473758838,2.0259202679561525,15.81625700094478
2021-06-22 07:10:00,-13.458169472777575,-13.594640802878692,-13.406364602392904,-13.514522354875943,-13.348670601148909,-13.556433498501312,-13.43272449270358,20,0.125,35.193358967187336,954.3017862880095,1.73509415688729,17.176784347000584
2021-06-22 07:15:00,-13.502868118474163,-13.672978256751913,-13.417854760758548,-13.605136013188268,-13.483327915988754,-13.371985107302192,-13.468824978996077,20,0.1527777777777778,40.784883744963764,841.9816786935072,1.5308757794427403,18.27465717160573
2021-06-22 07:20:00,-13.51387158178259,-13.632645758231456,-13.49473141219124,-13.603151782576528,-13.49099189841708,-13.255031981204558,-13.614647349149632,20,0.18055555555555555,46.2647085880108,761.2019950774791,1.3840036274135983,19.15805525084395
2021-06-22 07:25:00,-13.413856568932202,-13.501854290356883,-13.298301086471117,-13.338722712354906,-13.32436024337438,-13.321780237650028,-13.59351346277619,20,0.20833333333333334,51.55598805017222,702.2327649706288,1.2767868454011433,19.863792666931527
2021-06-22 07:30:00,-13.345203256869212,-13.518399132341468,-13.190946670869415,-13.341315002851587,-13.436070472155553,-13.371862426768084,-13.585712901302102,20,0.2361111111111111,56.589631983678515,658.8812958918049,1.1979659925305546,20.421211908021377
2021-06-22 07:35:00,-13.447073066807,-13.6738431263069,-13.3557602232216,-13.556936439988212,-13.528850164806483,-13.37513018347742,-13.661911128000046,20,0.2638888888888889,61.30302393660706,627.0153502079979,1.1400279094690873,20.854688932533097
2021-06-22 07:40:00,-13.282556646025132,-13.417200049428413,-13.208713010382896,-13.059905571396456,-13.18505265517754,-13.412260689777158,-13.556433498501312,20,0.2916666666666667,65.63949652769072,603.7532271149208,1.097733140208947,21.185177830703115
2021-06-22 07:45:00,-13.105673108591445,-13.32057475225054,-13.030716719725218,-12.941001565299777,-13.168845129698324,-13.532947783328662,-13.371985107302192,20,0.3194444444444444,69.54818229029615,587.000796114409,1.0672741747534709,21.431116276029314
2021-06-22 07:50:00,-13.176137923005731,-13.358270766768,-13.038524223186036,-13.036734978806855,-13.131967173602796,-13.54817676853889,-13.255031981204558,20,0.3472222222222222,72.98405557930008,575.1794243398531,1.0457807715270055,21.60889791505997
2021-06-22 07:55:00,-13.310414584361602,-13.557846907742286,-13.193681392034188,-13.242539923329756,-13.386234832602918,-13.411390869743304,-13.321780237650028,20,0.375,75.90806788230319,567.06508111847,1.0310274202154,21.733044318665424
2021-06-22 08:00:00,-13.326643262910336,-13.569368624413425,-13.255387948838337,-13.339156866385844,-13.353143595791328,-13.286824448624133,-13.371862426768084,20,0.4027777777777778,78.28732091574973,561.6956771060345,1.0212648674655171,21.816168916637658
2021-06-22 08:05:00,-13.420791475564474,-13.65438823742321,-13.42240312138886,-13.54767677467044,-13.490016385726596,-13.170332793820409,-13.37513018347742,20,0.4305555555555556,80.09524395594458,558.321757226534,1.0151304676846076,21.86880622268163
2021-06-22 08:10:00,-13.348729277292255,-13.461611281038287,-13.303256574633233,-13.230351946281091,-13.304486898216805,-13.15731855316145,-13.412260689777158,20,0.4583333333333333,81.31175430298669,556.3845700490554,1.0116083091801007,21.899171826367546
2021-06-22 08:15:00,-13.331937898017962,-13.522047541043229,-13.170362073739314,-13.27833301045376,-13.44313714932655,-13.04322753186784,-13.532947783328662,20,0.4861111111111111,81.92338730807863,555.5100547469376,1.0100182813580683,21.91291439402028
2021-06-22 08:20:00,-13.224954148162263,-13.375668618205788,-13.123343292502314,-13.094679153260657,-13.224211915302355,-13.059239518663196,-13.54817676853889,20,0.5138888888888888,81.92338730807863,555.5100547469376,1.0100182813580683,21.91291439402028
2021-06-22 08:25:00,-13.079275066430128,-13.264674081370233,-12.952188587821764,-12.912117724898977,-13.05855770652969,-13.09768376142373,-13.411390869743304,20,0.5416666666666666,81.3117543029867,556.3845700490554,1.0116083091801007,21.899171826367546
2021-06-22 08:30:00,-13.112611228164171,-13.230746616000545,-13.014037633446767,-12.97548551730079,-13.11167778900165,-13.138706788700476,-13.286824448624133,20,0.5694444444444444,80.09524395594458,558.321757226534,1.0151304676846076,21.86880622268163
2021-06-22 08:35:00,-13.1147249940676,-13.298656387966192,-13.054412199202709,-13.108906140828925,-13.14012702468756,-13.094827181132706,-13.170332793820409,20,0.5972222222222222,78.28732091574973,561.6956771060345,1.0212648674655171,21.816168916637658
2021-06-22 08:40:00,-13.140100768712612,-13.334561895710198,-13.15582533544998,-13.167992697342232,-13.197329373350833,-13.044796231872736,-13.15731855316145,20,0.625,75.90806788230319,567.06508111847,1.0310274202154,21.733044318665424
2021-06-22 08:45:00,-13.069297156269425,-13.23480645676452,-13.003113926660252,-12.966884839154911,-12.983718902561238,-13.079459352553297,-13.04322753186784,20,0.6527777777777778,72.98405557930008,575.1794243398531,1.0457807715270055,21.60889791505997
2021-06-22 08:50:00,-13.13802014988719,-13.326836221073595,-13.017709719085929,-13.09589172571166,-13.069894065361016,-13.0822785696906,-13.059239518663196,20,0.6805555555555556,69.54818229029615,587.000796114409,1.0672741747534709,21.431116276029314
2021-06-22 08:55:00,-13.153053600048104,-13.27893139809301,-13.053191281829433,-13.072189791276877,-13.12500878779027,-13.074845133912731,-13.09768376142373,20,0.7083333333333334,65.63949652769072,603.7532271149208,1.097733140208947,21.185177830703115
2021-06-22 09:00:00,-13.145725071864492,-13.281071767027962,-13.056291871136803,-13.133514938611055,-13.137246427303172,-13.071438224897634,-13.138706788700476,20,0.7361111111111112,61.30302393660706,627.0153502079979,1.1400279094690873,20.854688932533097
2021-06-22 09:05:00,-13.093627053374146,-13.19892771917103,-13.031739539692822,-13.033406052654223,-13.039993598262448,-13.055459472409437,-13.094827181132706,20,0.7638888888888888,56.58963198367853,658.8812958918048,1.1979659925305544,20.42121190802138
2021-06-22 09:10:00,-13.061468630582814,-13.174315138712432,-12.990765680581786,-13.040902118963697,-13.030698227144857,-13.05563730357531,-13.044796231872736,20,0.7916666666666666,51.55598805017223,702.2327649706286,1.276786845401143,19.863792666931527
2021-06-22 09:15:00,-13.053408307961227,-13.202462593236056,-13.057029771615465,-13.097522183956634,-13.066588836461523,-13.052855740355566,-13.079459352553297,20,0.8194444444444444,46.26470858801082,761.2019950774787,1.3840036274135976,19.158055250843958
2021-06-22 09:20:00,-13.047741785899465,-13.257051454467447,-13.136948307135794,-13.196754271547402,-13.10166013142372,-12.993637613203676,-13.0822785696906,20,0.8472222222222222,40.784883744963764,841.9816786935072,1.5308757794427403,18.27465717160573
2021-06-22 09:25:00,-13.03526019552298,-13.21339473058794,-13.094425752572205,-13.09884672956326,-13.086060564062102,-13.002506724528644,-13.074845133912731,20,0.875,35.19335896718734,954.3017862880093,1.7350941568872897,17.176784347000584
2021-06-22 09:30:00,-13.090478488032812,-13.254091661632597,-13.081504440037204,-13.156222722393077,-13.07212838195341,-13.004667361563431,-13.071438224897634,20,0.9027777777777778,29.577662225059694,1114.256147375883,2.025920267956151,15.816257000944784
2021-06-22 09:35:00,-12.95727154685229,-13.10645965869351,-12.963352465541917,-12.975840132882702,-12.973815253485824,-13.02620746683168,-13.055459472409437,20,0.9305555555555556,24.04301710572996,1349.950291052939,2.4544550746417078,14.128175499124907
2021-06-22 09:40:00,-12.955410890873472,-13.125536021696222,-12.885157926994586,-12.988368623466927,-12.961736865329277,-13.012085154246591,-13.05563730357531,20,0.9583333333333334,18.732096909021678,1712.6296804120188,3.113872146203671,12.028290858350662
2021-06-22 09:45:00,-13.052274009136534,-13.172867180009671,-12.996127714748027,-13.07350459629479,-13.018673194153347,-12.943591980369678,-13.052855740355566,20,0.9861111111111112,13.908664235895909,2288.093132953492,4.160169332642712,9.459771369219304
2021-06-22 09:50:00,-12.92133464793195,-13.07665560596791,-12.965845300266384,-12.9796543729643,-12.924932676020507,-12.940084670599877,-12.993637613203676,21,0.013888888888888888,13.908664235895905,2288.0931329534924,4.160169332642714,9.459771369219304
2021-06-22 09:55:00,-12.98862449564804,-13.135891299886769,-12.965061633558964,-13.008362621080815,-12.98948096962154,-12.926099336860837,-13.002506724528644,21,0.041666666666666664,18.732096909021678,1712.6296804120188,3.113872146203671,12.028290858350662
2021-06-22 10:00:00,-13.019927025993557,-13.152449216170025,-13.024304708248511,-13.063373279130955,-12.990812202796532,-12.88047901339914,-13.004667361563431,21,0.06944444444444445,24.04301710572997,1349.9502910529386,2.454455074641707,14.128175499124909
2021-06-22 10:05:00,-12.946715772631656,-13.072297448591437,-12.975932479478976,-12.994976580696871,-12.9225097409237,-12.94008455429434,-13.02620746683168,21,0.09722222222222222,29.57766222505968,1114.2561473758838,2.0259202679561525,15.81625700094478
2021-06-22 10:10:00,-12.915917659399538,-13.016926196465342,-12.884151709642367,-12.956380413828803,-12.896711777179856,-12.98647714652084,-13.012085154246591,21,0.125,35.193358967187336,954.3017862880095,1.73509415688729,17.176784347000584
2021-06-22 10:15:00,-12.833793854594647,-12.910853956009683,-12.797078871632657,-12.850687757199692,-12.83903772233543,-13.04826260209356,-12.943591980369678,21,0.1527777777777778,40.784883744963764,841.9816786935072,1.5308757794427403,18.27465717160573
2021-06-22 10:20:00,-12.871200739195467,-12.96947272226978,-12.885123442402904,-12.844016355299386,-12.862499631218505,-13.094697151542489,-12.940084670599877,21,0.18055555555555555,46.2647085880108,761.2019950774791,1.3840036274135983,19.15805525084395
2021-06-22 10:25:00,-12.966153044716936,-13.046149747438928,-12.963488368561746,-12.88271178894317,-12.97975387235109,-13.1091976315807,-12.926099336860837,21,0.20833333333333334,51.55598805017222,702.2327649706288,1.2767868454011433,19.863792666931527
2021-06-22 10:30:00,-12.920674206940843,-13.02353680471365,-12.920164149008906,-12.85737800059697,-12.981648024324528,-13.176381728487394,-12.88047901339914,21,0.2361111111111111,56.589631983678515,658.8812958918049,1.1979659925305546,20.421211908021377
2021-06-22 10:35:00,-13.102178010903012,-13.209970435168405,-12.85947219809382,-13.110903252278876,-13.058086320188762,-13.165886171458473,-12.94008455429434,21,0.2638888888888889,61.30302393660706,627.0153502079979,1.1400279094690873,20.854688932533097
2021-06-22 10:40:00,-13.002629804863036,-13.106029081348169,-13.0499259166527,-13.095713109483416,-12.984940866684346,-13.174416397525391,-12.98647714652084,21,0.2916666666666667,65.63949652769072,603.7532271149208,1.097733140208947,21.185177830703115
2021-06-22 10:45:00,-12.960528218190142,-13.062862820739268,-12.89796543456176,-12.93660352957587,-13.007097362221607,-13.186196607361794,-13.04826260209356,21,0.3194444444444444,69.54818229029615,587.000796114409,1.0672741747534709,21.431116276029314
2021-06-22 10:50:00,-13.034934918012745,-13.117850704651543,-12.949939762113647,-13.013059009583175,-13.060072266307174,-13.207160622229544,-13.094697151542489,21,0.3472222222222222,72.98405557930008,575.1794243398531,1.0457807715270055,21.60889791505997
2021-06-22 10:55:00,-13.09127710000172,-13.131990374368351,-13.03933667551383,-13.064636240955808,-13.102405446380358,-13.22806840337022,-13.1091976315807,21,0.375,75.90806788230319,567.06508111847,1.0310274202154,21.733044318665424
2021-06-22 11:00:00,-13.154878259463262,-13.224265869000744,-13.136086308649295,-13.158608904940236,-13.189320777616766,-13.194744889863312,-13.176381728487394,21,0.4027777777777778,78.28732091574973,561.6956771060345,1.0212648674655171,21.816168916637658
2021-06-22 11:05:00,-13.096942749771957,-13.191796220456196,-13.086434079293754,-13.06343102483001,-13.192690294401764,-13.173942743226496,-13.165886171458473,21,0.4305555555555556,80.09524395594458,558.321757226534,1.0151304676846076,21.86880622268163
2021-06-22 11:10:00,-13.04398197680912,-13.169745595439007,-13.04300384724406,-12.953878100203085,-13.15227865625595,-13.171292605263414,-13.174416397525391,21,0.4583333333333333,81.31175430298669,556.3845700490554,1.0116083091801007,21.899171826367546
2021-06-22 11:15:00,-13.059996435097135,-13.153582264236093,-13.019172348441202,-13.007584856879392,-13.102256575293168,-13.17208714653853,-13.186196607361794,21,0.4861111111111111,81.92338730807863,555.5100547469376,1.0100182813580683,21.91291439402028
2021-06-22 11:20:00,-13.13457829105826,-13.240210008755264,-13.078564439599862,-13.083042551685905,-13.131304755417563,-13.145365135304267,-13.207160622229544,21,0.5138888888888888,81.92338730807863,555.5100547469376,1.0100182813580683,21.91291439402028
2021-06-22 11:25:00,-13.092994293100814,-13.243156214148708,-13.13490731942206,-13.03580662801157,-13.191244587502103,-13.128077276769467,-13.22806840337022,21,0.5416666666666666,81.3117543029867,556.3845700490554,1.0116083091801007,21.899171826367546
2021-06-22 11:30:00,-13.079661142659765,-13.189598957724035,-13.065351345549244,-13.000259934167424,-13.113004602566244,-13.120958360239676,-13.194744889863312,21,0.5694444444444444,80.09524395594458,558.321757226534,1.0151304676846076,21.86880622268163
2021-06-22 11:35:00,-13.084349942225842,-13.197439460695248,-13.06830867551158,-12.98514934435918,-13.105219836837882,-13.110191695004316,-13.173942743226496,21,0.5972222222222222,78.28732091574973,561.6956771060345,1.0212648674655171,21.816168916637658
2021-06-22 11:40:00,-13.084837087967015,-13.204812179859225,-13.051311842506408,-13.011449282800148,-13.118934091446867,-13.111130135304922,-13.171292605263414,21,0.625,75.90806788230319,567.06508111847,1.0310274202154,21.733044318665424
2021-06-22 11:45:00,-13.061527306726164,-13.17489332770846,-13.049788210897049,-12.966559707026596,-13.092336643442591,-13.112680488111376,-13.17208714653853,21,0.6527777777777778,72.98405557930008,575.1794243398531,1.0457807715270055,21.60889791505997
2021-06-22 11:50:00,-13.054876781669726,-13.17518456150576,-13.025243264854655,-12.95235368353135,-13.0745402971006,-13.11684661059477,-13.145365135304267,21,0.6805555555555556,69.54818229029615,587.000796114409,1.0672741747534709,21.431116276029314
2021-06-22 11:55:00,-13.056750667403366,-13.172376268642594,-12.99124834855979,-12.979376635342255,-13.085297396205554,-13.09916927389338,-13.128077276769467,21,0.7083333333333334,65.63949652769072,603.7532271149208,1.097733140208947,21.185177830703115
2021-06-22 12:00:00,-13.035436950862636,-13.135138613451735,-12.973414115689163,-12.960141153363445,-13.086498745172252,-13.101656991174226,-13.120958360239676,21,0.7361111111111112,61.30302393660706,627.0153502079979,1.1400279094690873,20.854688932533097
2021-06-22 12:05:00,-13.018017201849023,-13.124683857844424,-12.957849759828832,-12.964603738660314,-13.05104419438969,-13.091277129078104,-13.110191695004316,21,0.7638888888888888,56.58963198367853,658.8812958918048,1.1979659925305544,20.42121190802138
2021-06-22 12:10:00,-13.041704365480628,-13.155722690989943,-12.973061302843076,-12.980564987165211,-13.064351466848786,-13.065073782385507,-13.111130135304922,21,0.7916666666666666,51.55598805017223,702.2327649706286,1.276786845401143,19.863792666931527
2021-06-22 12:15:00,-13.032109274994529,-13.124533268520407,-12.993009330693514,-12.95420352309524,-13.08482443973988,-13.061558651068353,-13.112680488111376,21,0.8194444444444444,46.26470858801082,761.2019950774787,1.3840036274135976,19.158055250843958
2021-06-22 12:20:00,-13.029381503085585,-13.12295729877393,-12.95125285162489,-12.965478530755869,-13.091831499419587,-13.046016945711322,-13.11684661059477,21,0.8472222222222222,40.784883744963764,841.9816786935072,1.5308757794427403,18.27465717160573
2021-06-22 12:25:00,-12.976838267000106,-13.066250805889856,-12.92019997111426,-12.970779097445876,-13.059269699950011,-13.035229665319552,-13.09916927389338,21,0.875,35.19335896718734,954.3017862880093,1.7350941568872897,17.176784347000584
2021-06-22 12:30:00,-12.979373146176153,-13.074238486870009,-12.889269851097795,-12.968954903252865,-13.0574197150042,-13.02517441197683,-13.101656991174226,21,0.9027777777777778,29.577662225059694,1114.256147375883,2.025920267956151,15.816257000944784
2021-06-22 12:35:00,-12.967268124051662,-13.039307169765411,-12.896359778472524,-12.928248488723858,-13.03819446791263,-13.028804540393566,-13.091277129078104,21,0.9305555555555556,24.04301710572996,1349.950291052939,2.4544550746417078,14.128175499124907
2021-06-22 12:40:00,-12.95126506370626,-13.028471763432565,-12.883612691631752,-12.895457131200889,-13.01758280066882,-13.020644689308805,-13.065073782385507,21,0.9583333333333334,18.732096909021678,1712.6296804120188,3.113872146203671,12.028290858350662
2021-06-22 12:45:00,-12.983687848982894,-13.055295512068678,-12.929567277206408,-12.917220921092916,-13.016404131281814,-13.000854778835736,-13.061558651068353,21,0.9861111111111112,13.908664235895909,2288.093132953492,4.160169332642712,9.459771369219304
2021-06-22 12:50:00,-12.970778399612657,-13.033851465127224,-12.936649702874004,-12.918576287666813,-13.02683464443924,-12.977517491335416,-13.046016945711322,22,0.013888888888888888,13.908664235895905,2288.0931329534924,4.160169332642714,9.459771369219304
2021-06-22 12:55:00,-12.940512849433857,-12.998192815175074,-12.879721631743054,-12.874968689673391,-12.979924841490288,-12.989368967389536,-13.035229665319552,22,0.041666666666666664,18.732096909021678,1712.6296804120188,3.113872146203671,12.028290858350662
2021-06-22 13:00:00,-12.9401249704684,-13.000334889767563,-12.884427295611978,-12.86139344925735,-12.963072459961904,-12.983163776233765,-13.02517441197683,22,0.06944444444444445,24.04301710572997,1349.9502910529386,2.454455074641707,14.128175499124909
2021-06-22 13:05:00,-12.954781270849637,-13.004565556470416,-12.880188540320813,-12.8721877661341,-13.001772022452249,-12.963667653546828,-13.028804540393566,22,0.09722222222222222,29.57766222505968,1114.2561473758838,2.0259202679561525,15.81625700094478
2021-06-22 13:10:00,-12.927570485596682,-12.972859637770725,-12.8659848429363,-12.863974094662153,-12.972110272468102,-12.96412141959892,-13.020644689308805,22,0.125,35.193358967187336,954.3017862880095,1.73509415688729,17.176784347000584
2021-06-22 13:15:00,-12.91967380486547,-12.96134934033226,-12.847718709454517,-12.84087424491535,-12.94705654785468,-12.96658453825872,-13.000854778835736,22,0.1527777777777778,40.784883744963764,841.9816786935072,1.5308757794427403,18.27465717160573
2021-06-22 13:20:00,-12.89451494004672,-12.92921076280684,-12.805632504188871,-12.830668259596848,-12.9179947018297,-12.982420002325492,-12.977517491335416,22,0.18055555555555555,46.2647085880108,761.2019950774791,1.3840036274135983,19.15805525084395
2021-06-22 13:25:00,-12.933046499189055,-12.978510336647824,-12.852523698251929,-12.84661107367415,-12.914361665774544,-12.968804229429852,-12.989368967389536,22,0.20833333333333334,51.55598805017222,702.2327649706288,1.2767868454011433,19.863792666931527
2021-06-22 13:30:00,-12.91651890087238,-12.95156557305484,-12.85682572375515,-12.858088511121698,-12.97015389703244,-12.972225589407907,-12.983163776233765,22,0.2361111111111111,56.589631983678515,658.8812958918049,1.1979659925305546,20.421211908021377
2021-06-22 13:35:00,-12.897483987791894,-12.932434224278603,-12.852082493197816,-12.852265732571151,-12.95336490202165,-12.97340690474588,-12.963667653546828,22,0.2638888888888889,61.30302393660706,627.0153502079979,1.1400279094690873,20.854688932533097
2021-06-22 13:40:00,-12.913075908064464,-12.94405218050813,-12.860701663924056,-12.847801693455072,-12.929298785874549,-12.954079366934634,-12.96412141959892,22,0.2916666666666667,65.63949652769072,603.7532271149208,1.097733140208947,21.185177830703115
2021-06-22 13:45:00,-12.911878019187489,-12.94374192429286,-12.83905150454155,-12.868412488407357,-12.958526076525722,-12.941070825246982,-12.96658453825872,22,0.3194444444444444,69.54818229029615,587.000796114409,1.0672741747534709,21.431116276029314
2021-06-22 13:50:00,-12.917725628970157,-12.954615866922294,-12.882918173118345,-12.87468763734355,-12.981216356324442,-12.91451443309722,-12.982420002325492,22,0.3472222222222222,72.98405557930008,575.1794243398531,1.0457807715270055,21.60889791505997
2021-06-22 13:55:00,-12.90744480103868,-12.937841910320673,-12.876262530618284,-12.850754167661243,-12.946313297321325,-12.900309572657342,-12.968804229429852,22,0.375,75.90806788230319,567.06508111847,1.0310274202154,21.733044318665424
2021-06-22 14:00:00,-12.922587374869558,-12.95533762024604,-12.872436194760851,-12.856961510469445,-12.9648051216974,-12.867898359781629,-12.972225589407907,22,0.4027777777777778,78.28732091574973,561.6956771060345,1.0212648674655171,21.816168916637658
2021-06-22 14:05:00,-12.900712164273212,-12.922751235343194,-12.849377226410258,-12.843891908374935,-12.931342216004555,-12.866617545056863,-12.97340690474588,22,0.4305555555555556,80.09524395594458,558.321757226534,1.0151304676846076,21.86880622268163
2021-06-22 14:10:00,-12.864795909585665,-12.890417114299316,-12.789295530647122,-12.82677004691763,-12.881309900154529,-12.891693309569524,-12.954079366934634,22,0.4583333333333333,81.31175430298669,556.3845700490554,1.0116083091801007,21.899171826367546
2021-06-22 14:15:00,-12.868773442641023,-12.904507522313663,-12.789324490725802,-12.826444216956094,-12.888115576797148,-12.898823536812774,-12.941070825246982,22,0.4861111111111111,81.92338730807863,555.5100547469376,1.0100182813580683,21.91291439402028
2021-06-22 14:20:00,-12.843246761561929,-12.873137126688368,-12.737581262275672,-12.809522575480509,-12.8768420811085,-12.924156045798073,-12.91451443309722,22,0.5138888888888888,81.92338730807863,555.5100547469376,1.0100182813580683,21.91291439402028
2021-06-22 14:25:00,-12.86034983967503,-12.894377940197716,-12.82615723304387,-12.830064459402196,-12.872383217588808,-12.941312857069205,-12.900309572657342,22,0.5416666666666666,81.3117543029867,556.3845700490554,1.0116083091801007,21.899171826367546
2021-06-22 14:30:00,-12.835984876450942,-12.866151505057235,-12.806632266583792,-12.828384018852752,-12.835061759404818,-12.944905244339228,-12.867898359781629,22,0.5694444444444444,80.09524395594458,558.321757226534,1.0151304676846076,21.86880622268163
2021-06-22 14:35:00,-12.874149200860618,-12.914583679766375,-12.845496634019876,-12.862213170681198,-12.877439717109697,-12.948324045595472,-12.866617545056863,22,0.5972222222222222,78.28732091574973,561.6956771060345,1.0212648674655171,21.816168916637658
2021-06-22 14:40:00,-12.908193343473965,-12.948904573838412,-12.920835406414945,-12.891756637934348,-12.89391806003151,-12.938190576779206,-12.891693309569524,22,0.625,75.90806788230319,567.06508111847,1.0310274202154,21.733044318665424
2021-06-22 14:45:00,-12.890052761819229,-12.925062256760324,-12.881284487394725,-12.846142304207802,-12.902808978644645,-12.923848882875202,-12.898823536812774,22,0.6527777777777778,72.98405557930008,575.1794243398531,1.0457807715270055,21.60889791505997
2021-06-22 14:50:00,-12.901850969937458,-12.941211364513936,-12.83582158347718,-12.8409362357665,-12.92669865929232,-12.90435921514556,-12.924156045798073,22,0.6805555555555556,69.54818229029615,587.000796114409,1.0672741747534709,21.431116276029314
2021-06-22 14:55:00,-12.913051134985112,-12.942026842273938,-12.87624153746888,-12.819669768350124,-12.921338893084044,-12.889341960530656,-12.941312857069205,22,0.7083333333333334,65.63949652769072,603.7532271149208,1.097733140208947,21.185177830703115
2021-06-22 15:00:00,-12.860399095069893,-12.887843363802387,-12.785857480824523,-12.806221126510962,-12.8583550834122,-12.899635465765654,-12.944905244339228,22,0.7361111111111112,61.30302393660706,627.0153502079979,1.1400279094690873,20.854688932533097
2021-06-22 15:05:00,-12.889893772150328,-12.930272491260247,-12.843504552784395,-12.823912129112934,-12.908587270327336,-12.897484511166809,-12.948324045595472,22,0.7638888888888888,56.58963198367853,658.8812958918048,1.1979659925305544,20.42121190802138
2021-06-22 15:10:00,-12.885451075100262,-12.923769079251803,-12.847391658284842,-12.82886023187346,-12.907193522926274,-12.905259071084313,-12.938190576779206,22,0.7916666666666666,51.55598805017223,702.2327649706286,1.276786845401143,19.863792666931527
2021-06-22 15:15:00,-12.865526657273808,-12.901035555211404,-12.813569135872,-12.812329144390675,-12.872917408919644,-12.922236946286974,-12.923848882875202,22,0.8194444444444444,46.26470858801082,761.2019950774787,1.3840036274135976,19.158055250843958
2021-06-22 15:20:00,-12.867603234481823,-12.901217337831756,-12.806042481206331,-12.79370060285601,-12.886008178621864,-12.92899633332592,-12.90435921514556,22,0.8472222222222222,40.784883744963764,841.9816786935072,1.5308757794427403,18.27465717160573
2021-06-22 15:25:00,-12.87877170627068,-12.91461946966523,-12.792845117479576,-12.810715114302786,-12.870368456773638,-12.9216785052517,-12.889341960530656,22,0.875,35.19335896718734,954.3017862880093,1.7350941568872897,17.176784347000584
2021-06-22 15:30:00,-12.884946250917483,-12.919675905892207,-12.819287239439364,-12.802422006149158,-12.894616416627636,-12.928394219561554,-12.899635465765654,22,0.9027777777777778,29.577662225059694,1114.256147375883,2.025920267956151,15.816257000944784
2021-06-22 15:35:00,-12.90081067506294,-12.932226134058936,-12.818079173827911,-12.817732234411434,-12.918162705177709,-12.947005082654616,-12.897484511166809,22,0.9305555555555556,24.04301710572996,1349.950291052939,2.4544550746417078,14.128175499124907
2021-06-22 15:40:00,-12.920920774679004,-12.960420595347935,-12.865980190714826,-12.839591976371375,-12.91480938393872,-12.93999872080813,-12.905259071084313,22,0.9583333333333334,18.732096909021678,1712.6296804120188,3.113872146203671,12.028290858350662
2021-06-22 15:45:00,-12.925927379124577,-12.960199842789253,-12.90300594207133,-12.850223988871427,-12.933356627903116,-12.958762932751554,-12.922236946286974,22,0.9861111111111112,13.908664235895909,2288.093132953492,4.160169332642712,9.459771369219304
2021-06-22 15:50:00,-12.903987618955266,-12.939087791969316,-12.868235820296851,-12.82083526613508,-12.914622480940972,-12.949092243666486,-12.92899633332592,23,0.013888888888888888,13.908664235895905,2288.0931329534924,4.160169332642714,9.459771369219304
2021-06-22 15:55:00,-12.878712274141344,-12.91740986757897,-12.851142570001617,-12.79054488472416,-12.856158129973526,-12.955003588883358,-12.9216785052517,23,0.041666666666666664,18.732096909021678,1712.6296804120188,3.113872146203671,12.028290858350662
2021-06-22 16:00:00,-12.913855097008714,-12.95975880022308,-12.902472448573716,-12.835876363385044,-12.904173475203182,-12.94334529632598,-12.928394219561554,23,0.06944444444444445,24.04301710572997,1349.9502910529386,2.454455074641707,14.128175499124909
2021-06-22 16:05:00,-12.94131419458288,-12.99568694406628,-12.911312250903393,-12.84161929818453,-12.987049718678842,-12.910466418886518,-12.947005082654616,23,0.09722222222222222,29.57766222505968,1114.2561473758838,2.0259202679561525,15.81625700094478
2021-06-22 16:10:00,-12.916734705796038,-12.968385669138344,-12.928622294719352,-12.83282741373604,-12.959784327976331,-12.906791280227017,-12.93999872080813,23,0.125,35.193358967187336,954.3017862880095,1.73509415688729,17.176784347000584
2021-06-22 16:15:00,-12.959926453342383,-13.02200917156724,-12.93915637795736,-12.861813195939908,-13.00145183330925,-12.873814531678278,-12.958762932751554,23,0.1527777777777778,40.784883744963764,841.9816786935072,1.5308757794427403,18.27465717160573
2021-06-22 16:20:00,-12.916593801638122,-12.954827946646038,-12.870607348346365,-12.818604118868569,-12.881608456467667,-12.90150437943759,-12.949092243666486,23,0.18055555555555555,46.2647085880108,761.2019950774791,1.3840036274135983,19.15805525084395
2021-06-22 16:25:00,-12.903058919243373,-12.964111753898592,-12.839118031308638,-12.823865665050954,-12.897778473411243,-12.913499318371434,-12.955003588883358,23,0.20833333333333334,51.55598805017222,702.2327649706288,1.2767868454011433,19.863792666931527
2021-06-22 16:30:00,-12.91573447817897,-12.961186464492078,-12.864467637207854,-12.830792124993613,-12.881809839504756,-12.931213640233548,-12.94334529632598,23,0.2361111111111111,56.589631983678515,658.8812958918049,1.1979659925305546,20.421211908021377
2021-06-22 16:35:00,-12.912208617676038,-12.955493673456068,-12.843766938075571,-12.849593671014372,-12.87003186854994,-12.960510248984695,-12.910466418886518,23,0.2638888888888889,61.30302393660706,627.0153502079979,1.1400279094690873,20.854688932533097
2021-06-22 16:40:00,-12.949546242329651,-12.991219624607355,-12.910894365109424,-12.921776085597134,-12.908532781183313,-12.981182860329824,-12.906791280227017,23,0.2916666666666667,65.63949652769072,603.7532271149208,1.097733140208947,21.185177830703115
2021-06-22 16:45:00,-12.93274515154303,-12.97112281584555,-12.923855686749109,-12.883737487472812,-12.898156233794992,-12.99411586157128,-12.873814531678278,23,0.3194444444444444,69.54818229029615,587.000796114409,1.0672741747534709,21.431116276029314
2021-06-22 16:50:00,-12.962005531119445,-13.0220074080908,-12.949072646183524,-12.929470918069113,-12.9484566339075,-12.998008084515346,-12.90150437943759,23,0.3472222222222222,72.98405557930008,575.1794243398531,1.0457807715270055,21.60889791505997
2021-06-22 16:55:00,-12.968088136239352,-13.0096064972323,-12.914731052159638,-12.911643779836236,-12.9576677998164,-13.003661289593138,-12.913499318371434,23,0.375,75.90806788230319,567.06508111847,1.0310274202154,21.733044318665424
2021-06-22 17:00:00,-12.981076208152516,-13.023450567824892,-12.938957844405929,-12.934254739258812,-12.977929736310848,-13.013340236371322,-12.931213640233548,23,0.4027777777777778,78.28732091574973,561.6956771060345,1.0212648674655171,21.816168916637658
2021-06-22 17:05:00,-13.003175045219876,-13.043910219091156,-12.97277437708362,-12.955810574850918,-13.003724850569036,-13.019157955631014,-12.960510248984695,23,0.4305555555555556,80.09524395594458,558.321757226534,1.0151304676846076,21.86880622268163
2021-06-22 17:10:00,-13.013648242509332,-13.055875406722247,-12.99534102409665,-12.954312268772211,-13.04222535613303,-13.00204714319971,-12.981182860329824,23,0.4583333333333333,81.31175430298669,556.3845700490554,1.0116083091801007,21.899171826367546
2021-06-22 17:15:00,-12.993383892674998,-13.030372357390863,-12.958336847417236,-12.925036013490017,-12.99908164277341,-13.017307185622828,-12.99411586157128,23,0.4861111111111111,81.92338730807863,555.5100547469376,1.0100182813580683,21.91291439402028
2021-06-22 17:20:00,-13.026916290926122,-13.07159046799654,-13.001960786338586,-12.976306169168934,-13.03297668168849,-13.006494172631024,-12.998008084515346,23,0.5138888888888888,81.92338730807863,555.5100547469376,1.0100182813580683,21.91291439402028
2021-06-22 17:25:00,-13.032891371577197,-13.063780724679916,-13.009942515493634,-12.965478414450333,-13.024428224728666,-13.012716460700712,-13.003661289593138,23,0.5416666666666666,81.3117543029867,556.3845700490554,1.0116083091801007,21.899171826367546
2021-06-22 17:30:00,-13.044791725033184,-13.088678641408054,-13.011503713791402,-12.989618907988264,-13.04977451592008,-13.01711062926552,-13.013340236371322,23,0.5694444444444444,80.09524395594458,558.321757226534,1.0151304676846076,21.86880622268163
2021-06-22 17:35:00,-13.059801187177117,-13.101716167260632,-13.064587741546934,-12.982831375009397,-13.066077324710376,-13.00387959508584,-13.019157955631014,23,0.5972222222222222,78.28732091574973,561.6956771060345,1.0212648674655171,21.816168916637658
2021-06-22 17:40:00,-13.032384512047525,-13.076866124581365,-12.98357474184829,-12.937419296611465,-13.002853663945125,-13.027648463357094,-13.00204714319971,23,0.625,75.90806788230319,567.06508111847,1.0310274202154,21.733044318665424
2021-06-22 17:45:00,-13.067178127540451,-13.11403419472655,-13.035080474392132,-12.989465035762986,-13.051623773956289,-13.027731912579796,-13.017307185622828,23,0.6527777777777778,72.98405557930008,575.1794243398531,1.0457807715270055,21.60889791505997
2021-06-22 17:50:00,-13.061123842818768,-13.09502024722596,-13.0248087764453,-12.963688937460075,-13.027789134903935,-13.036390220119191,-13.006494172631024,23,0.6805555555555556,69.54818229029615,587.000796114409,1.0672741747534709,21.431116276029314
2021-06-22 17:55:00,-13.067682544653849,-13.115808483298666,-13.04780938849277,-12.992679604496493,-13.05773894462652,-13.05044821574239,-13.012716460700712,23,0.7083333333333334,65.63949652769072,603.7532271149208,1.097733140208947,21.185177830703115
2021-06-22 18:00:00,-13.096880700768038,-13.128671106979946,-13.06647049557776,-13.03640426401277,-13.087672762337784,-13.052054540588465,-13.01711062926552,23,0.7361111111111112,61.30302393660706,627.0153502079979,1.1400279094690873,20.854688932533097
2021-06-22 18:05:00,-13.083567322268255,-13.100481560297409,-13.03472475390762,-12.99365866450585,-13.036902226168872,-13.073685509557388,-13.00387959508584,23,0.7638888888888888,56.58963198367853,658.8812958918048,1.1979659925305544,20.42121190802138
2021-06-22 18:10:00,-13.137025388630354,-13.15157580387262,-13.077388270781896,-13.118179413894511,-13.079528321736658,-13.077738292295102,-13.027648463357094,23,0.7916666666666666,51.55598805017223,702.2327649706286,1.276786845401143,19.863792666931527
2021-06-22 18:15:00,-13.141409467689838,-13.141776859134056,-13.087479956834043,-13.084201594513566,-13.11162103189966,-13.101824064077936,-13.027731912579796,23,0.8194444444444444,46.26470858801082,761.2019950774787,1.3840036274135976,19.158055250843958
2021-06-22 18:20:00,-13.151747721480143,-13.14397949902388,-13.1163799055517,-13.108085518037166,-13.113481164503565,-13.138996244105355,-13.036390220119191,23,0.8472222222222222,40.784883744963764,841.9816786935072,1.5308757794427403,18.27465717160573
2021-06-22 18:25:00,-13.192814683173443,-13.177617869895553,-13.163612223754392,-13.17231280835644,-13.14912886970648,-13.162564514401897,-13.05044821574239,23,0.875,35.19335896718734,954.3017862880093,1.7350941568872897,17.176784347000584
2021-06-22 18:30:00,-13.195122941010904,-13.168046529255276,-13.16918529431728,-13.1671795762576,-13.180995132989198,-13.1962382529567,-13.052054540588465,23,0.9027777777777778,29.577662225059694,1114.256147375883,2.025920267956151,15.816257000944784
2021-06-22 18:35:00,-13.205976166642078,-13.184759197823317,-13.180467164004584,-13.194226923154869,-13.205382572258284,-13.239838988923443,-13.073685509557388,23,0.9305555555555556,24.04301710572996,1349.950291052939,2.4544550746417078,14.128175499124907
2021-06-22 18:40:00,-13.237765610117693,-13.19606140504211,-13.24896339090184,-13.20604292602024,-13.216677264631029,-13.30526807889337,-13.077738292295102,23,0.9583333333333334,18.732096909021678,1712.6296804120188,3.113872146203671,12.028290858350662
2021-06-22 18:45:00,-13.256473123111894,-13.22645815930754,-13.286589002602934,-13.227603006764442,-13.273190154071743,-13.3686627451433,-13.101824064077936,23,0.9861111111111112,13.908664235895909,2288.093132953492,4.160169332642712,9.459771369219304
2021-06-22 18:50:00,-13.31532523673926,-13.26388559058162,-13.315678645651223,-13.333548758779974,-13.326701357526002,-13.41419945946218,-13.138996244105355,24,0.013888888888888888,13.908664235895905,2288.0931329534924,4.160169332642714,9.459771369219304
2021-06-22 18:55:00,-13.337268224387216,-13.274376323999212,-13.3005145989106,-13.38797690054871,-13.351910277340185,-13.475336187283446,-13.162564514401897,24,0.041666666666666664,18.732096909021678,1712.6296804120188,3.113872146203671,12.028290858350662
2021-06-22 19:00:00,-13.3520830492152,-13.294049696049774,-13.341997498280126,-13.399403323480149,-13.365492757775897,-13.521561649362106,-13.1962382529567,24,0.06944444444444445,24.04301710572997,1349.9502910529386,2.454455074641707,14.128175499124909
2021-06-22 19:05:00,-13.411013145705036,-13.340453294666345,-13.436883829485806,-13.461327378907336,-13.408628053522284,-13.554303304440802,-13.239838988923443,24,0.09722222222222222,29.57766222505968,1114.2561473758838,2.0259202679561525,15.81625700094478
2021-06-22 19:10:00,-13.48266299359993,-13.40679331241722,-13.50017691193565,-13.582468638311216,-13.515915106410848,-13.58273940487014,-13.30526807889337,24,0.125,35.193358967187336,954.3017862880095,1.73509415688729,17.176784347000584
2021-06-22 19:15:00,-13.54622425662778,-13.449552911023124,-13.557278145655532,-13.619438279515276,-13.60180664362078,-13.608152026563053,-13.3686627451433,24,0.1527777777777778,40.784883744963764,841.9816786935072,1.5308757794427403,18.27465717160573
2021-06-22 19:20:00,-13.586739101399372,-13.462744903679674,-13.591126262555582,-13.644490957378864,-13.610436732529292,-13.576379345622936,-13.41419945946218,24,0.18055555555555555,46.2647085880108,761.2019950774791,1.3840036274135983,19.15805525084395
2021-06-22 19:25:00,-13.619978998494368,-13.508596841334088,-13.599405552157611,-13.671638283423263,-13.661232717803491,-13.52479206109046,-13.475336187283446,24,0.20833333333333334,51.55598805017222,702.2327649706288,1.2767868454011433,19.863792666931527
2021-06-22 19:30:00,-13.633582661075984,-13.5103445115303,-13.64995656162569,-13.68673291029657,-13.649817314821671,-13.490184585340195,-13.521561649362106,24,0.2361111111111111,56.589631983678515,658.8812958918049,1.1979659925305546,20.421211908021377
2021-06-22 19:35:00,-13.64644189553068,-13.537480749636682,-13.672625223132744,-13.699362484930528,-13.644420650681829,-13.393405621402152,-13.554303304440802,24,0.2638888888888889,61.30302393660706,627.0153502079979,1.1400279094690873,20.854688932533097
2021-06-22 19:40:00,-13.690705282293733,-13.591962624221718,-13.694517487028431,-13.733167241672614,-13.699640033556072,-13.278890710041232,-13.58273940487014,24,0.2916666666666667,65.63949652769072,603.7532271149208,1.097733140208947,21.185177830703115
2021-06-22 19:45:00,-13.713009485862818,-13.624126432469454,-13.745657060665833,-13.743636804414043,-13.760867382471938,-13.207490959030634,-13.608152026563053,24,0.3194444444444444,69.54818229029615,587.000796114409,1.0672741747534709,21.431116276029314
2021-06-22 19:50:00,-13.600369434294407,-13.51600270518226,-13.58735987493331,-13.582071055102528,-13.5832238174312,-13.220288726009096,-13.576379345622936,24,0.3472222222222222,72.98405557930008,575.1794243398531,1.0457807715270055,21.60889791505997
2021-06-22 19:55:00,-13.547994870313774,-13.503415154915842,-13.474274692998923,-13.466805958490616,-13.562209878411744,-13.24451458781109,-13.52479206109046,24,0.375,75.90806788230319,567.06508111847,1.0310274202154,21.733044318665424
2021-06-22 20:00:00,-13.540906178685375,-13.5051763475072,-13.489645647289636,-13.437347052631864,-13.476218870891406,-13.28240315179285,-13.490184585340195,24,0.4027777777777778,78.28732091574973,561.6956771060345,1.0212648674655171,21.816168916637658
2021-06-22 20:05:00,-13.434119101492524,-13.375370359412186,-13.372774007758771,-13.315599339813271,-13.286478904874096,-13.388302679626571,-13.393405621402152,24,0.4305555555555556,80.09524395594458,558.321757226534,1.0151304676846076,21.86880622268163
2021-06-22 20:10:00,-13.411544458473836,-13.344090884006516,-13.321691801827432,-13.23752032174044,-13.261337398656725,-13.445149693067425,-13.278890710041232,24,0.4583333333333333,81.31175430298669,556.3845700490554,1.0116083091801007,21.899171826367546
2021-06-22 20:15:00,-13.462842498405216,-13.410861327328126,-13.400316634515695,-13.321936188836776,-13.374464690464553,-13.48715287866851,-13.207490959030634,24,0.4861111111111111,81.92338730807863,555.5100547469376,1.0100182813580683,21.91291439402028
2021-06-22 20:20:00,-13.489650524853088,-13.436744030009027,-13.457928538588856,-13.382336867072969,-13.398002525055912,-13.480996423394396,-13.220288726009096,24,0.5138888888888888,81.92338730807863,555.5100547469376,1.0100182813580683,21.91291439402028
2021-06-22 20:25:00,-13.50748592441363,-13.449214656005722,-13.487783977271915,-13.420373742421525,-13.43375080183729,-13.514011942575577,-13.24451458781109,24,0.5416666666666666,81.3117543029867,556.3845700490554,1.0116083091801007,21.899171826367546
2021-06-22 20:30:00,-13.552667968632376,-13.493094293425283,-13.47260690794571,-13.480628638936349,-13.487113079686136,-13.476104712463783,-13.28240315179285,24,0.5694444444444444,80.09524395594458,558.321757226534,1.0151304676846076,21.86880622268163
2021-06-22 20:35:00,-13.57704568912004,-13.510362124612591,-13.47557525058857,-13.526940929458735,-13.51243630603577,-13.415439203794234,-13.388302679626571,24,0.5972222222222222,78.28732091574973,561.6956771060345,1.0212648674655171,21.816168916637658
2021-06-22 20:40:00,-13.502847430626794,-13.414731536556124,-13.425649746835964,-13.409813439554046,-13.481872308580272,-13.408980924521144,-13.445149693067425,24,0.625,75.90806788230319,567.06508111847,1.0310274202154,21.733044318665424
2021-06-22 20:45:00,-13.516886786470437,-13.480868082371936,-13.452594421386012,-13.48094006518405,-13.564030423518538,-13.332821064112172,-13.48715287866851,24,0.6527777777777778,72.98405557930008,575.1794243398531,1.0457807715270055,21.60889791505997
2021-06-22 20:50:00,-13.495040813995692,-13.435702046709832,-13.435851552424234,-13.423983321103712,-13.478594127987195,-13.28177267401568,-13.480996423394396,24,0.6805555555555556,69.54818229029615,587.000796114409,1.0672741747534709,21.431116276029314
2021-06-22 20:55:00,-13.566270468158622,-13.529822246106692,-13.501811904279286,-13.538122442005914,-13.528199420789516,-13.2140804527566,-13.514011942575577,24,0.7083333333333334,65.63949652769072,603.7532271149208,1.097733140208947,21.185177830703115
2021-06-22 21:00:00,-13.494816954913606,-13.452443834321189,-13.45437171900583,-13.428106286963832,-13.481432411963452,-13.211222069729756,-13.476104712463783,24,0.7361111111111112,61.30302393660706,627.0153502079979,1.1400279094690873,20.854688932533097
2021-06-22 21:05:00,-13.441671168917996,-13.441998402011436,-13.385929036270108,-13.3423980545491,-13.375363027162228,-13.20379139620839,-13.415439203794234,24,0.7638888888888888,56.58963198367853,658.8812958918048,1.1979659925305544,20.42121190802138
2021-06-22 21:10:00,-13.468701825970722,-13.45876750182549,-13.372044350435036,-13.3249254155926,-13.39104962014181,-13.153567379757218,-13.408980924521144,24,0.7916666666666666,51.55598805017223,702.2327649706286,1.276786845401143,19.863792666931527
2021-06-22 21:15:00,-13.410694672068706,-13.387018901839602,-13.320354884219324,-13.295115928500246,-13.246350325328637,-13.170263475720434,-13.332821064112172,24,0.8194444444444444,46.26470858801082,761.2019950774787,1.3840036274135976,19.158055250843958
2021-06-22 21:20:00,-13.38727693021326,-13.359487825695194,-13.270903456373183,-13.26155422125383,-13.198388567875092,-13.20728131830043,-13.28177267401568,24,0.8472222222222222,40.784883744963764,841.9816786935072,1.5308757794427403,18.27465717160573
2021-06-22 21:25:00,-13.427637495690195,-13.39388366751584,-13.331631156702665,-13.294818535242474,-13.2940073331992,-13.208719145499964,-13.2140804527566,24,0.875,35.19335896718734,954.3017862880093,1.7350941568872897,17.176784347000584
2021-06-22 21:30:00,-13.440820357570324,-13.40391020912533,-13.396234564589978,-13.329589035009946,-13.328480672319976,-13.17528258301122,-13.211222069729756,24,0.9027777777777778,29.577662225059694,1114.256147375883,2.025920267956151,15.816257000944784
2021-06-22 21:35:00,-13.396905923763358,-13.365266448887663,-13.34597898572374,-13.29391452138078,-13.255918869075948,-13.176353320860011,-13.20379139620839,24,0.9305555555555556,24.04301710572996,1349.950291052939,2.4544550746417078,14.128175499124907
2021-06-22 21:40:00,-13.343982950100004,-13.283220129425786,-13.273058786967852,-13.237496013883232,-13.192330852140072,-13.258015334530768,-13.153567379757218,24,0.9583333333333334,18.732096909021678,1712.6296804120188,3.113872146203671,12.028290858350662
2021-06-22 21:45:00,-13.364804287150402,-13.33141163296533,-13.309954290661254,-13.261532922802392,-13.25397921256121,-13.248621176397798,-13.170263475720434,24,0.9861111111111112,13.908664235895909,2288.093132953492,4.160169332642712,9.459771369219304
2021-06-22 21:50:00,-13.404997256348713,-13.350328300167336,-13.388629105653989,-13.301816101482734,-13.263710206067143,-13.241985727446576,-13.20728131830043,25,0.013888888888888888,13.908664235895905,2288.0931329534924,4.160169332642714,9.459771369219304
2021-06-22 21:55:00,-13.367444713601158,-13.33491678811596,-13.360211265193936,-13.288056531328948,-13.294231308586824,-13.301032042244127,-13.208719145499964,25,0.041666666666666664,18.732096909021678,1712.6296804120188,3.113872146203671,12.028290858350662
2021-06-22 22:00:00,-13.32365104128694,-13.291759966442422,-13.298663770749648,-13.22851711013146,-13.22025496832702,-13.34169016089895,-13.17528258301122,25,0.06944444444444445,24.04301710572997,1349.9502910529386,2.454455074641707,14.128175499124909
2021-06-22 22:05:00,-13.348430822746462,-13.31789941394701,-13.326906985715183,-13.244374701326622,-13.230767418735171,-13.375099733234046,-13.176353320860011,25,0.09722222222222222,29.57766222505968,1114.2561473758838,2.0259202679561525,15.81625700094478
2021-06-22 22:10:00,-13.419113928115262,-13.409950672432016,-13.488129081241642,-13.37857192600081,-13.355617589018822,-13.370328792882551,-13.258015334530768,25,0.125,35.193358967187336,954.3017862880095,1.73509415688729,17.176784347000584
2021-06-22 22:15:00,-13.33241962101348,-13.314450054034497,-13.357317408978345,-13.315545461273318,-13.245163659935969,-13.402264846756488,-13.248621176397798,25,0.1527777777777778,40.784883744963764,841.9816786935072,1.5308757794427403,18.27465717160573
2021-06-22 22:20:00,-13.357772759693376,-13.351544896543334,-13.364076345333336,-13.298081428926546,-13.273718035827208,-13.436434457602278,-13.241985727446576,25,0.18055555555555555,46.2647085880108,761.2019950774791,1.3840036274135983,19.15805525084395
2021-06-22 22:25:00,-13.484006115381522,-13.46967266666071,-13.517913700756392,-13.480863030938616,-13.417043304296914,-13.410969305786733,-13.301032042244127,25,0.20833333333333334,51.55598805017222,702.2327649706288,1.2767868454011433,19.863792666931527
2021-06-22 22:30:00,-13.433600553256396,-13.402632599355528,-13.486338281275902,-13.410763045186194,-13.368010205659605,-13.440686064655267,-13.34169016089895,25,0.2361111111111111,56.589631983678515,658.8812958918049,1.1979659925305546,20.421211908021377
2021-06-22 22:35:00,-13.438973440183046,-13.434974085081745,-13.467406705664926,-13.405990534709952,-13.388942054777315,-13.434631729049917,-13.375099733234046,25,0.2638888888888889,61.30302393660706,627.0153502079979,1.1400279094690873,20.854688932533097
2021-06-22 22:40:00,-13.482835060372633,-13.463772634620115,-13.48300089571274,-13.432187760823671,-13.424462579875668,-13.468461475126963,-13.370328792882551,25,0.2916666666666667,65.63949652769072,603.7532271149208,1.097733140208947,21.185177830703115
2021-06-22 22:45:00,-13.443144120389666,-13.428053849398696,-13.43363953014944,-13.372562593369128,-13.398036420850817,-13.530978334423748,-13.402264846756488,25,0.3194444444444444,69.54818229029615,587.000796114409,1.0672741747534709,21.431116276029314
2021-06-22 22:50:00,-13.482642465672674,-13.472803874464478,-13.479537111472837,-13.422750089881722,-13.457471886705632,-13.59817352033647,-13.436434457602278,25,0.3472222222222222,72.98405557930008,575.1794243398531,1.0457807715270055,21.60889791505997
2021-06-22 22:55:00,-13.47634110619338,-13.483258404216716,-13.5064142379478,-13.43284947027204,-13.465005914051972,-13.6359517903238,-13.410969305786733,25,0.375,75.90806788230319,567.06508111847,1.0310274202154,21.733044318665424
2021-06-22 23:00:00,-13.505727479194428,-13.525367393847995,-13.548660763126922,-13.48350668123347,-13.503033479505754,-13.670489649941151,-13.440686064655267,25,0.4027777777777778,78.28732091574973,561.6956771060345,1.0212648674655171,21.816168916637658
2021-06-22 23:05:00,-13.490517037448235,-13.47627395883882,-13.490605356965297,-13.417493675681149,-13.4370194344727,-13.693327841306385,-13.434631729049917,25,0.4305555555555556,80.09524395594458,558.321757226534,1.0151304676846076,21.86880622268163
2021-06-22 23:10:00,-13.541948763325154,-13.574074461287935,-13.58346432274325,-13.555517577860284,-13.474834151707643,-13.72249881100133,-13.468461475126963,25,0.4583333333333333,81.31175430298669,556.3845700490554,1.0116083091801007,21.899171826367546
2021-06-22 23:15:00,-13.592564882086588,-13.61089024087784,-13.653589583142653,-13.606289684153946,-13.575982082254477,-13.737035505676086,-13.530978334423748,25,0.4861111111111111,81.92338730807863,555.5100547469376,1.0100182813580683,21.91291439402028
2021-06-22 23:20:00,-13.66679287845179,-13.675816355257826,-13.701740191711687,-13.709398257095824,-13.61772472096421,-13.713627751558615,-13.59817352033647,25,0.5138888888888888,81.92338730807863,555.5100547469376,1.0100182813580683,21.91291439402028
2021-06-22 23:25:00,-13.6417110951276,-13.637386214172103,-13.675987892429257,-13.652708990308447,-13.61057371137534,-13.736950748016094,-13.6359517903238,25,0.5416666666666666,81.3117543029867,556.3845700490554,1.0116083091801007,21.899171826367546
2021-06-22 23:30:00,-13.66690194396899,-13.675718265494648,-13.677980017279316,-13.68577078728102,-13.61545196539188,-13.758869660417918,-13.670489649941151,25,0.5694444444444444,80.09524395594458,558.321757226534,1.0151304676846076,21.86880622268163
2021-06-22 23:35:00,-13.629044331798228,-13.617783655818831,-13.622520637929744,-13.625728766244144,-13.612688051537358,-13.821736059650297,-13.693327841306385,25,0.5972222222222222,78.28732091574973,561.6956771060345,1.0212648674655171,21.816168916637658
2021-06-22 23:40:00,-13.680731224753936,-13.725929816839072,-13.670662087437751,-13.746748006601656,-13.617019211577569,-13.83008781487089,-13.72249881100133,25,0.625,75.90806788230319,567.06508111847,1.0310274202154,21.733044318665424
2021-06-22 23:45:00,-13.710319513253358,-13.732401139358236,-13.771213661344287,-13.74712751156846,-13.672252013203124,-13.830332667102384,-13.737035505676086,25,0.6527777777777778,72.98405557930008,575.1794243398531,1.0457807715270055,21.60889791505997
2021-06-22 23:50:00,-13.692639588753773,-13.726566056010302,-13.736939902524782,-13.72550237241457,-13.647882892056094,-13.84808252030601,-13.713627751558615,25,0.6805555555555556,69.54818229029615,587.000796114409,1.0672741747534709,21.431116276029314
2021-06-22 23:55:00,-13.7441101679491,-13.770416661114902,-13.773027010045988,-13.779221152175754,-13.652136505379596,-13.873307766509928,-13.736950748016094,25,0.7083333333333334,65.63949652769072,603.7532271149208,1.097733140208947,21.185177830703115
2021-06-23 00:00:00,-13.76614143149954,-13.811347758702947,-13.828000624782636,-13.828106753585027,-13.678873374646193,-13.86804310915443,-13.758869660417918,25,0.7361111111111112,61.30302393660706,627.0153502079979,1.1400279094690873,20.854688932533097
2021-06-23 00:05:00,-13.787726837774397,-13.832463712298606,-13.8456337944564,-13.846424962870945,-13.690937718909163,-13.870494917100766,-13.821736059650297,25,0.7638888888888888,56.58963198367853,658.8812958918048,1.1979659925305544,20.42121190802138
2021-06-23 00:10:00,-13.80104664215509,-13.84290832068904,-13.857221867545892,-13.860701351216,-13.72041518277014,-13.869362682699354,-13.83008781487089,25,0.7916666666666666,51.55598805017223,702.2327649706286,1.276786845401143,19.863792666931527
2021-06-23 00:15:00,-13.787461137775418,-13.817239331115797,-13.831931693776015,-13.826591117981328,-13.722134731056356,-13.875547956531934,-13.830332667102384,25,0.8194444444444444,46.26470858801082,761.2019950774787,1.3840036274135976,19.158055250843958
2021-06-23 00:20:00,-13.786494987680651,-13.83083532971964,-13.828734658102196,-13.83294733187672,-13.740139148003802,-13.861203529447812,-13.84808252030601,25,0.8472222222222222,40.784883744963764,841.9816786935072,1.5308757794427403,18.27465717160573
2021-06-23 00:25:00,-13.838915957570498,-13.885504544766752,-13.886107074536753,-13.905498929309887,-13.71048548125447,-13.84300023003232,-13.873307766509928,25,0.875,35.19335896718734,954.3017862880093,1.7350941568872897,17.176784347000584
2021-06-23 00:30:00,-13.81371650211938,-13.869872742707887,-13.869625184296066,-13.875194620310928,-13.781985792939883,-13.84445678242329,-13.86804310915443,25,0.9027777777777778,29.577662225059694,1114.256147375883,2.025920267956151,15.816257000944784
2021-06-23 00:35:00,-13.838798372672724,-13.896721006557437,-13.898333897634728,-13.899228432595166,-13.732551316625743,-13.837482433675827,-13.870494917100766,25,0.9305555555555556,24.04301710572996,1349.950291052939,2.4544550746417078,14.128175499124907
2021-06-23 00:40:00,-13.8367971614526,-13.890739294480108,-13.89919185450382,-13.897895425760732,-13.740801915105648,-13.841811325758067,-13.869362682699354,25,0.9583333333333334,18.732096909021678,1712.6296804120188,3.113872146203671,12.028290858350662
2021-06-23 00:45:00,-13.813494823766108,-13.88140385495021,-13.880201457367573,-13.876424464134155,-13.784076006972096,-13.848293062404124,-13.875547956531934,25,0.9861111111111112,13.908664235895909,2288.093132953492,4.160169332642712,9.459771369219304
2021-06-23 00:50:00,-13.787668946693415,-13.851333488373038,-13.840693106173848,-13.82562136241492,-13.790208332709016,-13.859259744086517,-13.861203529447812,26,0.013888888888888888,13.908664235895905,2288.0931329534924,4.160169332642714,9.459771369219304
2021-06-23 00:55:00,-13.808140291306996,-13.88280208939931,-13.86686414900358,-13.863399697824113,-13.727962132751992,-13.857216924560577,-13.84300023003232,26,0.041666666666666664,18.732096909021678,1712.6296804120188,3.113872146203671,12.028290858350662
2021-06-23 01:00:00,-13.820930469349175,-13.880090383007929,-13.890687041196708,-13.871804139452909,-13.786412003680097,-13.856888942946608,-13.84445678242329,26,0.06944444444444445,24.04301710572997,1349.9502910529386,2.454455074641707,14.128175499124909
2021-06-23 01:05:00,-13.817448659568331,-13.877710210186873,-13.870463892598806,-13.873816108935197,-13.772409427645217,-13.882732033238756,-13.837482433675827,26,0.09722222222222222,29.57766222505968,1114.2561473758838,2.0259202679561525,15.81625700094478
2021-06-23 01:10:00,-13.831722023969428,-13.894465028732723,-13.89008513096703,-13.896879002597656,-13.72819061497917,-13.896991673586498,-13.841811325758067,26,0.125,35.193358967187336,954.3017862880095,1.73509415688729,17.176784347000584
2021-06-23 01:15:00,-13.822574186425353,-13.88470245208201,-13.87615600187868,-13.883598974710573,-13.7680473303322,-13.925765227261966,-13.848293062404124,26,0.1527777777777778,40.784883744963764,841.9816786935072,1.5308757794427403,18.27465717160573
2021-06-23 01:20:00,-13.810384086800644,-13.858666399224637,-13.833576486678409,-13.853962928250072,-13.79240223312735,-13.936600367382155,-13.859259744086517,26,0.18055555555555555,46.2647085880108,761.2019950774791,1.3840036274135983,19.15805525084395
2021-06-23 01:25:00,-13.806281234529308,-13.868131757821942,-13.860161577219392,-13.851473321004253,-13.72353510787302,-13.961811191699503,-13.857216924560577,26,0.20833333333333334,51.55598805017222,702.2327649706288,1.2767868454011433,19.863792666931527
2021-06-23 01:30:00,-13.811706044609071,-13.866392391865189,-13.876396521728925,-13.850875481468366,-13.786405170729806,-13.986107476504072,-13.856888942946608,26,0.2361111111111111,56.589631983678515,658.8812958918049,1.1979659925305546,20.421211908021377
2021-06-23 01:35:00,-13.855348272576096,-13.916352257539636,-13.907897120403728,-13.921063779468753,-13.7306580950966,-13.929734240936751,-13.882732033238756,26,0.2638888888888889,61.30302393660706,627.0153502079979,1.1400279094690873,20.854688932533097
2021-06-23 01:40:00,-13.868104489401512,-13.916645428270074,-13.928986599869376,-13.918121627378977,-13.797387204743064,-13.917091712773624,-13.896991673586498,26,0.2916666666666667,65.63949652769072,603.7532271149208,1.097733140208947,21.185177830703115
2021-06-23 01:45:00,-13.886911908851882,-13.946961207166613,-13.931389966559609,-13.957348664555402,-13.845566744314391,-13.893484567351386,-13.925765227261966,26,0.3194444444444444,69.54818229029615,587.000796114409,1.0672741747534709,21.431116276029314
2021-06-23 01:50:00,-13.8624780345972,-13.905976598186982,-13.89997380570457,-13.885391562873938,-13.825219061562892,-13.907143780365049,-13.936600367382155,26,0.3472222222222222,72.98405557930008,575.1794243398531,1.0457807715270055,21.60889791505997
2021-06-23 01:55:00,-13.88367143306004,-13.949267053792228,-13.891354722207485,-13.93320631012888,-13.794520011571802,-13.860654567313793,-13.961811191699503,26,0.375,75.90806788230319,567.06508111847,1.0310274202154,21.733044318665424
2021-06-23 02:00:00,-13.897444974416445,-13.955968090799516,-13.923634975048683,-13.930851849916902,-13.88070000105136,-13.854808498579487,-13.986107476504072,26,0.4027777777777778,78.28732091574973,561.6956771060345,1.0212648674655171,21.816168916637658
2021-06-23 02:05:00,-13.803686661536464,-13.85598030660578,-13.82692154201157,-13.790163642306476,-13.791939366166996,-13.90863627116691,-13.929734240936751,26,0.4305555555555556,80.09524395594458,558.321757226534,1.0151304676846076,21.86880622268163
2021-06-23 02:10:00,-13.845914003571098,-13.920089295387127,-13.79393807681808,-13.86974064661779,-13.739939916619146,-13.873876297050524,-13.917091712773624,26,0.4583333333333333,81.31175430298669,556.3845700490554,1.0116083091801007,21.899171826367546
2021-06-23 02:15:00,-13.855855888091758,-13.920123032715043,-13.851469075852158,-13.867823262613364,-13.804089049617644,-13.852969330048609,-13.893484567351386,26,0.4861111111111111,81.92338730807863,555.5100547469376,1.0100182813580683,21.91291439402028
2021-06-23 02:20:00,-13.867900838406454,-13.94461349965768,-13.880131063441382,-13.914760949814784,-13.812783440949854,-13.83308971893023,-13.907143780365049,26,0.5138888888888888,81.92338730807863,555.5100547469376,1.0100182813580683,21.91291439402028
2021-06-23 02:25:00,-13.81392873064778,-13.87581296972475,-13.818533790227317,-13.818651404201471,-13.765558217384912,-13.853174144099032,-13.860654567313793,26,0.5416666666666666,81.3117543029867,556.3845700490554,1.0116083091801007,21.899171826367546
2021-06-23 02:30:00,-13.86650299123522,-13.943357441882704,-13.863540078607112,-13.927347069792528,-13.804413658371043,-13.83841878047677,-13.854808498579487,26,0.5694444444444444,80.09524395594458,558.321757226534,1.0151304676846076,21.86880622268163
2021-06-23 02:35:00,-13.88352913323568,-13.95056719847815,-13.889717401935837,-13.92232153662083,-13.830605926961256,-13.815425204914282,-13.90863627116691,26,0.5972222222222222,78.28732091574973,561.6956771060345,1.0212648674655171,21.816168916637658
2021-06-23 02:40:00,-13.804413309454434,-13.85160405191373,-13.80717800837133,-13.808073590081602,-13.757571196327936,-13.807556960886831,-13.873876297050524,26,0.625,75.90806788230319,567.06508111847,1.0310274202154,21.733044318665424
2021-06-23 02:45:00,-13.793363934535328,-13.862209946124604,-13.781152783608448,-13.813388985727558,-13.812574410823718,-13.726352740347384,-13.852969330048609,26,0.6527777777777778,72.98405557930008,575.1794243398531,1.0457807715270055,21.60889791505997
2021-06-23 02:50:00,-13.82491588210466,-13.872064599372935,-13.822330933394992,-13.84407300322801,-13.7679732727816,-13.66036696846343,-13.83308971893023,26,0.6805555555555556,69.54818229029615,587.000796114409,1.0672741747534709,21.431116276029314
2021-06-23 02:55:00,-13.822214104483209,-13.866829762931232,-13.829193163604916,-13.849868479053775,-13.800067116923584,-13.634559932887711,-13.853174144099032,26,0.7083333333333334,65.63949652769072,603.7532271149208,1.097733140208947,21.185177830703115
2021-06-23 03:00:00,-13.821664299134047,-13.88263311366522,-13.83844724625692,-13.87112395559692,-13.81404518156657,-13.56326075709012,-13.83841878047677,26,0.7361111111111112,61.30302393660706,627.0153502079979,1.1400279094690873,20.854688932533097
2021-06-23 03:05:00,-13.829633002068968,-13.879848584369787,-13.837342750726048,-13.86790307728804,-13.808948207718853,-13.437844902116977,-13.815425204914282,26,0.7638888888888888,56.58963198367853,658.8812958918048,1.1979659925305544,20.42121190802138
2021-06-23 03:10:00,-13.770046738816504,-13.808112415447315,-13.764752423549105,-13.766624448394154,-13.776364397426423,-13.367919429188078,-13.807556960886831,26,0.7916666666666666,51.55598805017223,702.2327649706286,1.276786845401143,19.863792666931527
2021-06-23 03:15:00,-13.64470618077484,-13.667940886307075,-13.58620932240984,-13.53193048787406,-13.67372583696632,-13.349096599254072,-13.726352740347384,26,0.8194444444444444,46.26470858801082,761.2019950774787,1.3840036274135976,19.158055250843958
2021-06-23 03:20:00,-13.625946650129276,-13.681770025168843,-13.540119971428888,-13.565805158781997,-13.567121272237198,-13.358649209142833,-13.66036696846343,26,0.8472222222222222,40.784883744963764,841.9816786935072,1.5308757794427403,18.27465717160573
2021-06-23 03:25:00,-13.695352546244957,-13.734361084416978,-13.65559467606007,-13.683954036642366,-13.598693100784237,-13.360367012845996,-13.634559932887711,26,0.875,35.19335896718734,954.3017862880093,1.7350941568872897,17.176784347000584
2021-06-23 03:30:00,-13.64193960643116,-13.642778780571929,-13.598211283290471,-13.579244597945552,-13.544817141359074,-13.400925523077586,-13.56326075709012,26,0.9027777777777778,29.577662225059694,1114.256147375883,2.025920267956151,15.816257000944784
2021-06-23 03:35:00,-13.508630272763618,-13.515912204149656,-13.420056046578472,-13.401894500850716,-13.390947736491514,-13.493829164719887,-13.437844902116977,26,0.9305555555555556,24.04301710572996,1349.950291052939,2.4544550746417078,14.128175499124907
2021-06-23 03:40:00,-13.524135923404216,-13.522817284053644,-13.406650786704562,-13.413577857251289,-13.364323959821329,-13.54348557380566,-13.367919429188078,26,0.9583333333333334,18.732096909021678,1712.6296804120188,3.113872146203671,12.028290858350662
2021-06-23 03:45:00,-13.491091775796866,-13.470385978425112,-13.373337260935632,-13.361119611436877,-13.31875345874399,-13.65555378012567,-13.349096599254072,26,0.9861111111111112,13.908664235895909,2288.093132953492,4.160169332642712,9.459771369219304
2021-06-23 03:50:00,-13.538732639005094,-13.547208996315756,-13.494495976165048,-13.5192916124317,-13.353038077593004,-13.69291853304576,-13.358649209142833,27,0.013888888888888888,13.908664235895905,2288.0931329534924,4.160169332642714,9.459771369219304
2021-06-23 03:55:00,-13.593410067153911,-13.602648489198108,-13.569360720811408,-13.62226066597846,-13.481716212011602,-13.640385226545492,-13.360367012845996,27,0.041666666666666664,18.732096909021678,1712.6296804120188,3.113872146203671,12.028290858350662
2021-06-23 04:00:00,-13.617780838385748,-13.59987617414522,-13.639210526084929,-13.644706006316536,-13.49882195061386,-13.609756650440648,-13.400925523077586,27,0.06944444444444445,24.04301710572997,1349.9502910529386,2.454455074641707,14.128175499124909
2021-06-23 04:05:00,-13.635884304036033,-13.59766934238517,-13.6090999675722,-13.645675151278876,-13.527536871760551,-13.618717054342962,-13.493829164719887,27,0.09722222222222222,29.57766222505968,1114.2561473758838,2.0259202679561525,15.81625700094478
2021-06-23 04:10:00,-13.573366428883071,-13.568760051585652,-13.562001080896682,-13.569852715039648,-13.517487695382131,-13.6553897602423,-13.54348557380566,27,0.125,35.193358967187336,954.3017862880095,1.73509415688729,17.176784347000584
2021-06-23 04:15:00,-13.65634807425152,-13.67897150369971,-13.618612684661816,-13.723523884388712,-13.54242991206208,-13.631273530947,-13.65555378012567,27,0.1527777777777778,40.784883744963764,841.9816786935072,1.5308757794427403,18.27465717160573
2021-06-23 04:20:00,-13.67075950786307,-13.64835922948601,-13.632805885471624,-13.660144112516598,-13.594033951860965,-13.67127477046778,-13.69291853304576,27,0.18055555555555555,46.2647085880108,761.2019950774791,1.3840036274135983,19.15805525084395
2021-06-23 04:25:00,-13.542940696903624,-13.544935072950084,-13.505778853530792,-13.491591424383252,-13.488419198134263,-13.767239966371644,-13.640385226545492,27,0.20833333333333334,51.55598805017222,702.2327649706288,1.2767868454011433,19.863792666931527
2021-06-23 04:30:00,-13.562550435561889,-13.5924005084305,-13.511278927831103,-13.544108084653557,-13.544912490092017,-13.81046334902402,-13.609756650440648,27,0.2361111111111111,56.589631983678515,658.8812958918049,1.1979659925305546,20.421211908021377
2021-06-23 04:35:00,-13.636180679620356,-13.675028861845233,-13.61320084264941,-13.659559895266716,-13.52037726283105,-13.845230243319849,-13.618717054342962,27,0.2638888888888889,61.30302393660706,627.0153502079979,1.1400279094690873,20.854688932533097
2021-06-23 04:40:00,-13.658191197170655,-13.715455200439743,-13.64772840922675,-13.69901217265348,-13.56055816532991,-13.872845510153644,-13.6553897602423,27,0.2916666666666667,65.63949652769072,603.7532271149208,1.097733140208947,21.185177830703115
2021-06-23 04:45:00,-13.677689602353755,-13.723307628559002,-13.648417170616083,-13.70712007877784,-13.567964472841302,-13.93179505874452,-13.631273530947,27,0.3194444444444444,69.54818229029615,587.000796114409,1.0672741747534709,21.431116276029314
2021-06-23 04:50:00,-13.755158641500293,-13.806003789088244,-13.730248525148518,-13.840926008011426,-13.620912190507624,-13.922798825467751,-13.67127477046778,27,0.3472222222222222,72.98405557930008,575.1794243398531,1.0457807715270055,21.60889791505997
2021-06-23 04:55:00,-13.809686689725195,-13.826523282915597,-13.834473289596817,-13.875751869214447,-13.65460593361477,-13.939296998483604,-13.767239966371644,27,0.375,75.90806788230319,567.06508111847,1.0310274202154,21.733044318665424
2021-06-23 05:00:00,-13.75992673236613,-13.779631201325731,-13.760475432812692,-13.79478393791134,-13.658132317492615,-13.975702376106453,-13.81046334902402,27,0.4027777777777778,78.28732091574973,561.6956771060345,1.0212648674655171,21.816168916637658
2021-06-23 05:05:00,-13.784662186877911,-13.836713343600527,-13.754888463738148,-13.859363924771165,-13.695192698822725,-13.982002472580303,-13.845230243319849,27,0.4305555555555556,80.09524395594458,558.321757226534,1.0151304676846076,21.86880622268163
2021-06-23 05:10:00,-13.82545885450353,-13.841092518147008,-13.81156150590313,-13.876195545761217,-13.73766716104682,-13.959049313191876,-13.872845510153644,27,0.4583333333333333,81.31175430298669,556.3845700490554,1.0116083091801007,21.899171826367546
2021-06-23 05:15:00,-13.849774009881454,-13.887092974486096,-13.802346007612982,-13.943059715212367,-13.798067824744818,-13.92728917871155,-13.93179505874452,27,0.4861111111111111,81.92338730807863,555.5100547469376,1.0100182813580683,21.91291439402028
2021-06-23 05:20:00,-13.81476272857628,-13.865414356268952,-13.742829585835407,-13.852626315943995,-13.769464280687869,-13.912407739887325,-13.922798825467751,27,0.5138888888888888,81.92338730807863,555.5100547469376,1.0100182813580683,21.91291439402028
2021-06-23 05:25:00,-13.86641087725002,-13.939063203299742,-13.83429734839592,-13.96980841856734,-13.778231828202768,-13.871243488612436,-13.939296998483604,27,0.5416666666666666,81.3117543029867,556.3845700490554,1.0116083091801007,21.899171826367546
2021-06-23 05:30:00,-13.890642292641395,-13.939111164076962,-13.870068163009613,-13.93720954670789,-13.818783469138587,-13.83060258317707,-13.975702376106453,27,0.5694444444444444,80.09524395594458,558.321757226534,1.0151304676846076,21.86880622268163
2021-06-23 05:35:00,-13.874022551263137,-13.944722083551136,-13.865192024300022,-13.913871793985424,-13.80995933898,-13.831720221233606,-13.982002472580303,27,0.5972222222222222,78.28732091574973,561.6956771060345,1.0212648674655171,21.816168916637658
2021-06-23 05:40:00,-13.811416967197188,-13.896052099707928,-13.790375085772505,-13.778485810418903,-13.792795752911344,-13.853726944315769,-13.959049313191876,27,0.625,75.90806788230319,567.06508111847,1.0310274202154,21.733044318665424
2021-06-23 05:45:00,-13.820888250439292,-13.914216225022152,-13.77857301049517,-13.784311990906405,-13.77385068585809,-13.862934155836411,-13.92728917871155,27,0.6527777777777778,72.98405557930008,575.1794243398531,1.0457807715270055,21.60889791505997
2021-06-23 05:50:00,-13.80529795844424,-13.88852824194039,-13.762725596034484,-13.742397103696565,-13.787221461140318,-13.852205696969913,-13.912407739887325,27,0.6805555555555556,69.54818229029615,587.000796114409,1.0672741747534709,21.431116276029314
2021-06-23 05:55:00,-13.78540729829986,-13.886209183696216,-13.75027159914662,-13.757993705266994,-13.769695118102169,-13.84244719720451,-13.871243488612436,27,0.7083333333333334,65.63949652769072,603.7532271149208,1.097733140208947,21.185177830703115
2021-06-23 06:00:00,-13.781025690733037,-13.861157237419532,-13.726108324261656,-13.76032339239962,-13.761952135137925,-13.846528358493222,-13.83060258317707,27,0.7361111111111112,61.30302393660706,627.0153502079979,1.1400279094690873,20.854688932533097
2021-06-23 06:05:00,-13.820648021352891,-13.924575579445122,-13.773454316588442,-13.847954671444606,-13.70058130880414,-13.799698719135554,-13.831720221233606,27,0.7638888888888888,56.58963198367853,658.8812958918048,1.1979659925305544,20.42121190802138
2021-06-23 06:10:00,-13.81639993254239,-13.90456269481609,-13.801236685402332,-13.812315165782037,-13.726705102509518,-13.793241988179922,-13.853726944315769,27,0.7916666666666666,51.55598805017223,702.2327649706286,1.276786845401143,19.863792666931527
2021-06-23 06:15:00,-13.7928162808386,-13.90510428444867,-13.76073653874296,-13.78801888097747,-13.731203160995133,-13.806956504476364,-13.862934155836411,27,0.8194444444444444,46.26470858801082,761.2019950774787,1.3840036274135976,19.158055250843958
2021-06-23 06:20:00,-13.754622443898946,-13.845556195015256,-13.7022541604173,-13.724222240984837,-13.710601699562185,-13.76998341045168,-13.852205696969913,27,0.8472222222222222,40.784883744963764,841.9816786935072,1.5308757794427403,18.27465717160573
2021-06-23 06:25:00,-13.720526632550843,-13.830575029033623,-13.66212152471624,-13.703399101198617,-13.705795969316975,-13.755716471931496,-13.84244719720451,27,0.875,35.19335896718734,954.3017862880093,1.7350941568872897,17.176784347000584
2021-06-23 06:30:00,-13.71800140673436,-13.822640078889911,-13.656591007441657,-13.691281285465072,-13.720090457711205,-13.71131632439528,-13.846528358493222,27,0.9027777777777778,29.577662225059694,1114.256147375883,2.025920267956151,15.816257000944784
2021-06-23 06:35:00,-13.668069026416886,-13.794013826058674,-13.635087567493906,-13.641644655589664,-13.669729593257715,-13.69459247502333,-13.799698719135554,27,0.9305555555555556,24.04301710572996,1349.950291052939,2.4544550746417078,14.128175499124907
2021-06-23 06:40:00,-13.712344727028654,-13.844616204254962,-13.687276158921089,-13.74254353236748,-13.563460773537148,-13.67073793318598,-13.793241988179922,27,0.9583333333333334,18.732096909021678,1712.6296804120188,3.113872146203671,12.028290858350662
2021-06-23 06:45:00,-13.75606931385397,-13.888543390492089,-13.750435357342532,-13.838517930946953,-13.599200301961424,-13.645345148856205,-13.806956504476364,27,0.9861111111111112,13.908664235895909,2288.093132953492,4.160169332642712,9.459771369219304
2021-06-23 06:50:00,-13.61362391857796,-13.746230813044823,-13.642654856406518,-13.54053080983423,-13.568638826882257,-13.583645541307884,-13.76998341045168,28,0.013888888888888888,13.908664235895905,2288.0931329534924,4.160169332642714,9.459771369219304
2021-06-23 06:55:00,-13.598488999105223,-13.777730231544584,-13.52855419629154,-13.549173198053268,-13.617202421874518,-13.530104389177882,-13.755716471931496,28,0.041666666666666664,18.732096909021678,1712.6296804120188,3.113872146203671,12.028290858350662
2021-06-23 07:00:00,-13.567945747649864,-13.704634595745196,-13.467051879279229,-13.480241421458633,-13.541951867229168,-13.516854333591102,-13.71131632439528,28,0.06944444444444445,24.04301710572997,1349.9502910529386,2.454455074641707,14.128175499124909
2021-06-23 07:05:00,-13.543119065982603,-13.708594554360104,-13.462993106806366,-13.490708083830736,-13.556457319329084,-13.396382497963778,-13.69459247502333,28,0.09722222222222222,29.57766222505968,1114.2561473758838,2.0259202679561525,15.81625700094478
2021-06-23 07:10:00,-13.591748140992122,-13.73790711752963,-13.520239033700484,-13.591598121387753,-13.533862540914324,-13.301355502480352,-13.67073793318598,28,0.125,35.193358967187336,954.3017862880095,1.73509415688729,17.176784347000584
2021-06-23 07:15:00,-13.603272580414757,-13.772365880767769,-13.5937977062392,-13.660647366574628,-13.495531245368282,-13.107496081576317,-13.645345148856205,28,0.1527777777777778,40.784883744963764,841.9816786935072,1.5308757794427403,18.27465717160573
2021-06-23 07:20:00,-13.413926192334207,-13.548131092126626,-13.37552085377576,-13.190973333913744,-13.339352070691286,-13.055104420681763,-13.583645541307884,28,0.18055555555555555,46.2647085880108,761.2019950774791,1.3840036274135983,19.15805525084395
2021-06-23 07:25:00,-13.404144780378044,-13.576680214545794,-13.280559142043996,-13.213547366328363,-13.39098821808744,-12.98453513481898,-13.530104389177882,28,0.20833333333333334,51.55598805017222,702.2327649706288,1.2767868454011433,19.863792666931527
2021-06-23 07:30:00,-13.392624353496432,-13.575209446287142,-13.269439998340962,-13.29832159986018,-13.376520659785257,-12.86192304651948,-13.516854333591102,28,0.2361111111111111,56.589631983678515,658.8812958918049,1.1979659925305546,20.421211908021377
2021-06-23 07:35:00,-13.242733746506946,-13.365198106948334,-13.094486842055444,-12.95146644674335,-13.097211648173197,-12.840971650802478,-13.396382497963778,28,0.2638888888888889,61.30302393660706,627.0153502079979,1.1400279094690873,20.854688932533097
2021-06-23 07:40:00,-13.25843048714462,-13.403015729066384,-13.09333245144926,-13.076457710181414,-13.202574898445516,-12.875450136443256,-13.301355502480352,28,0.2916666666666667,65.63949652769072,603.7532271149208,1.097733140208947,21.185177830703115
2021-06-23 07:45:00,-13.114412481090037,-13.212116846178366,-13.009499914773082,-12.887643260011926,-13.027000612440352,-12.923228392836007,-13.107496081576317,28,0.3194444444444444,69.54818229029615,587.000796114409,1.0672741747534709,21.431116276029314
2021-06-23 07:50:00,-13.075999844359146,-13.227473806097969,-12.948615507270864,-12.882197951081286,-13.007333607843371,-12.983306134210892,-13.055104420681763,28,0.3472222222222222,72.98405557930008,575.1794243398531,1.0457807715270055,21.60889791505997
2021-06-23 07:55:00,-13.088095329429612,-13.229643922856766,-13.037242361711442,-12.935175355735892,-13.002834996906458,-12.939415215929662,-12.98453513481898,28,0.375,75.90806788230319,567.06508111847,1.0310274202154,21.733044318665424
2021-06-23 08:00:00,-13.008532252706338,-13.12985032343735,-12.93612626980533,-12.868439354986371,-12.955664088027234,-12.9657789479576,-12.86192304651948,28,0.4027777777777778,78.28732091574973,561.6956771060345,1.0212648674655171,21.816168916637658
2021-06-23 08:05:00,-13.02144394095816,-13.115411614371792,-12.91460951287361,-12.862431301715594,-12.938352241475451,-12.96284537340117,-12.840971650802478,28,0.4305555555555556,80.09524395594458,558.321757226534,1.0151304676846076,21.86880622268163
2021-06-23 08:10:00,-13.133805208154696,-13.302312175805016,-12.970911278688527,-13.12458723837189,-13.14458603358917,-12.906876997407688,-12.875450136443256,28,0.4583333333333333,81.31175430298669,556.3845700490554,1.0116083091801007,21.899171826367546
2021-06-23 08:15:00,-13.018245422388745,-13.176223451493827,-13.05664003176142,-12.939356249022469,-13.000656419742608,-12.852638491816816,-12.923228392836007,28,0.4861111111111111,81.92338730807863,555.5100547469376,1.0100182813580683,21.91291439402028
2021-06-23 08:20:00,-13.0643228847631,-13.259362114516456,-13.054704882086236,-13.089178250283394,-13.100899260601528,-12.833718255995684,-12.983306134210892,28,0.5138888888888888,81.92338730807863,555.5100547469376,1.0100182813580683,21.91291439402028
2021-06-23 08:25:00,-12.99904523914037,-13.078450304611586,-12.928249709931992,-12.886053712239546,-13.01983424325152,-12.892104333336816,-12.939415215929662,28,0.5416666666666666,81.3117543029867,556.3845700490554,1.0116083091801007,21.899171826367546
2021-06-23 08:30:00,-12.949528389429744,-13.132289905177746,-12.92861642128974,-12.916104039022368,-13.03814218857381,-12.867174590425696,-12.9657789479576,28,0.5694444444444444,80.09524395594458,558.321757226534,1.0151304676846076,21.86880622268163
2021-06-23 08:35:00,-12.999559018849489,-13.081626585861276,-12.874395826751549,-12.848294363709249,-13.049934203422202,-12.883342920938986,-12.96284537340117,28,0.5972222222222222,78.28732091574973,561.6956771060345,1.0212648674655171,21.816168916637658
2021-06-23 08:40:00,-12.993057248574702,-13.187573012391397,-12.973907367471025,-13.00922389265771,-13.109848331983097,-12.834736859887576,-12.906876997407688,28,0.625,75.90806788230319,567.06508111847,1.0310274202154,21.733044318665424
2021-06-23 08:45:00,-12.94450108259861,-13.06441488237076,-12.891862999347817,-12.847414221558994,-12.9960664217301,-12.867505595983625,-12.852638491816816,28,0.6527777777777778,72.98405557930008,575.1794243398531,1.0457807715270055,21.60889791505997
2021-06-23 08:50:00,-13.043745178736057,-13.204478160076215,-13.00398060644461,-13.047302441733944,-13.002737620095711,-12.950841886010366,-12.833718255995684,28,0.6805555555555556,69.54818229029615,587.000796114409,1.0672741747534709,21.431116276029314
2021-06-23 08:55:00,-13.041683052490995,-13.187589664234482,-12.987683467549235,-12.993647382868772,-13.07225594005097,-13.02014190047292,-12.892104333336816,28,0.7083333333333334,65.63949652769072,603.7532271149208,1.097733140208947,21.185177830703115
2021-06-23 09:00:00,-12.93903640879608,-13.0926257931367,-12.923374414437546,-12.878438025685409,-13.008303683250007,-12.989839481438937,-12.867174590425696,28,0.7361111111111112,61.30302393660706,627.0153502079979,1.1400279094690873,20.854688932533097
2021-06-23 09:05:00,-13.014718195295757,-13.11167628218184,-12.898160188183246,-12.903831071702642,-13.03104272414506,-12.966588783410817,-12.883342920938986,28,0.7638888888888888,56.58963198367853,658.8812958918048,1.1979659925305544,20.42121190802138
2021-06-23 09:10:00,-12.962628230963835,-13.061449611195172,-12.881881251104394,-12.868238204560358,-12.994008627866286,-12.98461166386224,-12.834736859887576,28,0.7916666666666666,51.55598805017223,702.2327649706286,1.276786845401143,19.863792666931527
2021-06-23 09:15:00,-12.984041068898364,-13.071788815731628,-12.924411336451495,-12.91044339039022,-12.996247509451004,-12.952300473748233,-12.867505595983625,28,0.8194444444444444,46.26470858801082,761.2019950774787,1.3840036274135976,19.158055250843958
2021-06-23 09:20:00,-13.181916679910575,-13.328232692046257,-13.150554135908036,-13.277398466388638,-13.230899629054209,-12.814864372483331,-12.950841886010366,28,0.8472222222222222,40.784883744963764,841.9816786935072,1.5308757794427403,18.27465717160573
2021-06-23 09:25:00,-13.16223882982228,-13.285170621094442,-13.192049509046388,-13.26861632252886,-13.18053642395179,-12.741577753133544,-13.02014190047292,28,0.875,35.19335896718734,954.3017862880093,1.7350941568872897,17.176784347000584
2021-06-23 09:30:00,-12.85177602810817,-12.977671326595685,-12.922029573514738,-13.122509556261274,-12.726101963939534,-12.768729164409924,-12.989839481438937,28,0.9027777777777778,29.577662225059694,1114.256147375883,2.025920267956151,15.816257000944784
2021-06-23 09:35:00,-12.917085308836928,-13.008806572756296,-12.911814341906052,-12.912107606317267,-13.020336392406948,-12.790270345504384,-12.966588783410817,28,0.9305555555555556,24.04301710572996,1349.950291052939,2.4544550746417078,14.128175499124907
2021-06-23 09:40:00,-12.906970739670404,-13.041449735818553,-12.882899913149055,-12.924064106271176,-13.01001302572536,-12.797194014114156,-12.98461166386224,28,0.9583333333333334,18.732096909021678,1712.6296804120188,3.113872146203671,12.028290858350662
2021-06-23 09:45:00,-12.866552995483904,-12.942070958094334,-12.826442297914737,-12.890437616840725,-12.948403365971616,-12.816896928045646,-12.952300473748233,28,0.9861111111111112,13.908664235895909,2288.093132953492,4.160169332642712,9.459771369219304
2021-06-23 09:50:00,-12.89059672281516,-12.955163585358234,-12.841971878419546,-12.879016587578558,-12.957827487318522,-12.803803425163313,-12.814864372483331,29,0.013888888888888888,13.908664235895905,2288.0931329534924,4.160169332642714,9.459771369219304
2021-06-23 09:55:00,-12.925997569516076,-13.02102015038008,-12.884239578475473,-12.930839369015905,-12.937604164262316,-12.753715806030502,-12.741577753133544,29,0.041666666666666664,18.732096909021678,1712.6296804120188,3.113872146203671,12.028290858350662
2021-06-23 10:00:00,-12.894417650465128,-12.91566379462986,-12.849186950551942,-12.874005621675352,-12.911000900981197,-12.795893020378749,-12.768729164409924,29,0.06944444444444445,24.04301710572997,1349.9502910529386,2.454455074641707,14.128175499124909
2021-06-23 10:05:00,-12.87559051722626,-12.956252777788954,-12.869221626027349,-12.890304621459316,-12.798024900869544,-12.868887480219923,-12.790270345504384,29,0.09722222222222222,29.57766222505968,1114.2561473758838,2.0259202679561525,15.81625700094478
2021-06-23 10:10:00,-12.888062599625105,-12.985368987975429,-12.91223118095019,-12.9149601159145,-12.851090523273866,-12.907029590272058,-12.797194014114156,29,0.125,35.193358967187336,954.3017862880095,1.73509415688729,17.176784347000584
2021-06-23 10:15:00,-12.912607313056425,-12.931829612045457,-12.867627018964114,-12.89207298899463,-12.949382425980971,-12.967919376905355,-12.816896928045646,29,0.1527777777777778,40.784883744963764,841.9816786935072,1.5308757794427403,18.27465717160573
2021-06-23 10:20:00,-12.896211605218554,-12.882047655125085,-12.8303387660109,-12.863376691272029,-12.845098345708871,-13.04314864763746,-12.803803425163313,29,0.18055555555555555,46.2647085880108,761.2019950774791,1.3840036274135983,19.15805525084395
2021-06-23 10:25:00,-12.830444313285607,-12.881819964298447,-12.817443156999548,-12.825831403082336,-12.822103694320168,-13.131810306509946,-12.753715806030502,29,0.20833333333333334,51.55598805017222,702.2327649706288,1.2767868454011433,19.863792666931527
2021-06-23 10:30:00,-12.891157897030553,-12.980271847243127,-12.92857077136652,-12.907126065714891,-12.813327976341302,-13.1733309179498,-12.795893020378749,29,0.2361111111111111,56.589631983678515,658.8812958918049,1.1979659925305546,20.421211908021377
2021-06-23 10:35:00,-13.010682189631734,-13.123571508944412,-13.072881285846329,-13.101738550431955,-12.994593121341818,-13.14932385593904,-12.868887480219923,29,0.2638888888888889,61.30302393660706,627.0153502079979,1.1400279094690873,20.854688932533097
2021-06-23 10:40:00,-12.988845243557016,-13.10380475937099,-13.061871512962528,-13.100969334687491,-13.016173991700736,-13.14316789110175,-12.907029590272058,29,0.2916666666666667,65.63949652769072,603.7532271149208,1.097733140208947,21.185177830703115
2021-06-23 10:45:00,-13.00274634301098,-13.130915029564088,-13.022130027320149,-13.096491309830602,-13.092146978188342,-13.151523920550826,-12.967919376905355,29,0.3194444444444444,69.54818229029615,587.000796114409,1.0672741747534709,21.431116276029314
2021-06-23 10:50:00,-13.066369687753678,-13.151524605237022,-13.071239894880888,-13.092347983232436,-13.06731815940684,-13.154447492831084,-13.04314864763746,29,0.3472222222222222,72.98405557930008,575.1794243398531,1.0457807715270055,21.60889791505997
2021-06-23 10:55:00,-13.034188701688196,-13.183412855836613,-13.093352863070978,-13.145500311414493,-13.114944898761436,-13.13433800381909,-13.131810306509946,29,0.375,75.90806788230319,567.06508111847,1.0310274202154,21.733044318665424
2021-06-23 11:00:00,-13.074521862673008,-13.190727177911988,-13.107278473916836,-13.129899842684962,-13.145254993960856,-13.11346790567236,-13.1733309179498,29,0.4027777777777778,78.28732091574973,561.6956771060345,1.0212648674655171,21.816168916637658
2021-06-23 11:05:00,-13.022081120841897,-13.169175472179472,-13.072223025584035,-13.098918838996118,-13.093419302608917,-13.13308713777007,-13.14932385593904,29,0.4305555555555556,80.09524395594458,558.321757226534,1.0151304676846076,21.86880622268163
2021-06-23 11:10:00,-13.02002480987368,-13.161230895188972,-13.039848594334355,-13.07056759072502,-13.04988212761807,-13.130911729932102,-13.14316789110175,29,0.4583333333333333,81.31175430298669,556.3845700490554,1.0116083091801007,21.899171826367546
2021-06-23 11:15:00,-13.084141028405242,-13.211988372583448,-13.030178021554828,-13.14206359910557,-13.081760399447468,-13.118176273645016,-13.151523920550826,29,0.4861111111111111,81.92338730807863,555.5100547469376,1.0100182813580683,21.91291439402028
2021-06-23 11:20:00,-13.052768569355685,-13.221652570376488,-13.06997021641128,-13.100798452777449,-13.08561017087058,-13.11076697126605,-13.154447492831084,29,0.5138888888888888,81.92338730807863,555.5100547469376,1.0100182813580683,21.91291439402028
2021-06-23 11:25:00,-13.03039039546515,-13.20955153724078,-13.053329947105762,-13.04550726577238,-13.039371131029128,-13.09728931119544,-13.13433800381909,29,0.5416666666666666,81.3117543029867,556.3845700490554,1.0116083091801007,21.899171826367546
2021-06-23 11:30:00,-13.031396874504823,-13.173121987900224,-13.010923727155424,-13.009527944407468,-13.031356400177993,-13.083121086999675,-13.11346790567236,29,0.5694444444444444,80.09524395594458,558.321757226534,1.0151304676846076,21.86880622268163
2021-06-23 11:35:00,-13.067252912000656,-13.228416687803245,-13.033404860522472,-13.029536160373237,-13.046819890061478,-13.076227715982256,-13.13308713777007,29,0.5972222222222222,78.28732091574973,561.6956771060345,1.0212648674655171,21.816168916637658
2021-06-23 11:40:00,-13.034429599531434,-13.170411784800232,-13.071707704826556,-12.97019291754006,-13.02790410292713,-13.06444009166788,-13.130911729932102,29,0.625,75.90806788230319,567.06508111847,1.0310274202154,21.733044318665424
2021-06-23 11:45:00,-13.025113148035285,-13.17669771101782,-13.027893868039886,-12.960526240996014,-13.065529874548336,-13.060698019171909,-13.118176273645016,29,0.6527777777777778,72.98405557930008,575.1794243398531,1.0457807715270055,21.60889791505997
2021-06-23 11:50:00,-13.0246952913177,-13.159152508114396,-13.013201920011602,-12.945842666966383,-13.044323100948755,-13.050250699864405,-13.11076697126605,29,0.6805555555555556,69.54818229029615,587.000796114409,1.0672741747534709,21.431116276029314
2021-06-23 11:55:00,-12.987192134808735,-13.108407548511686,-12.967787195662703,-12.905584552129238,-12.972604861763635,-13.050994299314372,-13.09728931119544,29,0.7083333333333334,65.63949652769072,603.7532271149208,1.097733140208947,21.185177830703115
2021-06-23 12:00:00,-12.94619047867439,-13.065858446837147,-12.895605420760395,-12.904939986843914,-12.976779474551218,-13.069367404813692,-13.083121086999675,29,0.7361111111111112,61.30302393660706,627.0153502079979,1.1400279094690873,20.854688932533097
2021-06-23 12:05:00,-12.9917860872095,-13.137002954959986,-12.940944401128409,-12.92599629015517,-13.00363669097209,-13.046400666753836,-13.076227715982256,29,0.7638888888888888,56.58963198367853,658.8812958918048,1.1979659925305544,20.42121190802138
2021-06-23 12:10:00,-12.92937374479306,-13.04711211411337,-12.91194890741221,-12.93567942393268,-12.979080463292624,-13.070285898714726,-13.06444009166788,29,0.7916666666666666,51.55598805017223,702.2327649706286,1.276786845401143,19.863792666931527
2021-06-23 12:15:00,-12.940336530239964,-13.065191332373528,-12.88875426865286,-12.927207728627192,-13.02920614341237,-13.054462036125257,-13.060698019171909,29,0.8194444444444444,46.26470858801082,761.2019950774787,1.3840036274135976,19.158055250843958
2021-06-23 12:20:00,-12.950109161128095,-13.048915398863638,-12.931624082473157,-12.901521534504278,-12.993164947501842,-13.055567403947652,-13.050250699864405,29,0.8472222222222222,40.784883744963764,841.9816786935072,1.5308757794427403,18.27465717160573
2021-06-23 12:25:00,-12.933999506758155,-13.035211596921483,-12.889765138226553,-12.890917726096918,-12.98047444330476,-13.064500279783209,-13.050994299314372,29,0.875,35.19335896718734,954.3017862880093,1.7350941568872897,17.176784347000584
2021-06-23 12:30:00,-12.977493474242054,-13.062838334435286,-12.945478456177682,-12.905915673992702,-13.028681372830022,-13.05128573191338,-13.069367404813692,29,0.9027777777777778,29.577662225059694,1114.256147375883,2.025920267956151,15.816257000944784
2021-06-23 12:35:00,-12.947794390180572,-13.036545218750277,-12.908357741350326,-12.924158953436493,-12.981821145116156,-13.031122335285046,-13.046400666753836,29,0.9305555555555556,24.04301710572996,1349.950291052939,2.4544550746417078,14.128175499124907
2021-06-23 12:40:00,-12.970953962820555,-13.06626147347683,-12.888797883229186,-12.951851592528689,-13.0113780747352,-12.97686187702409,-13.070285898714726,29,0.9583333333333334,18.732096909021678,1712.6296804120188,3.113872146203671,12.028290858350662
2021-06-23 12:45:00,-12.9453759909997,-13.013015355005646,-12.893979062285595,-12.88428720559282,-12.99886880364094,-12.968959962543718,-13.054462036125257,29,0.9861111111111112,13.908664235895909,2288.093132953492,4.160169332642712,9.459771369219304
2021-06-23 12:50:00,-12.950854039938967,-13.038894342822248,-12.907729284381858,-12.890577765012653,-12.989161943533908,-12.956447929192958,-13.055567403947652,30,0.013888888888888888,13.908664235895905,2288.0931329534924,4.160169332642714,9.459771369219304
2021-06-23 12:55:00,-12.950211451847771,-13.034091297922778,-12.91011907240066,-12.887130759663716,-13.00595102577385,-12.927104333004914,-13.064500279783209,30,0.041666666666666664,18.732096909021678,1712.6296804120188,3.113872146203671,12.028290858350662
2021-06-23 13:00:00,-12.9342982375296,-13.006085037151982,-12.83907563794045,-12.901794503599309,-12.985559670293254,-12.90992821501466,-13.05128573191338,30,0.06944444444444445,24.04301710572997,1349.9502910529386,2.454455074641707,14.128175499124909
2021-06-23 13:05:00,-12.88997879149778,-12.968747037260863,-12.823319319791516,-12.846004016924466,-12.909282254062893,-12.91675133748781,-13.031122335285046,30,0.09722222222222222,29.57766222505968,1114.2561473758838,2.0259202679561525,15.81625700094478
2021-06-23 13:10:00,-12.86524624462442,-12.924120386885791,-12.796766591266165,-12.781205550113633,-12.835127879102528,-12.935930818350622,-12.97686187702409,30,0.125,35.193358967187336,954.3017862880095,1.73509415688729,17.176784347000584
2021-06-23 13:15:00,-12.880496575535208,-12.95422044346791,-12.814305408073144,-12.802115424753971,-12.855990184778287,-12.947449020888843,-12.968959962543718,30,0.1527777777777778,40.784883744963764,841.9816786935072,1.5308757794427403,18.27465717160573
2021-06-23 13:20:00,-12.893058096891906,-12.962715080559782,-12.851458339534211,-12.816241778956464,-12.885058427607795,-12.949474830730017,-12.956447929192958,30,0.18055555555555555,46.2647085880108,761.2019950774791,1.3840036274135983,19.15805525084395
2021-06-23 13:25:00,-12.879510653499176,-12.938872994757292,-12.8545703267842,-12.80787429341201,-12.86571152492466,-12.968723048165115,-12.927104333004914,30,0.20833333333333334,51.55598805017222,702.2327649706288,1.2767868454011433,19.863792666931527
2021-06-23 13:30:00,-12.868662080089472,-12.92585813391336,-12.830278519742802,-12.814013830092216,-12.86277196063308,-12.992802016074046,-12.90992821501466,30,0.2361111111111111,56.589631983678515,658.8812958918049,1.1979659925305546,20.421211908021377
2021-06-23 13:35:00,-12.89423633013315,-12.948543147896991,-12.84755250884233,-12.819357662441938,-12.875665592450307,-12.98003538990308,-12.91675133748781,30,0.2638888888888889,61.30302393660706,627.0153502079979,1.1400279094690873,20.854688932533097
2021-06-23 13:40:00,-12.8670749165806,-12.924526680293305,-12.8139245074399,-12.832323752608632,-12.890239025136522,-12.961069504158727,-12.935930818350622,30,0.2916666666666667,65.63949652769072,603.7532271149208,1.097733140208947,21.185177830703115
2021-06-23 13:45:00,-12.891191218566863,-12.955051821425302,-12.831232341450658,-12.854109931316506,-12.894136656288056,-12.936158311980735,-12.947449020888843,30,0.3194444444444444,69.54818229029615,587.000796114409,1.0672741747534709,21.431116276029314
2021-06-23 13:50:00,-12.898460372773904,-12.950512864349768,-12.883073266551758,-12.852515963933724,-12.91721225633042,-12.92712416309895,-12.949474830730017,30,0.3472222222222222,72.98405557930008,575.1794243398531,1.0457807715270055,21.60889791505997
2021-06-23 13:55:00,-12.906548841335413,-12.955844923271156,-12.865434426983072,-12.841522241214012,-12.947687447239424,-12.911173614703443,-12.968723048165115,30,0.375,75.90806788230319,567.06508111847,1.0310274202154,21.733044318665424
2021-06-23 14:00:00,-12.91570958879408,-12.964113025914385,-12.848843965523717,-12.860939508746952,-12.977758592713345,-12.88365770187452,-12.992802016074046,30,0.4027777777777778,78.28732091574973,561.6956771060345,1.0212648674655171,21.816168916637658
2021-06-23 14:05:00,-12.864551435347169,-12.912689474796482,-12.807101268661214,-12.842707918009618,-12.904588278900423,-12.87240397812714,-12.98003538990308,30,0.4305555555555556,80.09524395594458,558.321757226534,1.0151304676846076,21.86880622268163
2021-06-23 14:10:00,-12.845033854288678,-12.890644689488152,-12.784436866844446,-12.811390675013689,-12.84500181211327,-12.900407850835997,-12.961069504158727,30,0.4583333333333333,81.31175430298669,556.3845700490554,1.0116083091801007,21.899171826367546
2021-06-23 14:15:00,-12.856680051070224,-12.902837828130927,-12.81391822694091,-12.804324008746336,-12.840219735506624,-12.906573381803693,-12.936158311980735,30,0.4861111111111111,81.92338730807863,555.5100547469376,1.0100182813580683,21.91291439402028
2021-06-23 14:20:00,-12.86037065836613,-12.918324909484086,-12.82513153451423,-12.801569486563912,-12.886001374747956,-12.897231721082424,-12.92712416309895,30,0.5138888888888888,81.92338730807863,555.5100547469376,1.0100182813580683,21.91291439402028
2021-06-23 14:25:00,-12.865742113280858,-12.91522228951249,-12.841186757892917,-12.796496355351252,-12.89042104330172,-12.885159322661028,-12.911173614703443,30,0.5416666666666666,81.3117543029867,556.3845700490554,1.0116083091801007,21.899171826367546
2021-06-23 14:30:00,-12.8634876467542,-12.910911485814792,-12.857073745312524,-12.80026413137087,-12.879012342426462,-12.89927451153198,-12.88365770187452,30,0.5694444444444444,80.09524395594458,558.321757226534,1.0151304676846076,21.86880622268163
2021-06-23 14:35:00,-12.839181708590074,-12.88630376214376,-12.806073592937445,-12.801972252638087,-12.819788807067107,-12.893898171784706,-12.87240397812714,30,0.5972222222222222,78.28732091574973,561.6956771060345,1.0212648674655171,21.816168916637658
2021-06-23 14:40:00,-12.875622908318276,-12.937506387246277,-12.806523753517894,-12.812481969866122,-12.877688494653055,-12.866142611397064,-12.900407850835997,30,0.625,75.90806788230319,567.06508111847,1.0310274202154,21.733044318665424
2021-06-23 14:45:00,-12.861327271406871,-12.908405036517,-12.83679977119501,-12.81554603923492,-12.876370462156498,-12.855552759654126,-12.906573381803693,30,0.6527777777777778,72.98405557930008,575.1794243398531,1.0457807715270055,21.60889791505997
2021-06-23 14:50:00,-12.853122729919567,-12.901826575576871,-12.826473991173533,-12.80904153578002,-12.853935414858435,-12.862903385889744,-12.897231721082424,30,0.6805555555555556,69.54818229029615,587.000796114409,1.0672741747534709,21.431116276029314
2021-06-23 14:55:00,-12.84036546634432,-12.876937736415972,-12.799905445095169,-12.791036159311894,-12.841640756556082,-12.87960846645568,-12.885159322661028,30,0.7083333333333334,65.63949652769072,603.7532271149208,1.097733140208947,21.185177830703115
2021-06-23 15:00:00,-12.846922830665726,-12.90513127260258,-12.797195584238905,-12.813763773187947,-12.839275160088947,-12.88190073228182,-12.89927451153198,30,0.7361111111111112,61.30302393660706,627.0153502079979,1.1400279094690873,20.854688932533097
2021-06-23 15:05:00,-12.81244754342721,-12.84971873778217,-12.755211611540169,-12.759908203577217,-12.804660713275569,-12.897386000377082,-12.893898171784706,30,0.7638888888888888,56.58963198367853,658.8812958918048,1.1979659925305544,20.42121190802138
2021-06-23 15:10:00,-12.82050844757648,-12.867166920572062,-12.778580766757589,-12.774166913480666,-12.796224142242211,-12.90154188797323,-12.866142611397064,30,0.7916666666666666,51.55598805017223,702.2327649706286,1.276786845401143,19.863792666931527
2021-06-23 15:15:00,-12.835035939575633,-12.875093082243035,-12.794105869499228,-12.7942792810547,-12.808015430181,-12.914891379342212,-12.855552759654126,30,0.8194444444444444,46.26470858801082,761.2019950774787,1.3840036274135976,19.158055250843958
2021-06-23 15:20:00,-12.861828199354164,-12.912574415186272,-12.831620220416116,-12.815281734902385,-12.8691093330315,-12.899842547774046,-12.862903385889744,30,0.8472222222222222,40.784883744963764,841.9816786935072,1.5308757794427403,18.27465717160573
2021-06-23 15:25:00,-12.862765273064712,-12.91325916441427,-12.853750837971424,-12.826180843067856,-12.871186549919967,-12.914938017862497,-12.87960846645568,30,0.875,35.19335896718734,954.3017862880093,1.7350941568872897,17.176784347000584
2021-06-23 15:30:00,-12.8828640910437,-12.933392977271822,-12.837595940747642,-12.835730458089042,-12.89660320596119,-12.915648528387225,-12.88190073228182,30,0.9027777777777778,29.577662225059694,1114.256147375883,2.025920267956151,15.816257000944784
2021-06-23 15:35:00,-12.86785707131604,-12.90495937701406,-12.83564549689436,-12.809389231182488,-12.856711279106872,-12.91488841355102,-12.897386000377082,30,0.9305555555555556,24.04301710572996,1349.950291052939,2.4544550746417078,14.128175499124907
2021-06-23 15:40:00,-12.847992899757685,-12.891644782994586,-12.762353004114958,-12.797383708444787,-12.837112633089186,-12.913842768621809,-12.90154188797323,30,0.9583333333333334,18.732096909021678,1712.6296804120188,3.113872146203671,12.028290858350662
2021-06-23 15:45:00,-12.87072597999397,-12.920515205038846,-12.83403850329145,-12.806391630428012,-12.876529568130934,-12.892950456117534,-12.914891379342212,30,0.9861111111111112,13.908664235895909,2288.093132953492,4.160169332642712,9.459771369219304
2021-06-23 15:50:00,-12.842843530265606,-12.893353273658954,-12.791938573972455,-12.788789485256208,-12.837946660094069,-12.879702906551618,-12.899842547774046,31,0.013888888888888888,13.908664235895905,2288.0931329534924,4.160169332642714,9.459771369219304
2021-06-23 15:55:00,-12.910917742522336,-12.973599777504544,-12.85486777819474,-12.868723256801866,-12.899995082485647,-12.842041661741666,-12.914938017862497,31,0.041666666666666664,18.732096909021678,1712.6296804120188,3.113872146203671,12.028290858350662
2021-06-23 16:00:00,-12.912803694955423,-12.96359352310145,-12.906020232670349,-12.8706369481055,-12.929469755013743,-12.825851116870831,-12.915648528387225,31,0.06944444444444445,24.04301710572997,1349.9502910529386,2.454455074641707,14.128175499124909
2021-06-23 16:05:00,-12.881702838410838,-12.93595221522495,-12.857992675359318,-12.838305462675308,-12.878522056435791,-12.820274033766925,-12.91488841355102,31,0.09722222222222222,29.57766222505968,1114.2561473758838,2.0259202679561525,15.81625700094478
2021-06-23 16:10:00,-12.875398903854268,-12.92696212798238,-12.810679059586358,-12.825585242413553,-12.845622941832916,-12.815333025644144,-12.913842768621809,31,0.125,35.193358967187336,954.3017862880095,1.73509415688729,17.176784347000584
2021-06-23 16:15:00,-12.8620630202331,-12.907401126963194,-12.825655956179968,-12.797595035605278,-12.81209060173456,-12.831073409934527,-12.892950456117534,31,0.1527777777777778,40.784883744963764,841.9816786935072,1.5308757794427403,18.27465717160573
2021-06-23 16:20:00,-12.834695745880293,-12.88702320271152,-12.753733949694254,-12.77627216000352,-12.80067457361048,-12.866903016997108,-12.879702906551618,31,0.18055555555555555,46.2647085880108,761.2019950774791,1.3840036274135983,19.15805525084395
2021-06-23 16:25:00,-12.857847526049309,-12.90498857555836,-12.78819551287942,-12.805527247678006,-12.79985671307522,-12.897833485930184,-12.842041661741666,31,0.20833333333333334,51.55598805017222,702.2327649706288,1.2767868454011433,19.863792666931527
2021-06-23 16:30:00,-12.857273034849946,-12.919005380113514,-12.79837154952218,-12.812299428326009,-12.84705745432465,-12.882327050227213,-12.825851116870831,31,0.2361111111111111,56.589631983678515,658.8812958918049,1.1979659925305546,20.421211908021377
2021-06-23 16:35:00,-12.874530624868775,-12.920661139941444,-12.816864595106397,-12.832519262216108,-12.86308284533313,-12.870870780387373,-12.820274033766925,31,0.2638888888888889,61.30302393660706,627.0153502079979,1.1400279094690873,20.854688932533097
2021-06-23 16:40:00,-12.861994399966347,-12.901140438695284,-12.84343459500397,-12.796017176539356,-12.83521952786558,-12.859874615251384,-12.815333025644144,31,0.2916666666666667,65.63949652769072,603.7532271149208,1.097733140208947,21.185177830703115
2021-06-23 16:45:00,-12.889935467685296,-12.935162177780771,-12.825217426153207,-12.859112813984895,-12.872747021308133,-12.850493410647584,-12.831073409934527,31,0.3194444444444444,69.54818229029615,587.000796114409,1.0672741747534709,21.431116276029314
2021-06-23 16:50:00,-12.920121871946256,-12.9708826939555,-12.889841143894897,-12.896527142140078,-12.936536363128328,-12.84954208950877,-12.866903016997108,31,0.3472222222222222,72.98405557930008,575.1794243398531,1.0457807715270055,21.60889791505997
2021-06-23 16:55:00,-12.921664723045582,-12.979088063092656,-12.850659727565306,-12.886209096436804,-12.988311226684484,-12.825715272003771,-12.897833485930184,31,0.375,75.90806788230319,567.06508111847,1.0310274202154,21.733044318665424
2021-06-23 17:00:00,-12.887877557515948,-12.915772089428817,-12.841857550076805,-12.803232830199436,-12.850288363986085,-12.84520086903962,-12.882327050227213,31,0.4027777777777778,78.28732091574973,561.6956771060345,1.0212648674655171,21.816168916637658
2021-06-23 17:05:00,-12.88839401225241,-12.922091637336525,-12.841349934561142,-12.841376335918012,-12.838172350988362,-12.865336672179334,-12.870870780387373,31,0.4305555555555556,80.09524395594458,558.321757226534,1.0151304676846076,21.86880622268163
2021-06-23 17:10:00,-12.879757512001175,-12.914243878093409,-12.80656992681603,-12.850443922641649,-12.818314111012386,-12.89013842084713,-12.859874615251384,31,0.4583333333333333,81.31175430298669,556.3845700490554,1.0116083091801007,21.899171826367546
2021-06-23 17:15:00,-12.887963100238313,-12.942678056540164,-12.905519537334127,-12.853894707920531,-12.87125708922808,-12.910454962791135,-12.850493410647584,31,0.4861111111111111,81.92338730807863,555.5100547469376,1.0100182813580683,21.91291439402028
2021-06-23 17:20:00,-12.921411700350124,-12.9941110321387,-12.896821395148354,-12.903184819987032,-12.956325110546024,-12.895471669392997,-12.84954208950877,31,0.5138888888888888,81.92338730807863,555.5100547469376,1.0100182813580683,21.91291439402028
2021-06-23 17:25:00,-12.932647978266976,-12.973793586456011,-12.925670169429791,-12.886528355135503,-12.897383732419112,-12.904907653904663,-12.825715272003771,31,0.5416666666666666,81.3117543029867,556.3845700490554,1.0116083091801007,21.899171826367546
2021-06-23 17:30:00,-12.956802661080406,-12.999735047593637,-12.970794333471206,-12.96184148215969,-12.927253901925328,-12.901400867509778,-12.84520086903962,31,0.5694444444444444,80.09524395594458,558.321757226534,1.0151304676846076,21.86880622268163
2021-06-23 17:35:00,-12.957187109032525,-13.003130491382269,-12.932775449135384,-12.92786031899456,-12.929137295636606,-12.926640332065578,-12.865336672179334,31,0.5972222222222222,78.28732091574973,561.6956771060345,1.0212648674655171,21.816168916637658
2021-06-23 17:40:00,-12.954745913966429,-13.003956723457597,-12.978676301552005,-12.897523240910589,-12.940639564316276,-12.928810186314164,-12.89013842084713,31,0.625,75.90806788230319,567.06508111847,1.0310274202154,21.733044318665424
2021-06-23 17:45:00,-12.979950545013937,-13.02465964774394,-12.993124298716708,-12.916964292925815,-12.971942676189474,-12.913700934019596,-12.910454962791135,31,0.6527777777777778,72.98405557930008,575.1794243398531,1.0457807715270055,21.60889791505997
2021-06-23 17:50:00,-12.97599726166301,-13.000968324722166,-12.982614930405283,-12.901662962037111,-12.935465363592074,-12.89365550028203,-12.895471669392997,31,0.6805555555555556,69.54818229029615,587.000796114409,1.0672741747534709,21.431116276029314
2021-06-23 17:55:00,-12.980513289354072,-13.014528851431102,-12.981298409880702,-12.918360657201458,-12.934681813190194,-12.875022888053572,-12.904907653904663,31,0.7083333333333334,65.63949652769072,603.7532271149208,1.097733140208947,21.185177830703115
2021-06-23 18:00:00,-13.00073917113209,-13.01356657148501,-13.000811862092633,-12.936985069889566,-12.93955007219966,-12.872848265277977,-12.901400867509778,31,0.7361111111111112,61.30302393660706,627.0153502079979,1.1400279094690873,20.854688932533097
2021-06-23 18:05:00,-13.040685209137436,-13.074706183948896,-13.077299500580882,-13.0190516814467,-13.002271729191405,-12.867766178538975,-12.926640332065578,31,0.7638888888888888,56.58963198367853,658.8812958918048,1.1979659925305544,20.42121190802138
2021-06-23 18:10:00,-13.006363503360353,-13.028955187252144,-12.983107019131774,-12.931731781400297,-12.99391639757555,-12.871443119934302,-12.928810186314164,31,0.7916666666666666,51.55598805017223,702.2327649706286,1.276786845401143,19.863792666931527
2021-06-23 18:15:00,-12.994826953623692,-13.015411312386291,-12.918220043807384,-12.920788884200196,-12.97545987192991,-12.896007547154118,-12.913700934019596,31,0.8194444444444444,46.26470858801082,761.2019950774787,1.3840036274135976,19.158055250843958
2021-06-23 18:20:00,-12.996147602994832,-12.992584324094684,-12.95526830028527,-12.949981748412457,-12.882861706780194,-12.942165958182134,-12.89365550028203,31,0.8472222222222222,40.784883744963764,841.9816786935072,1.5308757794427403,18.27465717160573
2021-06-23 18:25:00,-13.009984937938206,-13.012534446308198,-12.962446910631858,-12.993960128457411,-12.91875539819359,-12.975324085215616,-12.875022888053572,31,0.875,35.19335896718734,954.3017862880093,1.7350941568872897,17.176784347000584
2021-06-23 18:30:00,-13.03836552428098,-13.034074125709596,-13.029848644274416,-13.0069687864506,-12.990459564408749,-12.994950528256616,-12.872848265277977,31,0.9027777777777778,29.577662225059694,1114.256147375883,2.025920267956151,15.816257000944784
2021-06-23 18:35:00,-13.092722865054146,-13.090695595901805,-13.135589887541556,-13.085547424033438,-13.087729432210626,-12.998563443453891,-12.867766178538975,31,0.9305555555555556,24.04301710572996,1349.950291052939,2.4544550746417078,14.128175499124907
2021-06-23 18:40:00,-13.118185723469889,-13.074677014314046,-13.1711369593787,-13.083954328942184,-13.06334676146855,-13.033069987805444,-12.871443119934302,31,0.9583333333333334,18.732096909021678,1712.6296804120188,3.113872146203671,12.028290858350662
2021-06-23 18:45:00,-13.156682798020544,-13.109551871263175,-13.201853600582242,-13.12541690391914,-13.1001191121366,-13.07105973760428,-12.896007547154118,31,0.9861111111111112,13.908664235895909,2288.093132953492,4.160169332642712,9.459771369219304
2021-06-23 18:50:00,-13.190245668322328,-13.126150289685604,-13.230416583083208,-13.158026068818604,-13.1245842725807,-13.089695373776696,-12.942165958182134,32,0.013888888888888888,13.908664235895905,2288.0931329534924,4.160169332642714,9.459771369219304
2021-06-23 18:55:00,-13.20410367657488,-13.13864064638179,-13.183558332563472,-13.219607146486664,-13.122598588149746,-13.127527965718835,-12.975324085215616,32,0.041666666666666664,18.732096909021678,1712.6296804120188,3.113872146203671,12.028290858350662
2021-06-23 19:00:00,-13.218900852037647,-13.142238051586736,-13.143519569968856,-13.182408245262147,-13.121353304766496,-13.185352403622431,-12.994950528256616,32,0.06944444444444445,24.04301710572997,1349.9502910529386,2.454455074641707,14.128175499124909
2021-06-23 19:05:00,-13.22584493226914,-13.160342796891072,-13.217228116730022,-13.179417680992652,-13.140777376173345,-13.247280028175783,-12.998563443453891,32,0.09722222222222222,29.57766222505968,1114.2561473758838,2.0259202679561525,15.81625700094478
2021-06-23 19:10:00,-13.250742531237508,-13.191480413626566,-13.221454107488515,-13.226188149908438,-13.18878975561181,-13.2734702614191,-13.033069987805444,32,0.125,35.193358967187336,954.3017862880095,1.73509415688729,17.176784347000584
2021-06-23 19:15:00,-13.300347933076267,-13.2455203855893,-13.288399967041128,-13.305423056021247,-13.25619992140579,-13.287536005898692,-13.07105973760428,32,0.1527777777777778,40.784883744963764,841.9816786935072,1.5308757794427403,18.27465717160573
2021-06-23 19:20:00,-13.314884206143454,-13.242811729144874,-13.320297182134844,-13.365658289631243,-13.242300101312733,-13.310059576248504,-13.089695373776696,32,0.18055555555555555,46.2647085880108,761.2019950774791,1.3840036274135983,19.15805525084395
2021-06-23 19:25:00,-13.36010311558284,-13.28409758904616,-13.37294893128622,-13.389749149781316,-13.27789533818033,-13.33831027838298,-13.127527965718835,32,0.20833333333333334,51.55598805017222,702.2327649706288,1.2767868454011433,19.863792666931527
2021-06-23 19:30:00,-13.418781359701685,-13.334543740575722,-13.456329453762454,-13.444822416555771,-13.351190665907197,-13.366913982360042,-13.185352403622431,32,0.2361111111111111,56.589631983678515,658.8812958918049,1.1979659925305546,20.421211908021377
2021-06-23 19:35:00,-13.450242963310703,-13.372454516168396,-13.50195578149749,-13.485664101693253,-13.451258641391432,-13.384936942771525,-13.247280028175783,32,0.2638888888888889,61.30302393660706,627.0153502079979,1.1400279094690873,20.854688932533097
2021-06-23 19:40:00,-13.443453333197622,-13.349457952271614,-13.492221960313191,-13.4749547169348,-13.410972874912895,-13.40686403290641,-13.2734702614191,32,0.2916666666666667,65.63949652769072,603.7532271149208,1.097733140208947,21.185177830703115
2021-06-23 19:45:00,-13.466844920845467,-13.371169628444605,-13.48577116093994,-13.466278789106568,-13.409319402709814,-13.383411951841202,-13.287536005898692,32,0.3194444444444444,69.54818229029615,587.000796114409,1.0672741747534709,21.431116276029314
2021-06-23 19:50:00,-13.466896051667112,-13.374284643342804,-13.467263708007346,-13.438254054092036,-13.39307847573423,-13.387316270561104,-13.310059576248504,32,0.3472222222222222,72.98405557930008,575.1794243398531,1.0457807715270055,21.60889791505997
2021-06-23 19:55:00,-13.488140631835272,-13.425442538299116,-13.476871403106006,-13.44268190764796,-13.434767490322374,-13.386331446158575,-13.33831027838298,32,0.375,75.90806788230319,567.06508111847,1.0310274202154,21.733044318665424
2021-06-23 20:00:00,-13.521347178317573,-13.474551759674725,-13.57063105349966,-13.498801428138425,-13.523963307814764,-13.362905221268033,-13.366913982360042,32,0.4027777777777778,78.28732091574973,561.6956771060345,1.0212648674655171,21.816168916637658
2021-06-23 20:05:00,-13.538658577819945,-13.497352684290496,-13.57392913687773,-13.522361769668445,-13.558741385614873,-13.365471735550107,-13.384936942771525,32,0.4305555555555556,80.09524395594458,558.321757226534,1.0151304676846076,21.86880622268163
2021-06-23 20:10:00,-13.530615115866654,-13.48704799040974,-13.529653472611445,-13.50603240687026,-13.508685946770298,-13.387806549282676,-13.40686403290641,32,0.4583333333333333,81.31175430298669,556.3845700490554,1.0116083091801007,21.899171826367546
2021-06-23 20:15:00,-13.456926937112634,-13.422363624076358,-13.440870463449428,-13.420272345800663,-13.382304577748297,-13.474475450893747,-13.383411951841202,32,0.4861111111111111,81.92338730807863,555.5100547469376,1.0100182813580683,21.91291439402028
2021-06-23 20:20:00,-13.466483734000722,-13.458514616413352,-13.459976192063673,-13.41521454511158,-13.392294212960934,-13.479194824277831,-13.387316270561104,32,0.5138888888888888,81.92338730807863,555.5100547469376,1.0100182813580683,21.91291439402028
2021-06-23 20:25:00,-13.489159257534451,-13.48239515901144,-13.53076217694893,-13.443104525623458,-13.44046231824417,-13.485078003110448,-13.386331446158575,32,0.5416666666666666,81.3117543029867,556.3845700490554,1.0116083091801007,21.899171826367546
2021-06-23 20:30:00,-13.485081592680944,-13.478514621882496,-13.503464533267223,-13.45070278088526,-13.439287792241917,-13.479773353460052,-13.362905221268033,32,0.5694444444444444,80.09524395594458,558.321757226534,1.0151304676846076,21.86880622268163
2021-06-23 20:35:00,-13.527053404181984,-13.532171203949328,-13.579652772227192,-13.513552235854734,-13.478876848574584,-13.44341905214063,-13.365471735550107,32,0.5972222222222222,78.28732091574973,561.6956771060345,1.0212648674655171,21.816168916637658
2021-06-23 20:40:00,-13.559339319649007,-13.55186304191095,-13.62865024502474,-13.552826769304778,-13.539342941406169,-13.43748934155258,-13.387806549282676,32,0.625,75.90806788230319,567.06508111847,1.0310274202154,21.733044318665424
2021-06-23 20:45:00,-13.60832029886761,-13.608814990478566,-13.699371702144324,-13.634615134403148,-13.60973894292266,-13.408793461803,-13.474475450893747,32,0.6527777777777778,72.98405557930008,575.1794243398531,1.0457807715270055,21.60889791505997
2021-06-23 20:50:00,-13.539812296034746,-13.518443255389228,-13.57584876703284,-13.56078673478624,-13.46299538203343,-13.42735560014521,-13.479194824277831,32,0.6805555555555556,69.54818229029615,587.000796114409,1.0672741747534709,21.431116276029314
2021-06-23 20:55:00,-13.552001239873182,-13.542788495710786,-13.566787308157178,-13.543267958877085,-13.504833289516052,-13.449676024702145,-13.485078003110448,32,0.7083333333333334,65.63949652769072,603.7532271149208,1.097733140208947,21.185177830703115
2021-06-23 21:00:00,-13.544808738284036,-13.513368389388,-13.530026130089762,-13.512657439206835,-13.45926316643171,-13.515978956333312,-13.479773353460052,32,0.7361111111111112,61.30302393660706,627.0153502079979,1.1400279094690873,20.854688932533097
2021-06-23 21:05:00,-13.51851957264342,-13.500555330958404,-13.51728910367793,-13.485121594516531,-13.422466471560972,-13.520732816126351,-13.44341905214063,32,0.7638888888888888,56.58963198367853,658.8812958918048,1.1979659925305544,20.42121190802138
2021-06-23 21:10:00,-13.555916629426376,-13.559500513816207,-13.626762664314136,-13.536843106542198,-13.528303725048795,-13.542498194315868,-13.43748934155258,32,0.7916666666666666,51.55598805017223,702.2327649706286,1.276786845401143,19.863792666931527
2021-06-23 21:15:00,-13.574763527337415,-13.57134406493726,-13.663654373539398,-13.563782489190318,-13.534488337393636,-13.53114391352822,-13.408793461803,32,0.8194444444444444,46.26470858801082,761.2019950774787,1.3840036274135976,19.158055250843958
2021-06-23 21:20:00,-13.56323238580822,-13.558263724189525,-13.604266861911253,-13.549240291809848,-13.487792522094328,-13.548127636718656,-13.42735560014521,32,0.8472222222222222,40.784883744963764,841.9816786935072,1.5308757794427403,18.27465717160573
2021-06-23 21:25:00,-13.59425304241604,-13.596498589169196,-13.66263883720604,-13.577250161522947,-13.53276125832391,-13.558213678317715,-13.449676024702145,32,0.875,35.19335896718734,954.3017862880093,1.7350941568872897,17.176784347000584
2021-06-23 21:30:00,-13.650900061217149,-13.654821358800138,-13.758256410398396,-13.670235042582757,-13.606131414125556,-13.55397107040564,-13.515978956333312,32,0.9027777777777778,29.577662225059694,1114.256147375883,2.025920267956151,15.816257000944784
2021-06-23 21:35:00,-13.562282147764718,-13.53923195401313,-13.638647229293491,-13.578660700535895,-13.457201614445236,-13.590806058874392,-13.520732816126351,32,0.9305555555555556,24.04301710572996,1349.950291052939,2.4544550746417078,14.128175499124907
2021-06-23 21:40:00,-13.623045350359329,-13.616289861183414,-13.639538754848164,-13.648669393710977,-13.6311981794973,-13.563894266080345,-13.542498194315868,32,0.9583333333333334,18.732096909021678,1712.6296804120188,3.113872146203671,12.028290858350662
2021-06-23 21:45:00,-13.586013667420444,-13.560239677856094,-13.6432744450778,-13.573808942374471,-13.548965748955522,-13.59104764001266,-13.53114391352822,32,0.9861111111111112,13.908664235895909,2288.093132953492,4.160169332642712,9.459771369219304
2021-06-23 21:50:00,-13.592152259118162,-13.590977014349637,-13.63004493740829,-13.573274373050642,-13.589614588609232,-13.607977292032098,-13.548127636718656,33,0.013888888888888888,13.908664235895905,2288.0931329534924,4.160169332642714,9.459771369219304
2021-06-23 21:55:00,-13.630526500483692,-13.621564187933547,-13.67171569929624,-13.59873817644887,-13.60842160825932,-13.59398873081441,-13.558213678317715,33,0.041666666666666664,18.732096909021678,1712.6296804120188,3.113872146203671,12.028290858350662
2021-06-23 22:00:00,-13.64584279117208,-13.663822807456478,-13.707322552179336,-13.64780653747114,-13.593821497990586,-13.579713192953594,-13.55397107040564,33,0.06944444444444445,24.04301710572997,1349.9502910529386,2.454455074641707,14.128175499124909
2021-06-23 22:05:00,-13.635767140745829,-13.63136489614855,-13.659530019281933,-13.59282579902036,-13.590860046450787,-13.560078230532024,-13.590806058874392,33,0.09722222222222222,29.57766222505968,1114.2561473758838,2.0259202679561525,15.81625700094478
2021-06-23 22:10:00,-13.606776248367437,-13.610976882498896,-13.60982442022316,-13.542811452375778,-13.555193136296094,-13.558766224116091,-13.563894266080345,33,0.125,35.193358967187336,954.3017862880095,1.73509415688729,17.176784347000584
2021-06-23 22:15:00,-13.622183061108984,-13.650125813689757,-13.642776279387007,-13.58470026533807,-13.601389688271109,-13.5474332054344,-13.59104764001266,33,0.1527777777777778,40.784883744963764,841.9816786935072,1.5308757794427403,18.27465717160573
2021-06-23 22:20:00,-13.64338973294122,-13.663102615243025,-13.68061810308114,-13.611759519014672,-13.605508394440935,-13.551382886948227,-13.607977292032098,33,0.18055555555555555,46.2647085880108,761.2019950774791,1.3840036274135983,19.15805525084395
2021-06-23 22:25:00,-13.620046339400217,-13.62678701249886,-13.625557971563254,-13.563722838988095,-13.586151155103211,-13.572561558222464,-13.59398873081441,33,0.20833333333333334,51.55598805017222,702.2327649706288,1.2767868454011433,19.863792666931527
2021-06-23 22:30:00,-13.621201863985387,-13.660318375042092,-13.65746795118964,-13.59579853946633,-13.600596920655429,-13.594189823087657,-13.579713192953594,33,0.2361111111111111,56.589631983678515,658.8812958918049,1.1979659925305546,20.421211908021377
2021-06-23 22:35:00,-13.59755619235406,-13.609823727910488,-13.596866849437042,-13.529346178844843,-13.519504629657025,-13.632555814029164,-13.560078230532024,33,0.2638888888888889,61.30302393660706,627.0153502079979,1.1400279094690873,20.854688932533097
2021-06-23 22:40:00,-13.581464012891034,-13.621680678561525,-13.59212593772135,-13.527658069399063,-13.5256479026526,-13.64914703147451,-13.558766224116091,33,0.2916666666666667,65.63949652769072,603.7532271149208,1.097733140208947,21.185177830703115
2021-06-23 22:45:00,-13.6002863630647,-13.63859884995348,-13.643175701677,-13.553020621558352,-13.53649180203354,-13.669971116243216,-13.5474332054344,33,0.3194444444444444,69.54818229029615,587.000796114409,1.0672741747534709,21.431116276029314
2021-06-23 22:50:00,-13.625832728855912,-13.672080502697778,-13.698628989524074,-13.617292369669094,-13.557160713408775,-13.694364748782142,-13.551382886948227,33,0.3472222222222222,72.98405557930008,575.1794243398531,1.0457807715270055,21.60889791505997
2021-06-23 22:55:00,-13.637142424642914,-13.66523841648491,-13.67022384817483,-13.620608196910634,-13.61833078911683,-13.710947490461486,-13.572561558222464,33,0.375,75.90806788230319,567.06508111847,1.0310274202154,21.733044318665424
2021-06-23 23:00:00,-13.663569833952288,-13.698460086547142,-13.689113844556378,-13.673120292188615,-13.634665494700611,-13.73455694745627,-13.594189823087657,33,0.4027777777777778,78.28732091574973,561.6956771060345,1.0212648674655171,21.816168916637658
2021-06-23 23:05:00,-13.66103075323872,-13.68764351472084,-13.702032772827872,-13.6614220922939,-13.644833215497483,-13.758582094978012,-13.632555814029164,33,0.4305555555555556,80.09524395594458,558.321757226534,1.0151304676846076,21.86880622268163
2021-06-23 23:10:00,-13.637651959199934,-13.659700840284884,-13.657991180723627,-13.609698548555883,-13.628352968072504,-13.775228063254836,-13.64914703147451,33,0.4583333333333333,81.31175430298669,556.3845700490554,1.0116083091801007,21.899171826367546
2021-06-23 23:15:00,-13.659474585155424,-13.685867375943936,-13.665283625114428,-13.642646904015434,-13.61793729840922,-13.778859645490783,-13.669971116243216,33,0.4861111111111111,81.92338730807863,555.5100547469376,1.0100182813580683,21.91291439402028
2021-06-23 23:20:00,-13.698513425435005,-13.733951032780991,-13.728584992516495,-13.71067724000838,-13.61069399310775,-13.737567283667032,-13.694364748782142,33,0.5138888888888888,81.92338730807863,555.5100547469376,1.0100182813580683,21.91291439402028
2021-06-23 23:25:00,-13.710839457155927,-13.726752001591429,-13.749400325293555,-13.710677966917986,-13.698492257827294,-13.746570727887086,-13.710947490461486,33,0.5416666666666666,81.3117543029867,556.3845700490554,1.0116083091801007,21.899171826367546
2021-06-23 23:30:00,-13.753120270661135,-13.78241295531398,-13.779734757426564,-13.783307896130234,-13.706149407305327,-13.73121637621176,-13.73455694745627,33,0.5694444444444444,80.09524395594458,558.321757226534,1.0151304676846076,21.86880622268163
2021-06-23 23:35:00,-13.76004606184696,-13.783286078516886,-13.78936145394231,-13.768831491338153,-13.707382594912742,-13.73065264327456,-13.758582094978012,33,0.5972222222222222,78.28732091574973,561.6956771060345,1.0212648674655171,21.816168916637658
2021-06-23 23:40:00,-13.732094206789466,-13.759387532558934,-13.756012062453449,-13.734395457218328,-13.716925551441944,-13.762749816662536,-13.775228063254836,33,0.625,75.90806788230319,567.06508111847,1.0310274202154,21.733044318665424
2021-06-23 23:45:00,-13.736233346388303,-13.76947031027565,-13.722313565357483,-13.726384273686069,-13.739763044973955,-13.821091494364971,-13.778859645490783,33,0.6527777777777778,72.98405557930008,575.1794243398531,1.0457807715270055,21.60889791505997
2021-06-23 23:50:00,-13.688043426547807,-13.72915165938165,-13.692207717218997,-13.661598382411407,-13.669472674326776,-13.860656689889842,-13.737567283667032,33,0.6805555555555556,69.54818229029615,587.000796114409,1.0672741747534709,21.431116276029314
2021-06-23 23:55:00,-13.739862340826056,-13.796007190441388,-13.75498217692448,-13.76417749620398,-13.685771252503166,-13.864709240016484,-13.746570727887086,33,0.7083333333333334,65.63949652769072,603.7532271149208,1.097733140208947,21.185177830703115
2021-06-24 00:00:00,-13.758811594878637,-13.79763051386664,-13.812679463799894,-13.775182558713537,-13.72790992610413,-13.875264636244122,-13.73121637621176,33,0.7361111111111112,61.30302393660706,627.0153502079979,1.1400279094690873,20.854688932533097
2021-06-24 00:05:00,-13.75472197236212,-13.812761517526592,-13.779419860185492,-13.793131410690746,-13.697184053148598,-13.858717963819398,-13.73065264327456,33,0.7638888888888888,56.58963198367853,658.8812958918048,1.1979659925305544,20.42121190802138
2021-06-24 00:10:00,-13.790477085728336,-13.839736780589115,-13.79798263093906,-13.821318173856326,-13.727826462343234,-13.860352725369236,-13.762749816662536,33,0.7916666666666666,51.55598805017223,702.2327649706286,1.276786845401143,19.863792666931527
2021-06-24 00:15:00,-13.84845754750964,-13.9002940989151,-13.86704555656471,-13.906428414084154,-13.754936294390184,-13.79359154447098,-13.821091494364971,33,0.8194444444444444,46.26470858801082,761.2019950774787,1.3840036274135976,19.158055250843958
2021-06-24 00:20:00,-13.800769864053729,-13.83703918200924,-13.84040574426863,-13.811122394348684,-13.781537493248024,-13.78023164375645,-13.860656689889842,33,0.8472222222222222,40.784883744963764,841.9816786935072,1.5308757794427403,18.27465717160573
2021-06-24 00:25:00,-13.803313815061648,-13.84377612455318,-13.79425317759384,-13.80498349734893,-13.79408037664244,-13.82227720023696,-13.864709240016484,33,0.875,35.19335896718734,954.3017862880093,1.7350941568872897,17.176784347000584
2021-06-24 00:30:00,-13.814835884758969,-13.849845432263406,-13.809452479450329,-13.817205377461589,-13.787789381076845,-13.84050358630152,-13.875264636244122,33,0.9027777777777778,29.577662225059694,1114.256147375883,2.025920267956151,15.816257000944784
2021-06-24 00:35:00,-13.773095892000198,-13.811205379662676,-13.77041330479233,-13.774417849808628,-13.783941528695092,-13.894903785665022,-13.858717963819398,33,0.9305555555555556,24.04301710572996,1349.950291052939,2.4544550746417078,14.128175499124907
2021-06-24 00:40:00,-13.806693683039429,-13.863021087467136,-13.799039150435974,-13.830953825898412,-13.764551505734165,-13.898923392248346,-13.860352725369236,33,0.9583333333333334,18.732096909021678,1712.6296804120188,3.113872146203671,12.028290858350662
2021-06-24 00:45:00,-13.753896261203122,-13.805022139810784,-13.776250766916904,-13.76613061508461,-13.73708164989784,-13.960905607713064,-13.79359154447098,33,0.9861111111111112,13.908664235895909,2288.093132953492,4.160169332642712,9.459771369219304
2021-06-24 00:50:00,-13.764768997088108,-13.827158105523788,-13.747492129426542,-13.771955603440356,-13.721861834652286,-13.991602854968331,-13.78023164375645,34,0.013888888888888888,13.908664235895905,2288.0931329534924,4.160169332642714,9.459771369219304
2021-06-24 00:55:00,-13.858037343817644,-13.93591059888944,-13.844949190990008,-13.932407814465511,-13.820098099698194,-13.94119452331761,-13.82227720023696,34,0.041666666666666664,18.732096909021678,1712.6296804120188,3.113872146203671,12.028290858350662
2021-06-24 01:00:00,-13.854837836651164,-13.9134885452612,-13.886776994429114,-13.879240744556656,-13.846794727249032,-13.905674259906716,-13.84050358630152,34,0.06944444444444445,24.04301710572997,1349.9502910529386,2.454455074641707,14.128175499124909
2021-06-24 01:05:00,-13.884732197709049,-13.945664415976864,-13.8938266510117,-13.924745518467471,-13.887813160457076,-13.80322239890967,-13.894903785665022,34,0.09722222222222222,29.57766222505968,1114.2561473758838,2.0259202679561525,15.81625700094478
2021-06-24 01:10:00,-13.882689174648418,-13.904633118235806,-13.874872831966796,-13.878934715612772,-13.891930579996904,-13.748842204098509,-13.898923392248346,34,0.125,35.193358967187336,954.3017862880095,1.73509415688729,17.176784347000584
2021-06-24 01:15:00,-13.882815598766994,-13.9420840673473,-13.879264732573636,-13.93128194779224,-13.880706019862892,-13.723596444505525,-13.960905607713064,34,0.1527777777777778,40.784883744963764,841.9816786935072,1.5308757794427403,18.27465717160573
2021-06-24 01:20:00,-13.875280570102673,-13.916617646288817,-13.86600043501041,-13.887110035333937,-13.865429200366082,-13.6833226284209,-13.991602854968331,34,0.18055555555555555,46.2647085880108,761.2019950774791,1.3840036274135983,19.15805525084395
2021-06-24 01:25:00,-13.828071920076736,-13.87905762182322,-13.823737910550872,-13.829182434419138,-13.837186348855344,-13.712226546065004,-13.94119452331761,34,0.20833333333333334,51.55598805017222,702.2327649706288,1.2767868454011433,19.863792666931527
2021-06-24 01:30:00,-13.806774980609696,-13.867982006871973,-13.79045263248921,-13.811626491621857,-13.800069355805167,-13.758776732293962,-13.905674259906716,34,0.2361111111111111,56.589631983678515,658.8812958918049,1.1979659925305546,20.421211908021377
2021-06-24 01:35:00,-13.718296590186933,-13.753027945063252,-13.656665879131014,-13.640621472167256,-13.73206617715508,-13.815434625662768,-13.80322239890967,34,0.2638888888888889,61.30302393660706,627.0153502079979,1.1400279094690873,20.854688932533097
2021-06-24 01:40:00,-13.705872614665772,-13.780916284188308,-13.643548678995543,-13.68447973766901,-13.683553974671923,-13.854932218594334,-13.748842204098509,34,0.2916666666666667,65.63949652769072,603.7532271149208,1.097733140208947,21.185177830703115
2021-06-24 01:45:00,-13.77824674438787,-13.862630809894815,-13.742052577619976,-13.79507842353069,-13.741084653865776,-13.81545512451364,-13.723596444505525,34,0.3194444444444444,69.54818229029615,587.000796114409,1.0672741747534709,21.431116276029314
2021-06-24 01:50:00,-13.753514488278352,-13.79323512111882,-13.760240204864376,-13.730131972462384,-13.697906426838088,-13.764640770233711,-13.6833226284209,34,0.3472222222222222,72.98405557930008,575.1794243398531,1.0457807715270055,21.60889791505997
2021-06-24 01:55:00,-13.811429789882627,-13.872424348566268,-13.761346154214456,-13.85022885175976,-13.700795281915592,-13.67547319681404,-13.712226546065004,34,0.375,75.90806788230319,567.06508111847,1.0310274202154,21.733044318665424
2021-06-24 02:00:00,-13.858666934765097,-13.897121778260033,-13.81540575281324,-13.87721836572882,-13.786722481310768,-13.518313978982444,-13.758776732293962,34,0.4027777777777778,78.28732091574973,561.6956771060345,1.0212648674655171,21.816168916637658
2021-06-24 02:05:00,-13.781913596277873,-13.819885904516772,-13.782523996811742,-13.766960367861014,-13.793640887094996,-13.526029566540933,-13.815434625662768,34,0.4305555555555556,80.09524395594458,558.321757226534,1.0151304676846076,21.86880622268163
2021-06-24 02:10:00,-13.794976539880391,-13.824675246337035,-13.748070458708618,-13.78569640478813,-13.792941658207344,-13.527229374459264,-13.854932218594334,34,0.4583333333333333,81.31175430298669,556.3845700490554,1.0116083091801007,21.899171826367546
2021-06-24 02:15:00,-13.735302262412906,-13.75778456138634,-13.71178676575372,-13.713191620333554,-13.76397291476463,-13.525955923328803,-13.81545512451364,34,0.4861111111111111,81.92338730807863,555.5100547469376,1.0100182813580683,21.91291439402028
2021-06-24 02:20:00,-13.635323202511602,-13.661663560650805,-13.596965302074002,-13.593760081398022,-13.631204852527478,-13.586594315544165,-13.764640770233711,34,0.5138888888888888,81.92338730807863,555.5100547469376,1.0100182813580683,21.91291439402028
2021-06-24 02:25:00,-13.63778127641874,-13.656405799015408,-13.558198471368772,-13.584214464379668,-13.588461070294573,-13.65404249144141,-13.67547319681404,34,0.5416666666666666,81.3117543029867,556.3845700490554,1.0116083091801007,21.899171826367546
2021-06-24 02:30:00,-13.49648285727094,-13.535213193577327,-13.42036175568213,-13.384949133045607,-13.447064256662582,-13.757097600181808,-13.518313978982444,34,0.5694444444444444,80.09524395594458,558.321757226534,1.0151304676846076,21.86880622268163
2021-06-24 02:35:00,-13.68717625246492,-13.74210578147155,-13.602920131023469,-13.75264888432021,-13.580279542765377,-13.743055538417162,-13.526029566540933,34,0.5972222222222222,78.28732091574973,561.6956771060345,1.0212648674655171,21.816168916637658
2021-06-24 02:40:00,-13.720837604480048,-13.744876781144471,-13.662330002391078,-13.719983456617284,-13.62949292225393,-13.662484994057149,-13.527229374459264,34,0.625,75.90806788230319,567.06508111847,1.0310274202154,21.733044318665424
2021-06-24 02:45:00,-13.649426048457457,-13.6911662757264,-13.644461314005156,-13.649657089406444,-13.53814573218967,-13.713885164788092,-13.525955923328803,34,0.6527777777777778,72.98405557930008,575.1794243398531,1.0457807715270055,21.60889791505997
2021-06-24 02:50:00,-13.714036667288054,-13.717610356558271,-13.644776240322612,-13.708604486344887,-13.638498169209804,-13.704472397769225,-13.586594315544165,34,0.6805555555555556,69.54818229029615,587.000796114409,1.0672741747534709,21.431116276029314
2021-06-24 02:55:00,-13.741926327959709,-13.73960369750068,-13.688706019191349,-13.759804640628804,-13.641661534430702,-13.737890758441448,-13.65404249144141,34,0.7083333333333334,65.63949652769072,603.7532271149208,1.097733140208947,21.185177830703115
2021-06-24 03:00:00,-13.697591456906055,-13.7028426724087,-13.680334332109371,-13.716911827388593,-13.648871125664671,-13.741302465059944,-13.757097600181808,34,0.7361111111111112,61.30302393660706,627.0153502079979,1.1400279094690873,20.854688932533097
2021-06-24 03:05:00,-13.710535797937355,-13.706657303219457,-13.673671522280603,-13.730268573315437,-13.66354359251553,-13.762867779553304,-13.743055538417162,34,0.7638888888888888,56.58963198367853,658.8812958918048,1.1979659925305544,20.42121190802138
2021-06-24 03:10:00,-13.582433928377556,-13.581403180269312,-13.558633672149542,-13.56088560903077,-13.562805929750004,-13.840753963046012,-13.662484994057149,34,0.7916666666666666,51.55598805017223,702.2327649706286,1.276786845401143,19.863792666931527
2021-06-24 03:15:00,-13.713826517721126,-13.764732311638234,-13.631584066730436,-13.831034105795236,-13.760683794181992,-13.817746052826106,-13.713885164788092,34,0.8194444444444444,46.26470858801082,761.2019950774787,1.3840036274135976,19.158055250843958
2021-06-24 03:20:00,-13.688755550811862,-13.705561374886932,-13.694510348776108,-13.69935271526543,-13.690281668452071,-13.822100444897304,-13.704472397769225,34,0.8472222222222222,40.784883744963764,841.9816786935072,1.5308757794427403,18.27465717160573
2021-06-24 03:25:00,-13.740433924386997,-13.848068223836858,-13.737097496527236,-13.877717490940292,-13.737131748507846,-13.781127312695872,-13.737890758441448,34,0.875,35.19335896718734,954.3017862880093,1.7350941568872897,17.176784347000584
2021-06-24 03:30:00,-13.756901974268796,-13.781365132305924,-13.78370577737186,-13.753462877696368,-13.621106915052726,-13.773269681548664,-13.741302465059944,34,0.9027777777777778,29.577662225059694,1114.256147375883,2.025920267956151,15.816257000944784
2021-06-24 03:35:00,-13.771691531718895,-13.821956861862752,-13.742831882869764,-13.817585929178222,-13.65482249452442,-13.749838913473086,-13.762867779553304,34,0.9305555555555556,24.04301710572996,1349.950291052939,2.4544550746417078,14.128175499124907
2021-06-24 03:40:00,-13.785620689883627,-13.818109014094174,-13.768077482542632,-13.82078308115758,-13.706776613989271,-13.760554404272224,-13.840753963046012,34,0.9583333333333334,18.732096909021678,1712.6296804120188,3.113872146203671,12.028290858350662
2021-06-24 03:45:00,-13.767571698839175,-13.820614046828922,-13.761877408830488,-13.81978401659588,-13.699257926252882,-13.79970241183635,-13.817746052826106,34,0.9861111111111112,13.908664235895909,2288.093132953492,4.160169332642712,9.459771369219304
2021-06-24 03:50:00,-13.76093917206457,-13.79453269286371,-13.769017929113753,-13.800078282255123,-13.775778479208066,-13.815780605558569,-13.822100444897304,35,0.013888888888888888,13.908664235895905,2288.0931329534924,4.160169332642714,9.459771369219304
2021-06-24 03:55:00,-13.782745617012244,-13.823114107138306,-13.788793563082166,-13.846257192134011,-13.72400195829801,-13.821579977619818,-13.781127312695872,35,0.041666666666666664,18.732096909021678,1712.6296804120188,3.113872146203671,12.028290858350662
2021-06-24 04:00:00,-13.75786617624582,-13.792912058017288,-13.784172046269166,-13.79766657064262,-13.706359600486833,-13.837731647364953,-13.773269681548664,35,0.06944444444444445,24.04301710572997,1349.9502910529386,2.454455074641707,14.128175499124909
2021-06-24 04:05:00,-13.735598870608303,-13.815041461285189,-13.772835600208689,-13.810038426745072,-13.687380877518848,-13.881337035553171,-13.749838913473086,35,0.09722222222222222,29.57766222505968,1114.2561473758838,2.0259202679561525,15.81625700094478
2021-06-24 04:10:00,-13.80553295378148,-13.862661743006102,-13.869527894714476,-13.883621392602802,-13.66615475358557,-13.901312453357544,-13.760554404272224,35,0.125,35.193358967187336,954.3017862880095,1.73509415688729,17.176784347000584
2021-06-24 04:15:00,-13.826944047132956,-13.916256769626942,-13.904456337401015,-13.955729080878127,-13.75050767031008,-13.887334592249246,-13.79970241183635,35,0.1527777777777778,40.784883744963764,841.9816786935072,1.5308757794427403,18.27465717160573
2021-06-24 04:20:00,-13.820432768880533,-13.85147303428723,-13.874981519491,-13.872469348971029,-13.769114549938504,-13.900194001162248,-13.815780605558569,35,0.18055555555555555,46.2647085880108,761.2019950774791,1.3840036274135983,19.15805525084395
2021-06-24 04:25:00,-13.795721331462111,-13.859050837088096,-13.855865744986009,-13.872066466591315,-13.74116496283898,-13.878627378231595,-13.821579977619818,35,0.20833333333333334,51.55598805017222,702.2327649706288,1.2767868454011433,19.863792666931527
2021-06-24 04:30:00,-13.796236826677898,-13.841078583792203,-13.811396555575469,-13.859181819376811,-13.74567587308642,-13.90213293076738,-13.837731647364953,35,0.2361111111111111,56.589631983678515,658.8812958918049,1.1979659925305546,20.421211908021377
2021-06-24 04:35:00,-13.829261638489744,-13.898302700374972,-13.842042192248751,-13.928240470773982,-13.753913736110038,-13.897982625837,-13.881337035553171,35,0.2638888888888889,61.30302393660706,627.0153502079979,1.1400279094690873,20.854688932533097
2021-06-24 04:40:00,-13.846695227862243,-13.905598491493029,-13.86097682088007,-13.913026950565612,-13.843720452069377,-13.88752568224632,-13.901312453357544,35,0.2916666666666667,65.63949652769072,603.7532271149208,1.097733140208947,21.185177830703115
2021-06-24 04:45:00,-13.847656464048075,-13.903788239565358,-13.86922096440268,-13.920780284722635,-13.78936523387226,-13.859621570611711,-13.887334592249246,35,0.3194444444444444,69.54818229029615,587.000796114409,1.0672741747534709,21.431116276029314
2021-06-24 04:50:00,-13.848453011593705,-13.889867269836296,-13.85591892569274,-13.893066710633802,-13.82246046868668,-13.851849336804948,-13.900194001162248,35,0.3472222222222222,72.98405557930008,575.1794243398531,1.0457807715270055,21.60889791505997
2021-06-24 04:55:00,-13.801069205429242,-13.845000642118425,-13.798470474513456,-13.840103902324072,-13.728912348988208,-13.905302954480264,-13.878627378231595,35,0.375,75.90806788230319,567.06508111847,1.0310274202154,21.733044318665424
2021-06-24 05:00:00,-13.830776314572766,-13.918416594621611,-13.820826434046449,-13.929459701716972,-13.769490158669822,-13.88889363889458,-13.90213293076738,35,0.4027777777777778,78.28732091574973,561.6956771060345,1.0212648674655171,21.816168916637658
2021-06-24 05:05:00,-13.863190318781363,-13.935396010682974,-13.900828651400554,-13.961532029334636,-13.811380941557143,-13.87952028491452,-13.897982625837,35,0.4305555555555556,80.09524395594458,558.321757226534,1.0151304676846076,21.86880622268163
2021-06-24 05:10:00,-13.863516323201209,-13.924520015482605,-13.8832993716476,-13.962860732864204,-13.815141710168165,-13.85048327012166,-13.88752568224632,35,0.4583333333333333,81.31175430298669,556.3845700490554,1.0116083091801007,21.899171826367546
2021-06-24 05:15:00,-13.826834836233836,-13.881376362063447,-13.824373636615396,-13.876671409865311,-13.760766720029778,-13.82027816974565,-13.859621570611711,35,0.4861111111111111,81.92338730807863,555.5100547469376,1.0100182813580683,21.91291439402028
2021-06-24 05:20:00,-13.822573924737895,-13.892685334093496,-13.819363659309255,-13.88824011808292,-13.806116662194638,-13.778359357223945,-13.851849336804948,35,0.5138888888888888,81.92338730807863,555.5100547469376,1.0100182813580683,21.91291439402028
2021-06-24 05:25:00,-13.85506195742071,-13.949924107767316,-13.852612388355958,-13.951261174602944,-13.782948628326848,-13.729994993616335,-13.905302954480264,35,0.5416666666666666,81.3117543029867,556.3845700490554,1.0116083091801007,21.899171826367546
2021-06-24 05:30:00,-13.836247268874285,-13.898267951216312,-13.854382616779862,-13.861069051170809,-13.771707785417671,-13.731817646760986,-13.88889363889458,35,0.5694444444444444,80.09524395594458,558.321757226534,1.0151304676846076,21.86880622268163
2021-06-24 05:35:00,-13.829574238696464,-13.912383741727586,-13.822547697839331,-13.871455222842304,-13.797720681793647,-13.718982618396147,-13.87952028491452,35,0.5972222222222222,78.28732091574973,561.6956771060345,1.0212648674655171,21.816168916637658
2021-06-24 05:40:00,-13.808901016747267,-13.86336256588819,-13.80483512056027,-13.8169074608289,-13.737638113738983,-13.70638294882336,-13.85048327012166,35,0.625,75.90806788230319,567.06508111847,1.0310274202154,21.733044318665424
2021-06-24 05:45:00,-13.72749278175796,-13.808529405351251,-13.709139448199908,-13.709071031467843,-13.65475274027868,-13.713412295551567,-13.82027816974565,35,0.6527777777777778,72.98405557930008,575.1794243398531,1.0457807715270055,21.60889791505997
2021-06-24 05:50:00,-13.664510542210865,-13.78717240476315,-13.605575589964864,-13.621561829621994,-13.668152795479816,-13.731692589232468,-13.778359357223945,35,0.6805555555555556,69.54818229029615,587.000796114409,1.0672741747534709,21.431116276029314
2021-06-24 05:55:00,-13.674239413140748,-13.810108584046658,-13.641902882957895,-13.669349056079277,-13.602293033375965,-13.692393035553804,-13.729994993616335,35,0.7083333333333334,65.63949652769072,603.7532271149208,1.097733140208947,21.185177830703115
2021-06-24 06:00:00,-13.692939249969514,-13.83118166492826,-13.669222661037084,-13.719303679830675,-13.639885112736955,-13.656262138997969,-13.731817646760986,35,0.7361111111111112,61.30302393660706,627.0153502079979,1.1400279094690873,20.854688932533097
2021-06-24 06:05:00,-13.698025291096767,-13.823079675983593,-13.678494712894532,-13.724526757956742,-13.59994174975896,-13.606470582878352,-13.718982618396147,35,0.7638888888888888,56.58963198367853,658.8812958918048,1.1979659925305544,20.42121190802138
2021-06-24 06:10:00,-13.649383160790736,-13.777308760675927,-13.62535166007904,-13.682315262551509,-13.58171009359976,-13.585530970366056,-13.70638294882336,35,0.7916666666666666,51.55598805017223,702.2327649706286,1.276786845401143,19.863792666931527
2021-06-24 06:15:00,-13.636483204859942,-13.760152071868385,-13.572710378425985,-13.6656325998778,-13.593005963566064,-13.565153716931803,-13.713412295551567,35,0.8194444444444444,46.26470858801082,761.2019950774787,1.3840036274135976,19.158055250843958
2021-06-24 06:20:00,-13.643423810463522,-13.758461736338491,-13.550456884070972,-13.638803849237076,-13.587502865321794,-13.545764075598418,-13.731692589232468,35,0.8472222222222222,40.784883744963764,841.9816786935072,1.5308757794427403,18.27465717160573
2021-06-24 06:25:00,-13.566894440094824,-13.690685179117528,-13.53777674923941,-13.531877499798371,-13.518588690843252,-13.548603468111825,-13.692393035553804,35,0.875,35.19335896718734,954.3017862880093,1.7350941568872897,17.176784347000584
2021-06-24 06:30:00,-13.57231630619069,-13.713275760383386,-13.519370565718496,-13.570749597918113,-13.510937025898192,-13.533302006379389,-13.656262138997969,35,0.9027777777777778,29.577662225059694,1114.256147375883,2.025920267956151,15.816257000944784
2021-06-24 06:35:00,-13.54942748193689,-13.675905540910463,-13.52039294772306,-13.538246023907933,-13.473730855577625,-13.53079338317829,-13.606470582878352,35,0.9305555555555556,24.04301710572996,1349.950291052939,2.4544550746417078,14.128175499124907
2021-06-24 06:40:00,-13.521872777576872,-13.67530179596081,-13.49866275741027,-13.555085444638047,-13.460680676507772,-13.540197641720228,-13.585530970366056,35,0.9583333333333334,18.732096909021678,1712.6296804120188,3.113872146203671,12.028290858350662
2021-06-24 06:45:00,-13.503354675418556,-13.656002309824528,-13.440885517747356,-13.507507524532556,-13.450879696145028,-13.540506563764342,-13.565153716931803,35,0.9861111111111112,13.908664235895909,2288.093132953492,4.160169332642712,9.459771369219304
2021-06-24 06:50:00,-13.49095105336635,-13.65730118249466,-13.435884386931113,-13.470676861175956,-13.473414417288188,-13.517986682480778,-13.545764075598418,36,0.013888888888888888,13.908664235895905,2288.0931329534924,4.160169332642714,9.459771369219304
2021-06-24 06:55:00,-13.4672933622847,-13.619931786941056,-13.380195638524643,-13.380132717229198,-13.444860706519238,-13.531873072918875,-13.548603468111825,36,0.041666666666666664,18.732096909021678,1712.6296804120188,3.113872146203671,12.028290858350662
2021-06-24 07:00:00,-13.456038482751044,-13.60952568593776,-13.38305057599996,-13.35043626458049,-13.411298733950815,-13.543602493581144,-13.533302006379389,36,0.06944444444444445,24.04301710572997,1349.9502910529386,2.454455074641707,14.128175499124909
2021-06-24 07:05:00,-13.439587264461158,-13.593650018215095,-13.370527224666644,-13.332156566965468,-13.4073286735262,-13.551482488102366,-13.53079338317829,36,0.09722222222222222,29.57766222505968,1114.2561473758838,2.0259202679561525,15.81625700094478
2021-06-24 07:10:00,-13.449614815278816,-13.616355861457311,-13.406420131017663,-13.433011036835492,-13.387905161839749,-13.528321396221306,-13.540197641720228,36,0.125,35.193358967187336,954.3017862880095,1.73509415688729,17.176784347000584
2021-06-24 07:15:00,-13.431269884795803,-13.581051424538853,-13.397590752571729,-13.391393601036194,-13.408765730201551,-13.504073559033303,-13.540506563764342,36,0.1527777777777778,40.784883744963764,841.9816786935072,1.5308757794427403,18.27465717160573
2021-06-24 07:20:00,-13.390207030141775,-13.555119597475375,-13.342232726228442,-13.35864864215334,-13.367350360734372,-13.509557356918911,-13.517986682480778,36,0.18055555555555555,46.2647085880108,761.2019950774791,1.3840036274135983,19.15805525084395
2021-06-24 07:25:00,-13.428471217393044,-13.60207281532421,-13.416208441345985,-13.465311861218526,-13.330011122341434,-13.4723952536759,-13.531873072918875,36,0.20833333333333334,51.55598805017222,702.2327649706288,1.2767868454011433,19.863792666931527
2021-06-24 07:30:00,-13.42027981116231,-13.600850075690133,-13.44149699410744,-13.469910683913644,-13.426052389335505,-13.39410285128839,-13.543602493581144,36,0.2361111111111111,56.589631983678515,658.8812958918049,1.1979659925305546,20.421211908021377
2021-06-24 07:35:00,-13.415462944661948,-13.587523144562953,-13.397562766551918,-13.456149332831323,-13.436506774204377,-13.314982789624144,-13.551482488102366,36,0.2638888888888889,61.30302393660706,627.0153502079979,1.1400279094690873,20.854688932533097
2021-06-24 07:40:00,-13.396319016947936,-13.560323052709322,-13.375369467581333,-13.403168620738011,-13.407010396155464,-13.278299485382757,-13.528321396221306,36,0.2916666666666667,65.63949652769072,603.7532271149208,1.097733140208947,21.185177830703115
2021-06-24 07:45:00,-13.355714195305383,-13.51850151515794,-13.326168111177653,-13.33962597023061,-13.373576675883276,-13.282572565345491,-13.504073559033303,36,0.3194444444444444,69.54818229029615,587.000796114409,1.0672741747534709,21.431116276029314
2021-06-24 07:50:00,-13.37112534042818,-13.53657651986579,-13.3304881495009,-13.40478848064094,-13.371947293464515,-13.2385675367944,-13.509557356918911,36,0.3472222222222222,72.98405557930008,575.1794243398531,1.0457807715270055,21.60889791505997
2021-06-24 07:55:00,-13.334160395060172,-13.493242909679353,-13.2986666202353,-13.339261206990608,-13.370965202242106,-13.231962312744573,-13.4723952536759,36,0.375,75.90806788230319,567.06508111847,1.0310274202154,21.733044318665424
2021-06-24 08:00:00,-13.237251975790498,-13.399429121540935,-13.163248972486366,-13.108221886279145,-13.258991050755942,-13.2570011066347,-13.39410285128839,36,0.4027777777777778,78.28732091574973,561.6956771060345,1.0212648674655171,21.816168916637658
2021-06-24 08:05:00,-13.22144454135811,-13.355069276478083,-13.113091017580135,-13.03598739589225,-13.17154818668068,-13.304485677008666,-13.314982789624144,36,0.4305555555555556,80.09524395594458,558.321757226534,1.0151304676846076,21.86880622268163
2021-06-24 08:10:00,-13.26552410722014,-13.38724550856187,-13.138967632943288,-13.112550225910084,-13.19026168941003,-13.334472341048246,-13.278299485382757,36,0.4583333333333333,81.31175430298669,556.3845700490554,1.0116083091801007,21.899171826367546
2021-06-24 08:15:00,-13.303384161807177,-13.42625534193501,-13.204178664569778,-13.220539713357658,-13.226302245640106,-13.334758961505663,-13.282572565345491,36,0.4861111111111111,81.92338730807863,555.5100547469376,1.0100182813580683,21.91291439402028
2021-06-24 08:20:00,-13.261357170597991,-13.354199275495755,-13.105918426045085,-13.107265186009249,-13.230120033040578,-13.329397203565074,-13.2385675367944,36,0.5138888888888888,81.92338730807863,555.5100547469376,1.0100182813580683,21.91291439402028
2021-06-24 08:25:00,-13.300410229229454,-13.380826353144872,-13.18215272199765,-13.181806829331002,-13.24051774803661,-13.270083938484026,-13.231962312744573,36,0.5416666666666666,81.3117543029867,556.3845700490554,1.0116083091801007,21.899171826367546
2021-06-24 08:30:00,-13.295439519580198,-13.35509108865796,-13.162423348556525,-13.160455022726946,-13.211843257602167,-13.231397125988162,-13.2570011066347,36,0.5694444444444444,80.09524395594458,558.321757226534,1.0151304676846076,21.86880622268163
2021-06-24 08:35:00,-13.306582055234331,-13.378300621244064,-13.216537988750629,-13.244199167195102,-13.263254811737534,-13.16616091421294,-13.304485677008666,36,0.5972222222222222,78.28732091574973,561.6956771060345,1.0212648674655171,21.816168916637658
2021-06-24 08:40:00,-13.32670368363674,-13.39936700958804,-13.26770935741417,-13.315226827716875,-13.296954864420057,-13.102272421922564,-13.334472341048246,36,0.625,75.90806788230319,567.06508111847,1.0310274202154,21.733044318665424
2021-06-24 08:45:00,-13.332271476835894,-13.393734053885757,-13.24790108520447,-13.286356376991003,-13.271318405452346,-13.039497148078324,-13.334758961505663,36,0.6527777777777778,72.98405557930008,575.1794243398531,1.0457807715270055,21.60889791505997
2021-06-24 08:50:00,-13.253763291332014,-13.3170634393871,-13.15561647978215,-13.138339670273352,-13.218465782100608,-13.016356707699156,-13.329397203565074,36,0.6805555555555556,69.54818229029615,587.000796114409,1.0672741747534709,21.431116276029314
2021-06-24 08:55:00,-13.164286272493312,-13.24948034420421,-13.0385274215883,-12.988848325653745,-13.140377343279283,-13.036725558058368,-13.270083938484026,36,0.7083333333333334,65.63949652769072,603.7532271149208,1.097733140208947,21.185177830703115
2021-06-24 09:00:00,-13.155242761015808,-13.282114632065376,-12.998823328176025,-13.026316154355882,-13.06875802195327,-13.059521007138802,-13.231397125988162,36,0.7361111111111112,61.30302393660706,627.0153502079979,1.1400279094690873,20.854688932533097
2021-06-24 09:05:00,-13.138224237028007,-13.269945719541534,-13.024164472847431,-12.99801122476484,-13.10234424059158,-13.060806939307186,-13.16616091421294,36,0.7638888888888888,56.58963198367853,658.8812958918048,1.1979659925305544,20.42121190802138
2021-06-24 09:10:00,-13.137943911607772,-13.278767698333509,-13.023795319073413,-13.018591896583075,-13.07637681968052,-13.06190131625635,-13.102272421922564,36,0.7916666666666666,51.55598805017223,702.2327649706286,1.276786845401143,19.863792666931527
2021-06-24 09:15:00,-13.119190777766736,-13.259397817686962,-13.047883271585064,-12.99832658722806,-13.028950707377025,-13.09375423347871,-13.039497148078324,36,0.8194444444444444,46.26470858801082,761.2019950774787,1.3840036274135976,19.158055250843958
2021-06-24 09:20:00,-13.10857391406286,-13.250054659333966,-13.030318402337828,-13.010491564856808,-13.033028001506633,-13.081808724398035,-13.016356707699156,36,0.8472222222222222,40.784883744963764,841.9816786935072,1.5308757794427403,18.27465717160573
2021-06-24 09:25:00,-13.10901270577708,-13.26180843215866,-13.07079476451491,-13.05890066248153,-13.057086528717456,-13.062779859205468,-13.036725558058368,36,0.875,35.19335896718734,954.3017862880093,1.7350941568872897,17.176784347000584
2021-06-24 09:30:00,-13.1425646433584,-13.29678666930028,-13.142604070935398,-13.139973937524656,-13.062664716723967,-13.020069325817914,-13.059521007138802,36,0.9027777777777778,29.577662225059694,1114.256147375883,2.025920267956151,15.816257000944784
2021-06-24 09:35:00,-13.075509180375484,-13.229005399839,-13.016603769735848,-13.030813166091663,-13.024351957372865,-13.01580094169123,-13.060806939307186,36,0.9305555555555556,24.04301710572996,1349.950291052939,2.4544550746417078,14.128175499124907
2021-06-24 09:40:00,-13.080383400043717,-13.235084796947206,-13.064445296340654,-13.063642729983496,-13.033494735626086,-13.031096951601624,-13.06190131625635,36,0.9583333333333334,18.732096909021678,1712.6296804120188,3.113872146203671,12.028290858350662
2021-06-24 09:45:00,-13.108068421123246,-13.269983027186504,-13.128926656105216,-13.134767462013976,-13.017582742516051,-12.99139535875839,-13.09375423347871,36,0.9861111111111112,13.908664235895909,2288.093132953492,4.160169332642712,9.459771369219304
2021-06-24 09:50:00,-13.042664380458325,-13.195530367358709,-13.019745909196269,-12.999578209263069,-12.996185634905387,-12.98958116684155,-13.081808724398035,37,0.013888888888888888,13.908664235895905,2288.0931329534924,4.160169332642714,9.459771369219304
2021-06-24 09:55:00,-13.033540996153375,-13.189686697904182,-13.02313697158197,-13.012365159826604,-12.979390824617756,-12.995072300153716,-13.062779859205468,37,0.041666666666666664,18.732096909021678,1712.6296804120188,3.113872146203671,12.028290858350662
2021-06-24 10:00:00,-13.01345860633147,-13.164325969794172,-12.958035209007368,-12.990378441296782,-12.94576410257623,-13.008644051403651,-13.020069325817914,37,0.06944444444444445,24.04301710572997,1349.9502910529386,2.454455074641707,14.128175499124909
2021-06-24 10:05:00,-13.02932983435083,-13.171773535523682,-12.985886779615695,-13.008912891652123,-12.95660755854231,-13.00591145281493,-13.01580094169123,37,0.09722222222222222,29.57766222505968,1114.2561473758838,2.0259202679561525,15.81625700094478
2021-06-24 10:10:00,-13.019072122144806,-13.176522606480374,-13.009985810229734,-13.04276571165732,-13.035064744068272,-12.958858826666702,-13.031096951601624,37,0.125,35.193358967187336,954.3017862880095,1.73509415688729,17.176784347000584
2021-06-24 10:15:00,-13.019738989016824,-13.139056104084888,-12.993989321147168,-13.0604745671592,-12.97582763003749,-12.960501351611123,-12.99139535875839,37,0.1527777777777778,40.784883744963764,841.9816786935072,1.5308757794427403,18.27465717160573
2021-06-24 10:20:00,-13.006275372839792,-13.1240829749303,-12.95089224630783,-13.032717989098112,-12.943658448983998,-12.953045410711876,-12.98958116684155,37,0.18055555555555555,46.2647085880108,761.2019950774791,1.3840036274135983,19.15805525084395
2021-06-24 10:25:00,-13.04125897342719,-13.130686587091756,-13.007904900640469,-13.050063506102816,-12.960441803176248,-12.953775693177873,-12.995072300153716,37,0.20833333333333334,51.55598805017222,702.2327649706288,1.2767868454011433,19.863792666931527
2021-06-24 10:30:00,-12.988004587136531,-13.111664920768067,-13.004400062363326,-13.043697929611705,-12.985968019033198,-12.910803821248972,-13.008644051403651,37,0.2361111111111111,56.589631983678515,658.8812958918049,1.1979659925305546,20.421211908021377
2021-06-24 10:35:00,-12.95741012489947,-13.080209271175308,-12.961135274939826,-12.99412917855525,-12.95878601940062,-12.899890640113542,-13.00591145281493,37,0.2638888888888889,61.30302393660706,627.0153502079979,1.1400279094690873,20.854688932533097
2021-06-24 10:40:00,-12.937699534802547,-13.026355736254343,-12.92602117954006,-12.961922314507811,-12.887193041278708,-12.927874275658985,-12.958858826666702,37,0.2916666666666667,65.63949652769072,603.7532271149208,1.097733140208947,21.185177830703115
2021-06-24 10:45:00,-12.98201863191776,-13.067129913348868,-12.934429604633491,-13.01315627008838,-12.888202340727652,-12.948576486763244,-12.960501351611123,37,0.3194444444444444,69.54818229029615,587.000796114409,1.0672741747534709,21.431116276029314
2021-06-24 10:50:00,-12.974035129103274,-13.039891834478198,-12.971921101512386,-12.98616771564,-12.906737081846837,-12.97060586034871,-12.953045410711876,37,0.3472222222222222,72.98405557930008,575.1794243398531,1.0457807715270055,21.60889791505997
2021-06-24 10:55:00,-12.976296341351068,-13.076600504556588,-12.993655000881438,-13.014447843075304,-12.929491271538064,-12.974782275872116,-12.953775693177873,37,0.375,75.90806788230319,567.06508111847,1.0310274202154,21.733044318665424
2021-06-24 11:00:00,-12.861458347746922,-12.963265111751705,-12.880862007532048,-12.91679256780063,-12.84425420012228,-13.021003172049816,-12.910803821248972,37,0.4027777777777778,78.28732091574973,561.6956771060345,1.0212648674655171,21.816168916637658
2021-06-24 11:05:00,-12.85044904008527,-12.960303916808538,-12.841525497769045,-12.847943469904514,-12.835076297596926,-13.017762027501137,-12.899890640113542,37,0.4305555555555556,80.09524395594458,558.321757226534,1.0151304676846076,21.86880622268163
2021-06-24 11:10:00,-12.959741004163847,-13.032001260339928,-12.897192526116502,-12.949124169536358,-12.914135393352566,-12.984967558805057,-12.927874275658985,37,0.4583333333333333,81.31175430298669,556.3845700490554,1.0116083091801007,21.899171826367546
2021-06-24 11:15:00,-12.93773657811604,-13.06672604833514,-12.96675306498164,-13.008500297760085,-12.97208840702717,-12.974749012488571,-12.948576486763244,37,0.4861111111111111,81.92338730807863,555.5100547469376,1.0100182813580683,21.91291439402028
2021-06-24 11:20:00,-12.917914683620335,-13.013141891667429,-12.963208770051114,-12.874974097880855,-12.986443243456842,-12.927633116128288,-12.97060586034871,37,0.5138888888888888,81.92338730807863,555.5100547469376,1.0100182813580683,21.91291439402028
2021-06-24 11:25:00,-12.959441517406413,-13.01727594298904,-12.857014487641488,-12.847120957147782,-12.988539301842284,-12.869732498098042,-12.974782275872116,37,0.5416666666666666,81.3117543029867,556.3845700490554,1.0116083091801007,21.899171826367546
2021-06-24 11:30:00,-12.983503737318031,-13.03128896040627,-12.97050118536553,-12.932824181155333,-12.983251121691954,-12.869935102343266,-13.021003172049816,37,0.5694444444444444,80.09524395594458,558.321757226534,1.0151304676846076,21.86880622268163
2021-06-24 11:35:00,-12.901821719094936,-12.967941330894895,-12.927948245980431,-12.919852682781173,-12.895258713954991,-12.872132579156856,-13.017762027501137,37,0.5972222222222222,78.28732091574973,561.6956771060345,1.0212648674655171,21.816168916637658
2021-06-24 11:40:00,-12.854872837485594,-12.938183446560627,-12.876700013895212,-12.857639629902154,-12.873281677861115,-12.869269485755767,-12.984967558805057,37,0.625,75.90806788230319,567.06508111847,1.0310274202154,21.733044318665424
2021-06-24 11:45:00,-12.943606983783932,-13.003921049196542,-12.924487807341988,-12.841450887767143,-12.931415546645551,-12.816285335380025,-12.974749012488571,37,0.6527777777777778,72.98405557930008,575.1794243398531,1.0457807715270055,21.60889791505997
2021-06-24 11:50:00,-12.862419671161907,-12.888649995270749,-12.869885381726256,-12.833628642579528,-12.839709793880225,-12.82567712378768,-12.927633116128288,37,0.6805555555555556,69.54818229029615,587.000796114409,1.0672741747534709,21.431116276029314
2021-06-24 11:55:00,-12.822761169520083,-12.878704277255542,-12.844523040370753,-12.799505993728792,-12.81439845250264,-12.85889956778305,-12.869732498098042,37,0.7083333333333334,65.63949652769072,603.7532271149208,1.097733140208947,21.185177830703115
2021-06-24 12:00:00,-12.935600510625916,-13.020754790540352,-12.8548083460654,-12.867750419138732,-12.938733258414231,-12.824847574545965,-12.869935102343266,37,0.7361111111111112,61.30302393660706,627.0153502079979,1.1400279094690873,20.854688932533097
2021-06-24 12:05:00,-12.847760404989485,-12.946209866203514,-12.919770629224912,-12.815650190843185,-12.900792298788112,-12.815158799949916,-12.872132579156856,37,0.7638888888888888,56.58963198367853,658.8812958918048,1.1979659925305544,20.42121190802138
2021-06-24 12:10:00,-12.83168837546072,-12.909147951558,-12.84556159066222,-12.774797115032186,-12.861242484670496,-12.8211900561753,-12.869269485755767,37,0.7916666666666666,51.55598805017223,702.2327649706286,1.276786845401143,19.863792666931527
2021-06-24 12:15:00,-12.831338819169662,-12.874196137653495,-12.810053393950774,-12.807094581092844,-12.813296399388044,-12.822380327039609,-12.816285335380025,37,0.8194444444444444,46.26470858801082,761.2019950774787,1.3840036274135976,19.158055250843958
2021-06-24 12:20:00,-12.819944772792049,-12.88835581270957,-12.787245994476429,-12.814839017876295,-12.793022716034374,-12.830888774894747,-12.82567712378768,37,0.8472222222222222,40.784883744963764,841.9816786935072,1.5308757794427403,18.27465717160573
2021-06-24 12:25:00,-12.806055449273693,-12.886486122953109,-12.800681842706531,-12.74299324967,-12.847895900939935,-12.780733524092252,-12.85889956778305,37,0.875,35.19335896718734,954.3017862880093,1.7350941568872897,17.176784347000584
2021-06-24 12:30:00,-12.775669813628078,-12.853362022283951,-12.73404539949657,-12.767191256295911,-12.818676286454194,-12.769812434180317,-12.824847574545965,37,0.9027777777777778,29.577662225059694,1114.256147375883,2.025920267956151,15.816257000944784
2021-06-24 12:35:00,-12.77117152253139,-12.84049003194094,-12.788110551684738,-12.737090918132235,-12.8013519370572,-12.771488513272123,-12.815158799949916,37,0.9305555555555556,24.04301710572996,1349.950291052939,2.4544550746417078,14.128175499124907
2021-06-24 12:40:00,-12.80117334990534,-12.846131190699603,-12.782385818701773,-12.74481523405781,-12.79909462104489,-12.766520638570327,-12.8211900561753,37,0.9583333333333334,18.732096909021678,1712.6296804120188,3.113872146203671,12.028290858350662
2021-06-24 12:45:00,-12.760108132795091,-12.792741507900704,-12.768745330879549,-12.725957047240597,-12.754970859078847,-12.76881546311828,-12.822380327039609,37,0.9861111111111112,13.908664235895909,2288.093132953492,4.160169332642712,9.459771369219304
2021-06-24 12:50:00,-12.780121640662788,-12.837336704794392,-12.719178644246371,-12.752800016233202,-12.7468723300884,-12.75244429574869,-12.830888774894747,38,0.013888888888888888,13.908664235895905,2288.0931329534924,4.160169332642714,9.459771369219304
2021-06-24 12:55:00,-12.7130467837316,-12.733310733014584,-12.72662022141182,-12.685033083204878,-12.666487700129071,-12.783682392826782,-12.780733524092252,38,0.041666666666666664,18.732096909021678,1712.6296804120188,3.113872146203671,12.028290858350662
2021-06-24 13:00:00,-12.718029894458724,-12.777611284795896,-12.705208720990967,-12.713203679900834,-12.715344748529043,-12.797236465635114,-12.769812434180317,38,0.06944444444444445,24.04301710572997,1349.9502910529386,2.454455074641707,14.128175499124909
2021-06-24 13:05:00,-12.747609125664464,-12.794073713166457,-12.758908150418454,-12.741315018925755,-12.7430853636552,-12.789576757435269,-12.771488513272123,38,0.09722222222222222,29.57766222505968,1114.2561473758838,2.0259202679561525,15.81625700094478
2021-06-24 13:10:00,-12.755551049249515,-12.798463497481016,-12.79446827755211,-12.73687871868022,-12.78545692455555,-12.7600546904009,-12.766520638570327,38,0.125,35.193358967187336,954.3017862880095,1.73509415688729,17.176784347000584
2021-06-24 13:15:00,-12.747340518027064,-12.772075703347904,-12.742947018219096,-12.721420840538888,-12.745185667192736,-12.76414451645211,-12.76881546311828,38,0.1527777777777778,40.784883744963764,841.9816786935072,1.5308757794427403,18.27465717160573
2021-06-24 13:20:00,-12.751465061281026,-12.773697639119568,-12.73427533554296,-12.721771792496387,-12.723307316346894,-12.770132972239924,-12.75244429574869,38,0.18055555555555555,46.2647085880108,761.2019950774791,1.3840036274135983,19.15805525084395
2021-06-24 13:25:00,-12.749278749798975,-12.774285715147432,-12.741248724769742,-12.715298575230907,-12.76105230114339,-12.786042464780914,-12.783682392826782,38,0.20833333333333334,51.55598805017222,702.2327649706288,1.2767868454011433,19.863792666931527
2021-06-24 13:30:00,-12.781675947857496,-12.805200671300554,-12.743015056958162,-12.738364638219249,-12.802684449593102,-12.75682994493292,-12.797236465635114,38,0.2361111111111111,56.589631983678515,658.8812958918049,1.1979659925305546,20.421211908021377
2021-06-24 13:35:00,-12.726381620602934,-12.772489744487965,-12.753013785809966,-12.703095449386067,-12.747654019601692,-12.761785723858882,-12.789576757435269,38,0.2638888888888889,61.30302393660706,627.0153502079979,1.1400279094690873,20.854688932533097
2021-06-24 13:40:00,-12.701226361255827,-12.727564228220844,-12.657982683287267,-12.666568939546574,-12.686940901078898,-12.76249181477321,-12.7600546904009,38,0.2916666666666667,65.63949652769072,603.7532271149208,1.097733140208947,21.185177830703115
2021-06-24 13:45:00,-12.733102219745335,-12.770873937519658,-12.70348018810203,-12.676060518104864,-12.721547671726844,-12.733692354039404,-12.76414451645211,38,0.3194444444444444,69.54818229029615,587.000796114409,1.0672741747534709,21.431116276029314
2021-06-24 13:50:00,-12.731902586285306,-12.77485228254464,-12.727496234715511,-12.726134994712003,-12.754272967704871,-12.71239198355903,-12.770132972239924,38,0.3472222222222222,72.98405557930008,575.1794243398531,1.0457807715270055,21.60889791505997
2021-06-24 13:55:00,-12.76091232742977,-12.808506062153056,-12.769046213303426,-12.75704354005138,-12.807245661985236,-12.660413934229965,-12.786042464780914,38,0.375,75.90806788230319,567.06508111847,1.0310274202154,21.733044318665424
2021-06-24 14:00:00,-12.731537154288466,-12.740259177093272,-12.730307862916536,-12.713405411854533,-12.706168881350584,-12.637685971437298,-12.75682994493292,38,0.4027777777777778,78.28732091574973,561.6956771060345,1.0212648674655171,21.816168916637658
2021-06-24 14:05:00,-12.766203764135131,-12.791695332731289,-12.728032345087708,-12.73531219940414,-12.716401965859175,-12.579058153037783,-12.761785723858882,38,0.4305555555555556,80.09524395594458,558.321757226534,1.0151304676846076,21.86880622268163
2021-06-24 14:10:00,-12.700203395906302,-12.72485298438066,-12.720458005151924,-12.695929458190232,-12.716901788903868,-12.55402012967184,-12.76249181477321,38,0.4583333333333333,81.31175430298669,556.3845700490554,1.0116083091801007,21.899171826367546
2021-06-24 14:15:00,-12.711673215341184,-12.720798029313704,-12.685753712311314,-12.677700600633012,-12.66733079896583,-12.543231104697014,-12.733692354039404,38,0.4861111111111111,81.92338730807863,555.5100547469376,1.0100182813580683,21.91291439402028
2021-06-24 14:20:00,-12.728677550053485,-12.75058389799538,-12.67593548965273,-12.686806219267204,-12.64633520714482,-12.542741283928494,-12.71239198355903,38,0.5138888888888888,81.92338730807863,555.5100547469376,1.0100182813580683,21.91291439402028
2021-06-24 14:25:00,-12.684117933088029,-12.704667828340265,-12.67980834772491,-12.67813412952169,-12.637714931515978,-12.558939214200915,-12.660413934229965,38,0.5416666666666666,81.3117543029867,556.3845700490554,1.0116083091801007,21.899171826367546
2021-06-24 14:30:00,-12.628657928596198,-12.666652769134792,-12.62652942096597,-12.650615832429258,-12.601561878755367,-12.588985993664869,-12.637685971437298,38,0.5694444444444444,80.09524395594458,558.321757226534,1.0151304676846076,21.86880622268163
2021-06-24 14:35:00,-12.6360662423781,-12.641639503701946,-12.627879379332402,-12.636045307381464,-12.535418629174494,-12.632791601834803,-12.579058153037783,38,0.5972222222222222,78.28732091574973,561.6956771060345,1.0212648674655171,21.816168916637658
2021-06-24 14:40:00,-12.610852655804251,-12.636604633924517,-12.589118640129664,-12.637703184656754,-12.528149126050844,-12.640531386396782,-12.55402012967184,38,0.625,75.90806788230319,567.06508111847,1.0310274202154,21.733044318665424
2021-06-24 14:45:00,-12.661628396645945,-12.6550009310301,-12.632101561084564,-12.654024282492722,-12.534861583805665,-12.675631990354272,-12.543231104697014,38,0.6527777777777778,72.98405557930008,575.1794243398531,1.0457807715270055,21.60889791505997
2021-06-24 14:50:00,-12.657634231898813,-12.68810791730497,-12.66622816432355,-12.665221190985344,-12.587967040856364,-12.70228648622438,-12.542741283928494,38,0.6805555555555556,69.54818229029615,587.000796114409,1.0672741747534709,21.431116276029314
2021-06-24 14:55:00,-12.693500068136125,-12.692317248833866,-12.682525245066154,-12.684275061868338,-12.629764633932268,-12.725095746587318,-12.558939214200915,38,0.7083333333333334,65.63949652769072,603.7532271149208,1.097733140208947,21.185177830703115
2021-06-24 15:00:00,-12.703090564553522,-12.715219950974506,-12.691046719141424,-12.686766384620826,-12.686083903730482,-12.766501971531662,-12.588985993664869,38,0.7361111111111112,61.30302393660706,627.0153502079979,1.1400279094690873,20.854688932533097
2021-06-24 15:05:00,-12.665134136290998,-12.699491244439908,-12.685523776264926,-12.662543197846182,-12.684241856637565,-12.804926122510702,-12.632791601834803,38,0.7638888888888888,56.58963198367853,658.8812958918048,1.1979659925305544,20.42121190802138
2021-06-24 15:10:00,-12.670771814579616,-12.656323075807322,-12.656895866198004,-12.664370590441456,-12.609456698597992,-12.870148813767262,-12.640531386396782,38,0.7916666666666666,51.55598805017223,702.2327649706286,1.276786845401143,19.863792666931527
2021-06-24 15:15:00,-12.77782861885066,-12.754765360814668,-12.733244577722465,-12.75676498829058,-12.71222304976673,-12.885452180002863,-12.675631990354272,38,0.8194444444444444,46.26470858801082,761.2019950774787,1.3840036274135976,19.158055250843958
2021-06-24 15:20:00,-12.819235599780994,-12.798482230804488,-12.782509160723622,-12.804438220783538,-12.776671029842207,-12.889106092901889,-12.70228648622438,38,0.8472222222222222,40.784883744963764,841.9816786935072,1.5308757794427403,18.27465717160573
2021-06-24 15:25:00,-12.82165050979576,-12.8045384136245,-12.818630055003288,-12.828990784838595,-12.809012226784729,-12.913908481250138,-12.725095746587318,38,0.875,35.19335896718734,954.3017862880093,1.7350941568872897,17.176784347000584
2021-06-24 15:30:00,-12.882770174322678,-12.88026134022185,-12.87664000023819,-12.874960897202422,-12.88862906574242,-12.931580351591291,-12.766501971531662,38,0.9027777777777778,29.577662225059694,1114.256147375883,2.025920267956151,15.816257000944784
2021-06-24 15:35:00,-12.87403993180873,-12.893446246449516,-12.90622580270676,-12.86848436522914,-12.917905146566312,-12.970564164813744,-12.804926122510702,38,0.9305555555555556,24.04301710572996,1349.950291052939,2.4544550746417078,14.128175499124907
2021-06-24 15:40:00,-12.92682485079982,-12.918285881726854,-12.912554742953755,-12.937301944324764,-12.931186657348992,-12.969065567971194,-12.870148813767262,38,0.9583333333333334,18.732096909021678,1712.6296804120188,3.113872146203671,12.028290858350662
2021-06-24 15:45:00,-12.923815793949965,-12.90195504917179,-12.910530445084564,-12.894945968366352,-12.896394321216974,-13.00919452550965,-12.885452180002863,38,0.9861111111111112,13.908664235895909,2288.093132953492,4.160169332642712,9.459771369219304
2021-06-24 15:50:00,-12.934202227308916,-12.91783084698698,-12.912419247003308,-12.93452264906299,-12.889585155408248,-13.024758910446367,-12.889106092901889,39,0.013888888888888888,13.908664235895905,2288.0931329534924,4.160169332642714,9.459771369219304
2021-06-24 15:55:00,-12.936413893398004,-12.953647284716146,-12.917980163637592,-12.92294233936808,-12.939350084829014,-13.038586679259335,-12.913908481250138,39,0.041666666666666664,18.732096909021678,1712.6296804120188,3.113872146203671,12.028290858350662
2021-06-24 16:00:00,-12.961876839042898,-13.006234903739752,-12.947088182960709,-12.935918373658176,-13.025419089750017,-13.013509897073227,-12.931580351591291,39,0.06944444444444445,24.04301710572997,1349.9502910529386,2.454455074641707,14.128175499124909
2021-06-24 16:05:00,-13.054690518352432,-13.085123386180916,-13.038051237643977,-13.109718098858188,-13.085294982865666,-12.994138890067578,-12.970564164813744,39,0.09722222222222222,29.57766222505968,1114.2561473758838,2.0259202679561525,15.81625700094478
2021-06-24 16:10:00,-13.0156991161937,-13.026375972869204,-12.948591432024733,-12.972625157079818,-13.00074138093729,-13.005139416661198,-12.969065567971194,39,0.125,35.193358967187336,954.3017862880095,1.73509415688729,17.176784347000584
2021-06-24 16:15:00,-13.058176922201982,-13.093517852029224,-13.012267841168628,-13.0579482655165,-13.09309789225778,-13.014671702157392,-13.00919452550965,39,0.1527777777777778,40.784883744963764,841.9816786935072,1.5308757794427403,18.27465717160573
2021-06-24 16:20:00,-13.049685658489912,-13.06418349113455,-13.012662989230138,-13.01465094161906,-13.002096107830733,-13.025891726375466,-13.024758910446367,39,0.18055555555555555,46.2647085880108,761.2019950774791,1.3840036274135983,19.15805525084395
2021-06-24 16:25:00,-13.028092517896855,-13.089696427497763,-12.9701646552946,-13.005953875259502,-13.075609028678883,-13.005873275522454,-13.038586679259335,39,0.20833333333333334,51.55598805017222,702.2327649706288,1.2767868454011433,19.863792666931527
2021-06-24 16:30:00,-12.987347344547688,-13.050405883367054,-12.925504434039754,-12.939683125733838,-13.009511545326768,-13.027478104821965,-13.013509897073227,39,0.2361111111111111,56.589631983678515,658.8812958918049,1.1979659925305546,20.421211908021377
2021-06-24 16:35:00,-13.0368889091849,-13.11063522398504,-13.009976011488252,-13.055618665613029,-13.081209518272091,-13.063705622202557,-12.994138890067578,39,0.2638888888888889,61.30302393660706,627.0153502079979,1.1400279094690873,20.854688932533097
2021-06-24 16:40:00,-13.014980260746704,-13.088844812925512,-13.023992805875016,-12.97755598846812,-13.043657687895948,-13.0858844484029,-13.005139416661198,39,0.2916666666666667,65.63949652769072,603.7532271149208,1.097733140208947,21.185177830703115
2021-06-24 16:45:00,-13.04566212659472,-13.145717130413647,-13.037637655154874,-13.03691987553409,-13.14264931378924,-13.067178447380677,-13.014671702157392,39,0.3194444444444444,69.54818229029615,587.000796114409,1.0672741747534709,21.431116276029314
2021-06-24 16:50:00,-13.078763641908134,-13.127800441080272,-13.082695001665355,-13.02036514895094,-13.0727827750566,-13.072633264288957,-13.025891726375466,39,0.3472222222222222,72.98405557930008,575.1794243398531,1.0457807715270055,21.60889791505997
2021-06-24 16:55:00,-13.055392596725738,-13.094040737247784,-13.011912091607732,-12.952646947942563,-12.984428773405511,-13.078874946306916,-13.005873275522454,39,0.375,75.90806788230319,567.06508111847,1.0310274202154,21.733044318665424
2021-06-24 17:00:00,-13.10653275189082,-13.13417104307633,-13.077077095318003,-13.056835192452285,-13.093400461111942,-13.111916302581385,-13.027478104821965,39,0.4027777777777778,78.28732091574973,561.6956771060345,1.0212648674655171,21.816168916637658
2021-06-24 17:05:00,-13.14169837064342,-13.21433853739561,-13.179454055549307,-13.182346574251223,-13.214011570802391,-13.09341465038744,-13.063705622202557,39,0.4305555555555556,80.09524395594458,558.321757226534,1.0151304676846076,21.86880622268163
2021-06-24 17:10:00,-13.153593083280867,-13.180552294688203,-13.18832758648468,-13.14776105844014,-13.17550804129444,-13.10362392133736,-13.0858844484029,39,0.4583333333333333,81.31175430298669,556.3845700490554,1.0116083091801007,21.899171826367546
2021-06-24 17:15:00,-13.126648521401808,-13.154271928070555,-13.107835170369055,-13.095188077213608,-13.127390259963184,-13.161373080482218,-13.067178447380677,39,0.4861111111111111,81.92338730807863,555.5100547469376,1.0100182813580683,21.91291439402028
2021-06-24 17:20:00,-13.130406295145256,-13.162614501456474,-13.088544210649156,-13.081263309582893,-13.11319231970275,-13.213065890482117,-13.072633264288957,39,0.5138888888888888,81.92338730807863,555.5100547469376,1.0100182813580683,21.91291439402028
2021-06-24 17:25:00,-13.110407296393284,-13.138290610763594,-13.08489710162404,-13.05502786256212,-13.080050446368045,-13.297482789790092,-13.078874946306916,39,0.5416666666666666,81.3117543029867,556.3845700490554,1.0116083091801007,21.899171826367546
2021-06-24 17:30:00,-13.17178245510832,-13.23486424675467,-13.189449760457151,-13.191538811434,-13.270556313422016,-13.324101638013152,-13.111916302581385,39,0.5694444444444444,80.09524395594458,558.321757226534,1.0151304676846076,21.86880622268163
2021-06-24 17:35:00,-13.191197570988829,-13.225541527382685,-13.247522801445806,-13.162179688456783,-13.23370015007646,-13.358292485523066,-13.09341465038744,39,0.5972222222222222,78.28732091574973,561.6956771060345,1.0212648674655171,21.816168916637658
2021-06-24 17:40:00,-13.194127772684688,-13.235466777507432,-13.219046786410033,-13.194040514455653,-13.26243104869628,-13.35630857475155,-13.10362392133736,39,0.625,75.90806788230319,567.06508111847,1.0310274202154,21.733044318665424
2021-06-24 17:45:00,-13.266367467744358,-13.303632571560524,-13.28589217251698,-13.274551902911975,-13.394405114840518,-13.361952315466278,-13.161373080482218,39,0.6527777777777778,72.98405557930008,575.1794243398531,1.0457807715270055,21.60889791505997
2021-06-24 17:50:00,-13.292074306100064,-13.321625870935872,-13.341577591677456,-13.33486634059258,-13.407216794868829,-13.376883692980398,-13.213065890482117,39,0.6805555555555556,69.54818229029615,587.000796114409,1.0672741747534709,21.431116276029314
2021-06-24 17:55:00,-13.33868819868684,-13.375816873091733,-13.352553243424376,-13.420141778297335,-13.491235580324108,-13.37790898444066,-13.297482789790092,39,0.7083333333333334,65.63949652769072,603.7532271149208,1.097733140208947,21.185177830703115
2021-06-24 18:00:00,-13.367642040482648,-13.373760435516916,-13.375869414200658,-13.40749738924562,-13.467819277749678,-13.394299611180386,-13.324101638013152,39,0.7361111111111112,61.30302393660706,627.0153502079979,1.1400279094690873,20.854688932533097
2021-06-24 18:05:00,-13.370077078624387,-13.378193793599689,-13.39200999857431,-13.424124741367448,-13.453495633011176,-13.415953085270694,-13.358292485523066,39,0.7638888888888888,56.58963198367853,658.8812958918048,1.1979659925305544,20.42121190802138
2021-06-24 18:10:00,-13.339146689651368,-13.329929127470058,-13.307641889439044,-13.334303799787133,-13.32147404878603,-13.467375675711144,-13.35630857475155,39,0.7916666666666666,51.55598805017223,702.2327649706286,1.276786845401143,19.863792666931527
2021-06-24 18:15:00,-13.370019202081602,-13.4071168669794,-13.337809946501563,-13.378128191301274,-13.429506511129478,-13.485856498764662,-13.361952315466278,39,0.8194444444444444,46.26470858801082,761.2019950774787,1.3840036274135976,19.158055250843958
2021-06-24 18:20:00,-13.391185937500117,-13.44131693400599,-13.404716880044804,-13.395559890708796,-13.455251733946898,-13.469145064554452,-13.376883692980398,39,0.8472222222222222,40.784883744963764,841.9816786935072,1.5308757794427403,18.27465717160573
2021-06-24 18:25:00,-13.420485664693471,-13.465049975170666,-13.458490367022891,-13.504466603600145,-13.478097957663271,-13.48631297028344,-13.37790898444066,39,0.875,35.19335896718734,954.3017862880093,1.7350941568872897,17.176784347000584
2021-06-24 18:30:00,-13.443014941283684,-13.49370390880009,-13.424043552833618,-13.527919934949873,-13.501983959239706,-13.481523458300169,-13.394299611180386,39,0.9027777777777778,29.577662225059694,1114.256147375883,2.025920267956151,15.816257000944784
2021-06-24 18:35:00,-13.465780005542612,-13.514798106227932,-13.50398208927174,-13.561338212027492,-13.515842469968524,-13.484488485780906,-13.415953085270694,39,0.9305555555555556,24.04301710572996,1349.950291052939,2.4544550746417078,14.128175499124907
2021-06-24 18:40:00,-13.489031470914686,-13.523488734934732,-13.508516642254095,-13.584767031985328,-13.528418562228262,-13.466542192071191,-13.467375675711144,39,0.9583333333333334,18.732096909021678,1712.6296804120188,3.113872146203671,12.028290858350662
2021-06-24 18:45:00,-13.501709266460274,-13.539019476784452,-13.53354779995882,-13.605115179958975,-13.540061189883644,-13.426237198833588,-13.485856498764662,39,0.9861111111111112,13.908664235895909,2288.093132953492,4.160169332642712,9.459771369219304
2021-06-24 18:50:00,-13.4718195412684,-13.491940127006137,-13.455388512892805,-13.536409864782817,-13.41173276440712,-13.441813719526168,-13.469145064554452,40,0.013888888888888888,13.908664235895905,2288.0931329534924,4.160169332642714,9.459771369219304
2021-06-24 18:55:00,-13.508805752376915,-13.556840237336024,-13.49629394800268,-13.564819367589692,-13.487111938438057,-13.425674367264298,-13.48631297028344,40,0.041666666666666664,18.732096909021678,1712.6296804120188,3.113872146203671,12.028290858350662
2021-06-24 19:00:00,-13.49707551394134,-13.53490067519761,-13.520389385865997,-13.5310124083115,-13.520262660079933,-13.466822810072545,-13.481523458300169,40,0.06944444444444445,24.04301710572997,1349.9502910529386,2.454455074641707,14.128175499124909
2021-06-24 19:05:00,-13.49137052018871,-13.563301954690491,-13.527100115393228,-13.541956664832565,-13.542859886362788,-13.456845068918325,-13.484488485780906,40,0.09722222222222222,29.57766222505968,1114.2561473758838,2.0259202679561525,15.81625700094478
2021-06-24 19:10:00,-13.479863246736407,-13.52767031339182,-13.486067187607654,-13.503644952231292,-13.438947598546577,-13.458330893959104,-13.466542192071191,40,0.125,35.193358967187336,954.3017862880095,1.73509415688729,17.176784347000584
2021-06-24 19:15:00,-13.460533368276232,-13.493473831137004,-13.44873122030794,-13.478634493277584,-13.374136650697816,-13.49788969540536,-13.426237198833588,40,0.1527777777777778,40.784883744963764,841.9816786935072,1.5308757794427403,18.27465717160573
2021-06-24 19:20:00,-13.50551624289764,-13.538236312561969,-13.500699143786203,-13.506574659628622,-13.441559697330003,-13.496312176623992,-13.441813719526168,40,0.18055555555555555,46.2647085880108,761.2019950774791,1.3840036274135983,19.15805525084395
2021-06-24 19:25:00,-13.523816584745456,-13.545302938471446,-13.54437166934558,-13.534167355919168,-13.479254926981284,-13.513307725270757,-13.425674367264298,40,0.20833333333333334,51.55598805017222,702.2327649706288,1.2767868454011433,19.863792666931527
2021-06-24 19:30:00,-13.568930128637536,-13.622425993086855,-13.640233360590726,-13.653741376406458,-13.58418076485036,-13.490258165551122,-13.466822810072545,40,0.2361111111111111,56.589631983678515,658.8812958918049,1.1979659925305546,20.421211908021377
2021-06-24 19:35:00,-13.563365134040362,-13.557950736031248,-13.65146165704011,-13.62190772228864,-13.506314873039289,-13.50045263783536,-13.456845068918325,40,0.2638888888888889,61.30302393660706,627.0153502079979,1.1400279094690873,20.854688932533097
2021-06-24 19:40:00,-13.536099714261468,-13.532498502285254,-13.547157855710411,-13.543428765819996,-13.462221884791392,-13.555235522395186,-13.458330893959104,40,0.2916666666666667,65.63949652769072,603.7532271149208,1.097733140208947,21.185177830703115
2021-06-24 19:45:00,-13.560979503944504,-13.574163473483877,-13.588684900300276,-13.551847273149656,-13.528925661638104,-13.603935740047788,-13.49788969540536,40,0.3194444444444444,69.54818229029615,587.000796114409,1.0672741747534709,21.431116276029314
2021-06-24 19:50:00,-13.547388140673412,-13.548715294288217,-13.561198143815623,-13.519911749919734,-13.496777495541307,-13.678823610414604,-13.496312176623992,40,0.3472222222222222,72.98405557930008,575.1794243398531,1.0457807715270055,21.60889791505997
2021-06-24 19:55:00,-13.561499091661366,-13.588022793811234,-13.56435333130346,-13.554484014168713,-13.5647218962807,-13.711970572116549,-13.513307725270757,40,0.375,75.90806788230319,567.06508111847,1.0310274202154,21.733044318665424
2021-06-24 20:00:00,-13.575094438397096,-13.590467499751613,-13.63595061273024,-13.561235790464089,-13.585672099865947,-13.72982277419262,-13.490258165551122,40,0.4027777777777778,78.28732091574973,561.6956771060345,1.0212648674655171,21.816168916637658
2021-06-24 20:05:00,-13.561527310292249,-13.583600948916848,-13.615105055051789,-13.548221615226996,-13.564090829706748,-13.713970009677237,-13.50045263783536,40,0.4305555555555556,80.09524395594458,558.321757226534,1.0151304676846076,21.86880622268163
2021-06-24 20:10:00,-13.615509900087432,-13.658230823671929,-13.623177706060282,-13.603145698343129,-13.612470414801493,-13.571300777126426,-13.555235522395186,40,0.4583333333333333,81.31175430298669,556.3845700490554,1.0116083091801007,21.899171826367546
2021-06-24 20:15:00,-13.660155103389831,-13.70412953320244,-13.695439063026194,-13.683148417264864,-13.673847550710654,-13.46148953971939,-13.603935740047788,40,0.4861111111111111,81.92338730807863,555.5100547469376,1.0100182813580683,21.91291439402028
2021-06-24 20:20:00,-13.702781867714457,-13.744625731482396,-13.785636885429636,-13.762033229173506,-13.76002669697507,-13.308346104926592,-13.678823610414604,40,0.5138888888888888,81.92338730807863,555.5100547469376,1.0100182813580683,21.91291439402028
2021-06-24 20:25:00,-13.725819493999037,-13.723697804948248,-13.773804134566957,-13.743480751459952,-13.746244112863176,-13.20859673392241,-13.711970572116549,40,0.5416666666666666,81.3117543029867,556.3845700490554,1.0116083091801007,21.899171826367546
2021-06-24 20:30:00,-13.695140564865822,-13.708940658293129,-13.728158776338452,-13.701972279410509,-13.693119261864204,-13.161303093625406,-13.72982277419262,40,0.5694444444444444,80.09524395594458,558.321757226534,1.0151304676846076,21.86880622268163
2021-06-24 20:35:00,-13.632416727145262,-13.6381732450335,-13.610392994378332,-13.59601675772988,-13.604681694684878,-13.108075021462463,-13.713970009677237,40,0.5972222222222222,78.28732091574973,561.6956771060345,1.0212648674655171,21.816168916637658
2021-06-24 20:40:00,-13.434953739101475,-13.431594209031823,-13.35989950820236,-13.304748905514982,-13.28183715089768,-13.232847078039915,-13.571300777126426,40,0.625,75.90806788230319,567.06508111847,1.0310274202154,21.733044318665424
2021-06-24 20:45:00,-13.460744026679883,-13.48405425065346,-13.341475911561847,-13.309306221671632,-13.321412639462563,-13.31823323861577,-13.46148953971939,40,0.6527777777777778,72.98405557930008,575.1794243398531,1.0457807715270055,21.60889791505997
2021-06-24 20:50:00,-13.426319099738832,-13.390228544594365,-13.356188605590267,-13.268661797993776,-13.294381400882154,-13.428696028726716,-13.308346104926592,40,0.6805555555555556,69.54818229029615,587.000796114409,1.0672741747534709,21.431116276029314
2021-06-24 20:55:00,-13.449310959794651,-13.422382819951023,-13.365496901160649,-13.30973024258267,-13.275968111819846,-13.48437841531118,-13.20859673392241,40,0.7083333333333334,65.63949652769072,603.7532271149208,1.097733140208947,21.185177830703115
2021-06-24 21:00:00,-13.51453129586409,-13.483021503923474,-13.447049805699626,-13.41638422262677,-13.363556067052349,-13.502652995936897,-13.161303093625406,40,0.7361111111111112,61.30302393660706,627.0153502079979,1.1400279094690873,20.854688932533097
2021-06-24 21:05:00,-13.44442231823985,-13.376365451583805,-13.406482928738477,-13.34901447300685,-13.216047993523803,-13.546977342248097,-13.108075021462463,40,0.7638888888888888,56.58963198367853,658.8812958918048,1.1979659925305544,20.42121190802138
2021-06-24 21:10:00,-13.552353805570007,-13.514693381746026,-13.49223566982835,-13.54214244838952,-13.366823743801625,-13.53028467729822,-13.232847078039915,40,0.7916666666666666,51.55598805017223,702.2327649706286,1.276786845401143,19.863792666931527
2021-06-24 21:15:00,-13.600278541517346,-13.530388668956654,-13.578279225644064,-13.58528295607778,-13.505718040273202,-13.52926617880822,-13.31823323861577,40,0.8194444444444444,46.26470858801082,761.2019950774787,1.3840036274135976,19.158055250843958
2021-06-24 21:20:00,-13.594179101170976,-13.529479567943472,-13.613229715498935,-13.584527471655765,-13.516263267035464,-13.54597228795125,-13.428696028726716,40,0.8472222222222222,40.784883744963764,841.9816786935072,1.5308757794427403,18.27465717160573
2021-06-24 21:25:00,-13.593867918437988,-13.49358406648278,-13.568505424431468,-13.539102519688718,-13.55208322800758,-13.56740059452218,-13.48437841531118,40,0.875,35.19335896718734,954.3017862880093,1.7350941568872897,17.176784347000584
2021-06-24 21:30:00,-13.577382488147522,-13.505151564881356,-13.58078569719273,-13.532043075268296,-13.51455631609271,-13.58032649385679,-13.502652995936897,40,0.9027777777777778,29.577662225059694,1114.256147375883,2.025920267956151,15.816257000944784
2021-06-24 21:35:00,-13.52412946844692,-13.493710035796608,-13.54227759542336,-13.495101103878367,-13.4679452511843,-13.605664272936725,-13.546977342248097,40,0.9305555555555556,24.04301710572996,1349.950291052939,2.4544550746417078,14.128175499124907
2021-06-24 21:40:00,-13.562502023382166,-13.546108225650393,-13.590697116931826,-13.518691455871446,-13.482685704073278,-13.667430843397897,-13.53028467729822,40,0.9583333333333334,18.732096909021678,1712.6296804120188,3.113872146203671,12.028290858350662
2021-06-24 21:45:00,-13.592024250336648,-13.611333234831871,-13.649457116573991,-13.588885876267984,-13.53047056262252,-13.67709420523414,-13.52926617880822,40,0.9861111111111112,13.908664235895909,2288.093132953492,4.160169332642712,9.459771369219304
2021-06-24 21:50:00,-13.644087609777008,-13.661871275047629,-13.74927314518899,-13.660784607108132,-13.548894028419303,-13.681928881019838,-13.54597228795125,41,0.013888888888888888,13.908664235895905,2288.0931329534924,4.160169332642714,9.459771369219304
2021-06-24 21:55:00,-13.660093621375404,-13.660769116728671,-13.71249210068206,-13.650313401550992,-13.598824249815248,-13.726587837451971,-13.56740059452218,41,0.041666666666666664,18.732096909021678,1712.6296804120188,3.113872146203671,12.028290858350662
2021-06-24 22:00:00,-13.63847490810243,-13.672291483862429,-13.69958395974911,-13.630426186958143,-13.545816732930236,-13.787479862966856,-13.58032649385679,41,0.06944444444444445,24.04301710572997,1349.9502910529386,2.454455074641707,14.128175499124909
2021-06-24 22:05:00,-13.643216713916935,-13.66239572137648,-13.66982393158631,-13.609573614602,-13.550387682276536,-13.852074358942405,-13.605664272936725,41,0.09722222222222222,29.57766222505968,1114.2561473758838,2.0259202679561525,15.81625700094478
2021-06-24 22:10:00,-13.708594891138098,-13.754526350755912,-13.744173350932002,-13.746075876904095,-13.561839416200437,-13.870613112602609,-13.667430843397897,41,0.125,35.193358967187336,954.3017862880095,1.73509415688729,17.176784347000584
2021-06-24 22:15:00,-13.70250775010225,-13.706389630623743,-13.775513215354854,-13.71549545856061,-13.602873892303467,-13.886148159467652,-13.67709420523414,41,0.1527777777777778,40.784883744963764,841.9816786935072,1.5308757794427403,18.27465717160573
2021-06-24 22:20:00,-13.715007440527913,-13.730723841990203,-13.737928296053472,-13.714472551363851,-13.629407059691337,-13.94469741347701,-13.681928881019838,41,0.18055555555555555,46.2647085880108,761.2019950774791,1.3840036274135983,19.15805525084395
2021-06-24 22:25:00,-13.786857104969693,-13.791041414248983,-13.760875756470591,-13.764895828276064,-13.661842638577024,-13.950309068401756,-13.726587837451971,41,0.20833333333333334,51.55598805017222,702.2327649706288,1.2767868454011433,19.863792666931527
2021-06-24 22:30:00,-13.80549605584991,-13.831671911377994,-13.822774435483456,-13.852501869019548,-13.719482935739371,-13.944697995004695,-13.787479862966856,41,0.2361111111111111,56.589631983678515,658.8812958918049,1.1979659925305546,20.421211908021377
2021-06-24 22:35:00,-13.820015319232327,-13.84307859734837,-13.859597437212813,-13.869514635883272,-13.758135801556664,-13.9581244515627,-13.852074358942405,41,0.2638888888888889,61.30302393660706,627.0153502079979,1.1400279094690873,20.854688932533097
2021-06-24 22:40:00,-13.862130426423883,-13.883899607751571,-13.894989677304,-13.914795463482848,-13.790198097821772,-13.883432628716465,-13.870613112602609,41,0.2916666666666667,65.63949652769072,603.7532271149208,1.097733140208947,21.185177830703115
2021-06-24 22:45:00,-13.84202445565438,-13.841072136984897,-13.851930111000303,-13.852336860539117,-13.765834704722431,-13.871447488524105,-13.886148159467652,41,0.3194444444444444,69.54818229029615,587.000796114409,1.0672741747534709,21.431116276029314
2021-06-24 22:50:00,-13.884457949253113,-13.939006020408035,-13.85845790463896,-13.970691759119855,-13.788531119638224,-13.838342076975206,-13.94469741347701,41,0.3472222222222222,72.98405557930008,575.1794243398531,1.0457807715270055,21.60889791505997
2021-06-24 22:55:00,-13.884991617209032,-13.910984466538295,-13.947952514690114,-13.932446573285674,-13.885603093569118,-13.807766921457263,-13.950309068401756,41,0.375,75.90806788230319,567.06508111847,1.0310274202154,21.733044318665424
2021-06-24 23:00:00,-13.869493962574094,-13.93072910038262,-13.91458788717592,-13.927137632597011,-13.80366511593576,-13.82097681710562,-13.944697995004695,41,0.4027777777777778,78.28732091574973,561.6956771060345,1.0212648674655171,21.816168916637658
2021-06-24 23:05:00,-13.91765838242563,-13.962527413683876,-13.953916139245807,-13.965851122675396,-13.817993173015566,-13.816423106420611,-13.9581244515627,41,0.4305555555555556,80.09524395594458,558.321757226534,1.0151304676846076,21.86880622268163
2021-06-24 23:10:00,-13.79665203744452,-13.833355308639934,-13.815631734471376,-13.77305053284082,-13.718156878160768,-13.868153744796375,-13.883432628716465,41,0.4583333333333333,81.31175430298669,556.3845700490554,1.0116083091801007,21.899171826367546
2021-06-24 23:15:00,-13.803698059479077,-13.878179959836697,-13.785877376203498,-13.802526397500666,-13.736548621622372,-13.923016316821698,-13.871447488524105,41,0.4861111111111111,81.92338730807863,555.5100547469376,1.0100182813580683,21.91291439402028
2021-06-24 23:20:00,-13.852964212604984,-13.92049226420791,-13.863456484002487,-13.876546265107642,-13.79697196490006,-13.926677702351466,-13.838342076975206,41,0.5138888888888888,81.92338730807863,555.5100547469376,1.0100182813580683,21.91291439402028
2021-06-24 23:25:00,-13.822689852281767,-13.86838280748402,-13.869847793093632,-13.836036406935944,-13.783430016943946,-13.976751771889228,-13.807766921457263,41,0.5416666666666666,81.3117543029867,556.3845700490554,1.0116083091801007,21.899171826367546
2021-06-24 23:30:00,-13.879602542005468,-13.939998973280368,-13.879597773478457,-13.929336098007663,-13.777978165826855,-13.961233763785335,-13.82097681710562,41,0.5694444444444444,80.09524395594458,558.321757226534,1.0151304676846076,21.86880622268163
2021-06-24 23:35:00,-13.906801929315806,-13.933355090255336,-13.930223073108207,-13.936187337344354,-13.832582016185416,-13.840027518662732,-13.816423106420611,41,0.5972222222222222,78.28732091574973,561.6956771060345,1.0212648674655171,21.816168916637658
2021-06-24 23:40:00,-13.869996606028057,-13.907004155670723,-13.908700500899648,-13.89618759525736,-13.874641936399728,-13.742008294286814,-13.868153744796375,41,0.625,75.90806788230319,567.06508111847,1.0310274202154,21.733044318665424
2021-06-24 23:45:00,-13.92870455894247,-13.96378081178947,-13.911744245875877,-13.97513602629467,-13.851824214808984,-13.6419625622365,-13.923016316821698,41,0.6527777777777778,72.98405557930008,575.1794243398531,1.0457807715270055,21.60889791505997
2021-06-24 23:50:00,-13.900313563254148,-13.925427165107925,-13.952780095838062,-13.936975132898333,-13.875515100217768,-13.525602376304011,-13.926677702351466,41,0.6805555555555556,69.54818229029615,587.000796114409,1.0672741747534709,21.431116276029314
2021-06-24 23:55:00,-13.922101399315922,-13.965221832224277,-13.932089660669408,-13.979182702991698,-13.90877217418674,-13.451197664579183,-13.976751771889228,41,0.7083333333333334,65.63949652769072,603.7532271149208,1.097733140208947,21.185177830703115
2021-06-25 00:00:00,-13.916634602937346,-13.92356230322958,-13.919458763059968,-13.931274533314266,-13.861606266445603,-13.357867039869202,-13.961233763785335,41,0.7361111111111112,61.30302393660706,627.0153502079979,1.1400279094690873,20.854688932533097
2021-06-25 00:05:00,-13.660126666686068,-13.71749255055033,-13.659526297504751,-13.587367434793206,-13.651002642700666,-13.408585529310368,-13.840027518662732,41,0.7638888888888888,56.58963198367853,658.8812958918048,1.1979659925305544,20.42121190802138
2021-06-25 00:10:00,-13.656730559547704,-13.693156980439731,-13.520067948255749,-13.511967238536483,-13.6971860739573,-13.434194122198353,-13.742008294286814,41,0.7916666666666666,51.55598805017223,702.2327649706286,1.276786845401143,19.863792666931527
2021-06-25 00:15:00,-13.691950449371443,-13.710385595958382,-13.625745092633885,-13.60569829230626,-13.542966520367356,-13.39836518025806,-13.6419625622365,41,0.8194444444444444,46.26470858801082,761.2019950774787,1.3840036274135976,19.158055250843958
2021-06-25 00:20:00,-13.606663686415034,-13.61403018294913,-13.564044801790534,-13.533552891960603,-13.54318496760743,-13.35318863511048,-13.525602376304011,41,0.8472222222222222,40.784883744963764,841.9816786935072,1.5308757794427403,18.27465717160573
2021-06-25 00:25:00,-13.68593896508733,-13.690877311320907,-13.605227676489513,-13.654857778716666,-13.57110611800319,-13.329078729928744,-13.451197664579183,41,0.875,35.19335896718734,954.3017862880093,1.7350941568872897,17.176784347000584
2021-06-25 00:30:00,-13.639466848949995,-13.598497395755835,-13.611763480672025,-13.581424832463302,-13.40778084037716,-13.38793274079018,-13.357867039869202,41,0.9027777777777778,29.577662225059694,1114.256147375883,2.025920267956151,15.816257000944784
2021-06-25 00:35:00,-13.64460207278115,-13.6362147743567,-13.616172042047015,-13.634539957411754,-13.488558215961753,-13.40755221276806,-13.408585529310368,41,0.9305555555555556,24.04301710572996,1349.950291052939,2.4544550746417078,14.128175499124907
2021-06-25 00:40:00,-13.644619111542305,-13.5813486353649,-13.602130067511522,-13.580985691832472,-13.506490825143828,-13.374410775579118,-13.434194122198353,41,0.9583333333333334,18.732096909021678,1712.6296804120188,3.113872146203671,12.028290858350662
2021-06-25 00:45:00,-13.54177543172974,-13.505002139162697,-13.494779446377963,-13.46794668319622,-13.348771510740333,-13.468117817707352,-13.39836518025806,41,0.9861111111111112,13.908664235895909,2288.093132953492,4.160169332642712,9.459771369219304
2021-06-25 00:50:00,-13.452038266481448,-13.37611249389804,-13.35095090204294,-13.319834257021723,-13.29543428583104,-13.561468525112458,-13.35318863511048,42,0.013888888888888888,13.908664235895905,2288.0931329534924,4.160169332642714,9.459771369219304
2021-06-25 00:55:00,-13.515721617612074,-13.48399013310748,-13.491081479122304,-13.482582888161412,-13.370118279860822,-13.531508647691838,-13.329078729928744,42,0.041666666666666664,18.732096909021678,1712.6296804120188,3.113872146203671,12.028290858350662
2021-06-25 01:00:00,-13.557732246086042,-13.567469808386289,-13.609171699012064,-13.609502399267956,-13.515771141963492,-13.577243146845255,-13.38793274079018,42,0.06944444444444445,24.04301710572997,1349.9502910529386,2.454455074641707,14.128175499124909
2021-06-25 01:05:00,-13.582185485212614,-13.585483864746593,-13.66623177692736,-13.627991039779964,-13.543009288093993,-13.52353736422782,-13.40755221276806,42,0.09722222222222222,29.57766222505968,1114.2561473758838,2.0259202679561525,15.81625700094478
2021-06-25 01:10:00,-13.48545508610531,-13.469316270963557,-13.495241993498093,-13.454967159740018,-13.41261554523924,-13.487530960709758,-13.374410775579118,42,0.125,35.193358967187336,954.3017862880095,1.73509415688729,17.176784347000584
2021-06-25 01:15:00,-13.617233344609131,-13.652306005391807,-13.596137744564606,-13.69151363485135,-13.560905017517236,-13.437731693215028,-13.468117817707352,42,0.1527777777777778,40.784883744963764,841.9816786935072,1.5308757794427403,18.27465717160573
2021-06-25 01:20:00,-13.61001953729945,-13.57958103210305,-13.631833483954251,-13.588971702485097,-13.54241678044006,-13.39670837153989,-13.561468525112458,42,0.18055555555555555,46.2647085880108,761.2019950774791,1.3840036274135983,19.15805525084395
2021-06-25 01:25:00,-13.498407626676958,-13.517289074515352,-13.502228845090768,-13.45497441429788,-13.431637795554398,-13.400985900189411,-13.531508647691838,42,0.20833333333333334,51.55598805017222,702.2327649706288,1.2767868454011433,19.863792666931527
2021-06-25 01:30:00,-13.704455678848298,-13.720388019859374,-13.632471536129511,-13.775560929701356,-13.702007301915298,-13.330049285095718,-13.577243146845255,42,0.2361111111111111,56.589631983678515,658.8812958918049,1.1979659925305546,20.421211908021377
2021-06-25 01:35:00,-13.552748364834736,-13.545455811641997,-13.615780833835569,-13.497750049709696,-13.482522369302211,-13.389072396938664,-13.52353736422782,42,0.2638888888888889,61.30302393660706,627.0153502079979,1.1400279094690873,20.854688932533097
2021-06-25 01:40:00,-13.407536046298436,-13.43355958906713,-13.412612521295282,-13.277887356712863,-13.294311094185115,-13.529139714709617,-13.487530960709758,42,0.2916666666666667,65.63949652769072,603.7532271149208,1.097733140208947,21.185177830703115
2021-06-25 01:45:00,-13.523499397739128,-13.58271000303814,-13.484240138477167,-13.50632582211522,-13.479326671142063,-13.601345906505571,-13.437731693215028,42,0.3194444444444444,69.54818229029615,587.000796114409,1.0672741747534709,21.431116276029314
2021-06-25 01:50:00,-13.49397519359052,-13.513755906107862,-13.495462290723111,-13.445833874926244,-13.404302243536772,-13.643502781923056,-13.39670837153989,42,0.3472222222222222,72.98405557930008,575.1794243398531,1.0457807715270055,21.60889791505997
2021-06-25 01:55:00,-13.51138687390751,-13.504172625864816,-13.48492005155933,-13.435291882911727,-13.42527608622239,-13.68179733945764,-13.400985900189411,42,0.375,75.90806788230319,567.06508111847,1.0310274202154,21.733044318665424
2021-06-25 02:00:00,-13.578529180780988,-13.5614331177628,-13.577943705977487,-13.548784566736373,-13.429254673296676,-13.598698232766052,-13.330049285095718,42,0.4027777777777778,78.28732091574973,561.6956771060345,1.0212648674655171,21.816168916637658
2021-06-25 02:05:00,-13.592545429985543,-13.619441858495271,-13.642546096191351,-13.639293292012605,-13.52106302935281,-13.573406699675214,-13.389072396938664,42,0.4305555555555556,80.09524395594458,558.321757226534,1.0151304676846076,21.86880622268163
2021-06-25 02:10:00,-13.707695500421494,-13.67745427795523,-13.717552772664082,-13.734643362470162,-13.604087140780406,-13.573698168619702,-13.529139714709617,42,0.4583333333333333,81.31175430298669,556.3845700490554,1.0116083091801007,21.899171826367546
2021-06-25 02:15:00,-13.729041549901474,-13.720854358194122,-13.73612739204422,-13.798412147286715,-13.65268412999994,-13.578821187638583,-13.601345906505571,42,0.4861111111111111,81.92338730807863,555.5100547469376,1.0100182813580683,21.91291439402028
2021-06-25 02:20:00,-13.612912172306904,-13.626563585816069,-13.64553045265282,-13.62700436175794,-13.558670141204445,-13.609881082826904,-13.643502781923056,42,0.5138888888888888,81.92338730807863,555.5100547469376,1.0100182813580683,21.91291439402028
2021-06-25 02:25:00,-13.64987802631192,-13.611375167988813,-13.5738497946943,-13.598033582968329,-13.588572127544088,-13.66347441979748,-13.68179733945764,42,0.5416666666666666,81.3117543029867,556.3845700490554,1.0116083091801007,21.899171826367546
2021-06-25 02:30:00,-13.464315740640728,-13.454298563437376,-13.403969507933985,-13.388821700353944,-13.372570589374789,-13.778292743227702,-13.598698232766052,42,0.5694444444444444,80.09524395594458,558.321757226534,1.0151304676846076,21.86880622268163
2021-06-25 02:35:00,-13.528713433109704,-13.605827097658509,-13.5388730052499,-13.565124938580526,-13.508700419540542,-13.793280863305622,-13.573406699675214,42,0.5972222222222222,78.28732091574973,561.6956771060345,1.0212648674655171,21.816168916637658
2021-06-25 02:40:00,-13.64804275401652,-13.705178064492014,-13.645706233933604,-13.711021388091972,-13.661267275086136,-13.764294121581074,-13.573698168619702,42,0.625,75.90806788230319,567.06508111847,1.0310274202154,21.733044318665424
2021-06-25 02:45:00,-13.675537760925192,-13.768815597965997,-13.712526963266734,-13.80658063405759,-13.69709752182917,-13.743438503473683,-13.578821187638583,42,0.6527777777777778,72.98405557930008,575.1794243398531,1.0457807715270055,21.60889791505997
2021-06-25 02:50:00,-13.6776060659019,-13.727621482203656,-13.715281107456162,-13.709227942175271,-13.602040461364462,-13.752470820543264,-13.609881082826904,42,0.6805555555555556,69.54818229029615,587.000796114409,1.0672741747534709,21.431116276029314
2021-06-25 02:55:00,-13.739764905862543,-13.791402348729754,-13.765543155817888,-13.790679922584632,-13.668919917724615,-13.773055417673367,-13.66347441979748,42,0.7083333333333334,65.63949652769072,603.7532271149208,1.097733140208947,21.185177830703115
2021-06-25 03:00:00,-13.74131898044618,-13.770180123996628,-13.773990252502331,-13.76844337976162,-13.698902627375942,-13.782854449918368,-13.778292743227702,42,0.7361111111111112,61.30302393660706,627.0153502079979,1.1400279094690873,20.854688932533097
2021-06-25 03:05:00,-13.697615255926538,-13.73026108842723,-13.699101291771106,-13.717306074082192,-13.641187618444349,-13.812023762259416,-13.793280863305622,42,0.7638888888888888,56.58963198367853,658.8812958918048,1.1979659925305544,20.42121190802138
2021-06-25 03:10:00,-13.700917737107725,-13.72191980151183,-13.692802823574768,-13.717968332347311,-13.700654305066717,-13.847033415287072,-13.764294121581074,42,0.7916666666666666,51.55598805017223,702.2327649706286,1.276786845401143,19.863792666931527
2021-06-25 03:15:00,-13.710143804663534,-13.769472478484388,-13.702181353151222,-13.77000533404538,-13.67665127013517,-13.818353196804942,-13.743438503473683,42,0.8194444444444444,46.26470858801082,761.2019950774787,1.3840036274135976,19.158055250843958
2021-06-25 03:20:00,-13.72971107726265,-13.75876060223054,-13.75061013548806,-13.754302283832333,-13.739118595994167,-13.861825531458985,-13.752470820543264,42,0.8472222222222222,40.784883744963764,841.9816786935072,1.5308757794427403,18.27465717160573
2021-06-25 03:25:00,-13.74306586053356,-13.850529487664607,-13.727501097603843,-13.842274599787798,-13.71854914766024,-13.828788623871302,-13.773055417673367,42,0.875,35.19335896718734,954.3017862880093,1.7350941568872897,17.176784347000584
2021-06-25 03:30:00,-13.749056962272336,-13.832392392685946,-13.80331823467205,-13.790700334206354,-13.70634302694783,-13.836590282978896,-13.782854449918368,42,0.9027777777777778,29.577662225059694,1114.256147375883,2.025920267956151,15.816257000944784
2021-06-25 03:35:00,-13.75704168629496,-13.839473675686474,-13.798754608940024,-13.798057589857573,-13.731602408826818,-13.813126920276613,-13.812023762259416,42,0.9305555555555556,24.04301710572996,1349.950291052939,2.4544550746417078,14.128175499124907
2021-06-25 03:40:00,-13.801159429449468,-13.855884500689138,-13.8338333183802,-13.854870518507024,-13.77352959534718,-13.810866929236951,-13.847033415287072,42,0.9583333333333334,18.732096909021678,1712.6296804120188,3.113872146203671,12.028290858350662
2021-06-25 03:45:00,-13.730626387299612,-13.80067872625371,-13.776792576260403,-13.770556971206746,-13.720914017217767,-13.816389145203846,-13.818353196804942,42,0.9861111111111112,13.908664235895909,2288.093132953492,4.160169332642712,9.459771369219304
2021-06-25 03:50:00,-13.81283540044845,-13.901218449663054,-13.848642996688175,-13.930104208849528,-13.74613638485965,-13.753104220497049,-13.861825531458985,43,0.013888888888888888,13.908664235895905,2288.0931329534924,4.160169332642714,9.459771369219304
2021-06-25 03:55:00,-13.791875659809175,-13.843216437605024,-13.87272847770717,-13.845118822615529,-13.793627657340178,-13.739858270132263,-13.828788623871302,43,0.041666666666666664,18.732096909021678,1712.6296804120188,3.113872146203671,12.028290858350662
2021-06-25 04:00:00,-13.765939990309684,-13.867486267626775,-13.784248924229036,-13.838796599013287,-13.789427544563637,-13.705764494131062,-13.836590282978896,43,0.06944444444444445,24.04301710572997,1349.9502910529386,2.454455074641707,14.128175499124909
2021-06-25 04:05:00,-13.766022741699164,-13.834855477809034,-13.787740649056897,-13.810561772584595,-13.756876096286843,-13.680519519600452,-13.813126920276613,43,0.09722222222222222,29.57766222505968,1114.2561473758838,2.0259202679561525,15.81625700094478
2021-06-25 04:10:00,-13.782793534893434,-13.883003299169928,-13.8139441702078,-13.8757711177808,-13.792549417784256,-13.68085446500844,-13.810866929236951,43,0.125,35.193358967187336,954.3017862880095,1.73509415688729,17.176784347000584
2021-06-25 04:15:00,-13.765022048859947,-13.838690692148049,-13.822283858728944,-13.836082696539616,-13.749315218716951,-13.71379994190595,-13.816389145203846,43,0.1527777777777778,40.784883744963764,841.9816786935072,1.5308757794427403,18.27465717160573
2021-06-25 04:20:00,-13.750421865900254,-13.81382038394447,-13.774137611617544,-13.7952421817266,-13.68262355945336,-13.753877041713157,-13.753104220497049,43,0.18055555555555555,46.2647085880108,761.2019950774791,1.3840036274135983,19.15805525084395
2021-06-25 04:25:00,-13.748285478569905,-13.825231579789016,-13.791062509648162,-13.796005116972072,-13.725528657465905,-13.761322689572394,-13.739858270132263,43,0.20833333333333334,51.55598805017222,702.2327649706288,1.2767868454011433,19.863792666931527
2021-06-25 04:30:00,-13.726787839360808,-13.803385026577976,-13.785562886031803,-13.76304750068415,-13.666501344085438,-13.784973769411184,-13.705764494131062,43,0.2361111111111111,56.589631983678515,658.8812958918049,1.1979659925305546,20.421211908021377
2021-06-25 04:35:00,-13.684159083303864,-13.755986740522086,-13.726081559449984,-13.698770751435326,-13.65154247485004,-13.842989704381234,-13.680519519600452,43,0.2638888888888889,61.30302393660706,627.0153502079979,1.1400279094690873,20.854688932533097
2021-06-25 04:40:00,-13.722224562545394,-13.848188226962986,-13.811424323522395,-13.82911887344324,-13.647155226464678,-13.862641618334806,-13.68085446500844,43,0.2916666666666667,65.63949652769072,603.7532271149208,1.097733140208947,21.185177830703115
2021-06-25 04:45:00,-13.754774833228629,-13.846245743211924,-13.836755814834245,-13.832221061951746,-13.66472152045474,-13.751913222723132,-13.71379994190595,43,0.3194444444444444,69.54818229029615,587.000796114409,1.0672741747534709,21.431116276029314
2021-06-25 04:50:00,-13.7624897574821,-13.845566197684889,-13.840153419406391,-13.85212431217049,-13.715098711297967,-13.726503806701585,-13.753877041713157,43,0.3472222222222222,72.98405557930008,575.1794243398531,1.0457807715270055,21.60889791505997
2021-06-25 04:55:00,-13.756306111927035,-13.8092580680335,-13.81433228178433,-13.795853192864538,-13.70413687083355,-13.671279262769142,-13.761322689572394,43,0.375,75.90806788230319,567.06508111847,1.0310274202154,21.733044318665424
2021-06-25 05:00:00,-13.737367906900456,-13.820007526572088,-13.79048787306688,-13.798989865964725,-13.716142669796898,-13.469097555559918,-13.784973769411184,43,0.4027777777777778,78.28732091574973,561.6956771060345,1.0212648674655171,21.816168916637658
2021-06-25 05:05:00,-13.775024993787463,-13.84180577209251,-13.81515188690264,-13.838242374053726,-13.762619961530625,-13.316702410601318,-13.842989704381234,43,0.4305555555555556,80.09524395594458,558.321757226534,1.0151304676846076,21.86880622268163
2021-06-25 05:10:00,-13.79419249517998,-13.883680763216576,-13.84510283060421,-13.90566332718625,-13.786336230622828,-13.29724821606042,-13.862641618334806,43,0.4583333333333333,81.31175430298669,556.3845700490554,1.0116083091801007,21.899171826367546
2021-06-25 05:15:00,-13.56017080973937,-13.66602749991724,-13.56705502169576,-13.474209503745508,-13.446211155549651,-13.360841292287152,-13.751913222723132,43,0.4861111111111111,81.92338730807863,555.5100547469376,1.0100182813580683,21.91291439402028
2021-06-25 05:20:00,-13.64963989072518,-13.789501639133656,-13.595567731128416,-13.677145365132173,-13.653667973074503,-13.32755306297249,-13.726503806701585,43,0.5138888888888888,81.92338730807863,555.5100547469376,1.0100182813580683,21.91291439402028
2021-06-25 05:25:00,-13.61982559149124,-13.692949049222031,-13.57301041763472,-13.523419335915186,-13.571426336222572,-13.403076230527162,-13.671279262769142,43,0.5416666666666666,81.3117543029867,556.3845700490554,1.0116083091801007,21.899171826367546
2021-06-25 05:30:00,-13.258440954642936,-13.385816442184558,-13.172423880144148,-13.26796771562613,-13.031074824473237,-13.611634446947964,-13.469097555559918,43,0.5694444444444444,80.09524395594458,558.321757226534,1.0151304676846076,21.86880622268163
2021-06-25 05:35:00,-13.347850370888334,-13.446665919410236,-13.227112778926545,-13.138806055476191,-13.221141652663722,-13.69001660813355,-13.316702410601318,43,0.5972222222222222,78.28732091574973,561.6956771060345,1.0212648674655171,21.816168916637658
2021-06-25 05:40:00,-13.582644005253526,-13.681790767699075,-13.473214568030368,-13.589937583623309,-13.72809437214741,-13.64474114512686,-13.29724821606042,43,0.625,75.90806788230319,567.06508111847,1.0310274202154,21.733044318665424
2021-06-25 05:45:00,-13.540734918782338,-13.620392993848466,-13.527792845709008,-13.55865427276776,-13.49307616632872,-13.71352054693001,-13.360841292287152,43,0.6527777777777778,72.98405557930008,575.1794243398531,1.0457807715270055,21.60889791505997
2021-06-25 05:50:00,-13.508213102975612,-13.596490646297864,-13.424537546063275,-13.47461443237576,-13.438531809886818,-13.809898947329982,-13.32755306297249,43,0.6805555555555556,69.54818229029615,587.000796114409,1.0672741747534709,21.431116276029314
2021-06-25 05:55:00,-13.592690971826745,-13.697661289539678,-13.496387777494547,-13.636377744814387,-13.602951475365655,-13.83436532898222,-13.403076230527162,43,0.7083333333333334,65.63949652769072,603.7532271149208,1.097733140208947,21.185177830703115
2021-06-25 06:00:00,-13.629038734594266,-13.69827904111776,-13.507759987507615,-13.619188833215077,-13.572859947346396,-13.860397212237087,-13.611634446947964,43,0.7361111111111112,61.30302393660706,627.0153502079979,1.1400279094690873,20.854688932533097
2021-06-25 06:05:00,-13.54872613410774,-13.580212869810548,-13.390269907822644,-13.446314889184896,-13.482092671227155,-13.794725523455448,-13.69001660813355,43,0.7638888888888888,56.58963198367853,658.8812958918048,1.1979659925305544,20.42121190802138
2021-06-25 06:10:00,-13.47504600224305,-13.624174870252595,-13.356075818295892,-13.44062950745342,-13.5426290271412,-13.656268448573345,-13.64474114512686,43,0.7916666666666666,51.55598805017223,702.2327649706286,1.276786845401143,19.863792666931527
2021-06-25 06:15:00,-13.574790648334794,-13.749415420216058,-13.45841448492918,-13.492805159889626,-13.736921031951423,-13.466374764799047,-13.71352054693001,43,0.8194444444444444,46.26470858801082,761.2019950774787,1.3840036274135976,19.158055250843958
2021-06-25 06:20:00,-13.64670797352265,-13.7910752672147,-13.545701848501649,-13.55074223970568,-13.714620317548444,-13.230267159544717,-13.809898947329982,43,0.8472222222222222,40.784883744963764,841.9816786935072,1.5308757794427403,18.27465717160573
2021-06-25 06:25:00,-13.636044209611033,-13.821142164657896,-13.62689355165769,-13.57284404256423,-13.641762225949243,-13.142139692003068,-13.83436532898222,43,0.875,35.19335896718734,954.3017862880093,1.7350941568872897,17.176784347000584
2021-06-25 06:30:00,-13.672792717644024,-13.88045429516203,-13.660104103411916,-13.66160886444792,-13.644964437219455,-13.081770023730645,-13.860397212237087,43,0.9027777777777778,29.577662225059694,1114.256147375883,2.025920267956151,15.816257000944784
2021-06-25 06:35:00,-13.426378822632014,-13.609577694037952,-13.355265924689908,-13.11328835899982,-13.175287874913147,-13.129752890639129,-13.794725523455448,43,0.9305555555555556,24.04301710572996,1349.950291052939,2.4544550746417078,14.128175499124907
2021-06-25 06:40:00,-13.28028668178569,-13.456736757524183,-13.167485547048718,-13.115142792632415,-13.02699005771288,-13.243252701812452,-13.656268448573345,43,0.9583333333333334,18.732096909021678,1712.6296804120188,3.113872146203671,12.028290858350662
2021-06-25 06:45:00,-13.257031942140165,-13.425448117822928,-13.083307786462733,-13.04702889111123,-13.168038725258448,-13.293067337312038,-13.466374764799047,43,0.9861111111111112,13.908664235895909,2288.093132953492,4.160169332642712,9.459771369219304
2021-06-25 06:50:00,-13.203714954394282,-13.287028573614284,-13.030598582376143,-12.98709472892161,-13.012505366151297,-13.37543612519215,-13.230267159544717,44,0.013888888888888888,13.908664235895905,2288.0931329534924,4.160169332642714,9.459771369219304
2021-06-25 06:55:00,-13.332336651551117,-13.469037029167405,-13.127372930438192,-13.19457575253632,-13.262646330245024,-13.297222178158355,-13.142139692003068,44,0.041666666666666664,18.732096909021678,1712.6296804120188,3.113872146203671,12.028290858350662
2021-06-25 07:00:00,-13.312914324727323,-13.505136495830648,-13.15356993847903,-13.139424859085102,-13.330575087889708,-13.2579047425034,-13.081770023730645,44,0.06944444444444445,24.04301710572997,1349.9502910529386,2.454455074641707,14.128175499124909
2021-06-25 07:05:00,-13.269915949674212,-13.441753090875144,-13.137364942645242,-13.11161986884429,-13.222682962714684,-13.273595929551687,-13.129752890639129,44,0.09722222222222222,29.57766222505968,1114.2561473758838,2.0259202679561525,15.81625700094478
2021-06-25 07:10:00,-13.31118872855319,-13.467490212794209,-13.123995185036462,-13.123125772071988,-13.276501489011924,-13.229761143230188,-13.243252701812452,44,0.125,35.193358967187336,954.3017862880095,1.73509415688729,17.176784347000584
2021-06-25 07:15:00,-13.267562608903026,-13.379882820976976,-13.123941917100575,-13.06790547329164,-13.196203244990103,-13.265713438095972,-13.293067337312038,44,0.1527777777777778,40.784883744963764,841.9816786935072,1.5308757794427403,18.27465717160573
2021-06-25 07:20:00,-13.206692608749186,-13.340540109744095,-13.044548123086212,-13.048654668058344,-13.267638018505492,-13.202984817310208,-13.37543612519215,44,0.18055555555555555,46.2647085880108,761.2019950774791,1.3840036274135983,19.15805525084395
2021-06-25 07:25:00,-13.2078084440699,-13.258697775360018,-13.081021190531516,-12.987449170045217,-13.123825117265175,-13.21431797773927,-13.297222178158355,44,0.20833333333333334,51.55598805017222,702.2327649706288,1.2767868454011433,19.863792666931527
2021-06-25 07:30:00,-13.172725169637406,-13.354967255029734,-13.105131095713253,-13.18702287097209,-13.190216155792347,-13.112921182419926,-13.2579047425034,44,0.2361111111111111,56.589631983678515,658.8812958918049,1.1979659925305546,20.421211908021377
2021-06-25 07:35:00,-13.203271743069662,-13.386178504133872,-13.18990445695354,-13.258948512005832,-13.281558570060495,-12.99590295429803,-13.273595929551687,44,0.2638888888888889,61.30302393660706,627.0153502079979,1.1400279094690873,20.854688932533097
2021-06-25 07:40:00,-13.173560127086583,-13.357243498378754,-13.150868567926958,-13.17496748223546,-13.137520181460577,-12.958515667180173,-13.229761143230188,44,0.2916666666666667,65.63949652769072,603.7532271149208,1.097733140208947,21.185177830703115
2021-06-25 07:45:00,-13.18535423543464,-13.448308959080254,-13.153579126616442,-13.270947783320924,-13.21704415044708,-12.89158909980849,-13.265713438095972,44,0.3194444444444444,69.54818229029615,587.000796114409,1.0672741747534709,21.431116276029314
2021-06-25 07:50:00,-13.109756159845126,-13.279438137383854,-13.054488728245966,-12.888013344230242,-13.03669543492432,-12.889511650308949,-13.202984817310208,44,0.3472222222222222,72.98405557930008,575.1794243398531,1.0457807715270055,21.60889791505997
2021-06-25 07:55:00,-13.093774208954668,-13.320307990302496,-13.080123369939662,-12.989630131472572,-13.108495436901858,-12.83447040390261,-13.21431797773927,44,0.375,75.90806788230319,567.06508111847,1.0310274202154,21.733044318665424
2021-06-25 08:00:00,-13.060008065650822,-13.205433790848854,-12.967387279074185,-12.827272777600744,-13.001204451432333,-12.857246051965392,-13.112921182419926,44,0.4027777777777778,78.28732091574973,561.6956771060345,1.0212648674655171,21.816168916637658
2021-06-25 08:05:00,-12.989393856774424,-13.13715643522898,-12.9093131913357,-12.766291225898856,-12.94447095946456,-12.87824135302256,-12.99590295429803,44,0.4305555555555556,80.09524395594458,558.321757226534,1.0151304676846076,21.86880622268163
2021-06-25 08:10:00,-13.033856242311057,-13.18259752262386,-12.99047840590572,-12.890474253084838,-13.029579135269108,-12.86503526638054,-12.958515667180173,44,0.4583333333333333,81.31175430298669,556.3845700490554,1.0116083091801007,21.899171826367546
2021-06-25 08:15:00,-13.060187350635903,-13.21162411351595,-13.016194345169689,-12.96160747541951,-13.017676746466227,-12.82053339511414,-12.89158909980849,44,0.4861111111111111,81.92338730807863,555.5100547469376,1.0100182813580683,21.91291439402028
2021-06-25 08:20:00,-13.018366845369236,-13.158194275491274,-12.92814590724034,-12.867093874383109,-13.002306330088622,-12.845896085386252,-12.889511650308949,44,0.5138888888888888,81.92338730807863,555.5100547469376,1.0100182813580683,21.91291439402028
2021-06-25 08:25:00,-13.017355219809554,-13.11028264433526,-12.883926658428528,-12.816814060350628,-13.036064884456188,-12.827257134506036,-12.83447040390261,44,0.5416666666666666,81.3117543029867,556.3845700490554,1.0116083091801007,21.899171826367546
2021-06-25 08:30:00,-13.050154718720105,-13.143760076299888,-12.996984305027064,-12.936161742994074,-12.966005569296188,-12.807619933202878,-12.857246051965392,44,0.5694444444444444,80.09524395594458,558.321757226534,1.0151304676846076,21.86880622268163
2021-06-25 08:35:00,-13.017539680391028,-13.103668422405727,-12.96837831855384,-12.909617446620148,-13.001623325823363,-12.76752040096525,-12.87824135302256,44,0.5972222222222222,78.28732091574973,561.6956771060345,1.0212648674655171,21.816168916637658
2021-06-25 08:40:00,-13.00442492267183,-13.086763014535856,-12.926700345722605,-12.932063950013593,-13.01773751610924,-12.749949890899474,-12.86503526638054,44,0.625,75.90806788230319,567.06508111847,1.0310274202154,21.733044318665424
2021-06-25 08:45:00,-12.930550349756787,-13.0488769492954,-12.876287012933794,-12.852938501949168,-12.91953714585965,-12.848297736569815,-12.82053339511414,44,0.6527777777777778,72.98405557930008,575.1794243398531,1.0457807715270055,21.60889791505997
2021-06-25 08:50:00,-13.001597215230335,-13.118941631649252,-12.978670835191773,-12.967843778306392,-12.861453521067142,-12.875733631189377,-12.845896085386252,44,0.6805555555555556,69.54818229029615,587.000796114409,1.0672741747534709,21.431116276029314
2021-06-25 08:55:00,-12.92156597964478,-13.028940212157147,-12.8572134282623,-12.8554861165815,-12.958148490600278,-12.982480481204664,-12.827257134506036,44,0.7083333333333334,65.63949652769072,603.7532271149208,1.097733140208947,21.185177830703115
2021-06-25 09:00:00,-12.9090138208838,-13.062956429537724,-12.885119720625724,-12.889191751929792,-12.916390615865213,-13.06756397115901,-12.807619933202878,44,0.7361111111111112,61.30302393660706,627.0153502079979,1.1400279094690873,20.854688932533097
2021-06-25 09:05:00,-12.884591286418964,-12.99373688603937,-12.791589773667386,-12.81006729246243,-12.825227021359998,-13.184972695120942,-12.76752040096525,44,0.7638888888888888,56.58963198367853,658.8812958918048,1.1979659925305544,20.42121190802138
2021-06-25 09:10:00,-12.876465367474582,-12.99553279887994,-12.860281161255507,-12.826557033326855,-12.978679790718113,-13.215609637955346,-12.749949890899474,44,0.7916666666666666,51.55598805017223,702.2327649706286,1.276786845401143,19.863792666931527
2021-06-25 09:15:00,-13.096158530613238,-13.199020345048194,-12.962151378262677,-13.102400852311652,-13.073559230820733,-13.177863839020093,-12.848297736569815,44,0.8194444444444444,46.26470858801082,761.2019950774787,1.3840036274135976,19.158055250843958
2021-06-25 09:20:00,-12.994091553714073,-13.127622416688396,-13.102377096905746,-13.123110594199424,-13.008826011416083,-13.16587125527337,-12.875733631189377,44,0.8472222222222222,40.784883744963764,841.9816786935072,1.5308757794427403,18.27465717160573
2021-06-25 09:25:00,-13.03564955738403,-13.18845370987015,-13.057081818343214,-13.175972536532306,-13.196248923989709,-13.183358519651131,-12.982480481204664,44,0.875,35.19335896718734,954.3017862880093,1.7350941568872897,17.176784347000584
2021-06-25 09:30:00,-13.101933536664514,-13.201269182238802,-13.121353624606725,-13.21041229242931,-13.094624344276408,-13.1644695990958,-13.06756397115901,44,0.9027777777777778,29.577662225059694,1114.256147375883,2.025920267956151,15.816257000944784
2021-06-25 09:35:00,-13.096475143360978,-13.200389380952991,-13.137098573889428,-13.227453903066175,-13.159187728520845,-13.139731992931589,-13.184972695120942,44,0.9305555555555556,24.04301710572996,1349.950291052939,2.4544550746417078,14.128175499124907
2021-06-25 09:40:00,-13.038710719114404,-13.070317238008382,-13.031457993064448,-13.107983169164722,-13.049804348290287,-13.170276153023952,-13.215609637955346,44,0.9583333333333334,18.732096909021678,1712.6296804120188,3.113872146203671,12.028290858350662
2021-06-25 09:45:00,-13.012278279590562,-13.10669853747722,-12.974019195244722,-13.08624961871228,-13.040703352801186,-13.137694116390964,-13.177863839020093,44,0.9861111111111112,13.908664235895909,2288.093132953492,4.160169332642712,9.459771369219304
2021-06-25 09:50:00,-13.000704744693175,-13.064724386940336,-13.030157028405425,-13.063720422082122,-13.050646487606368,-13.13702652260934,-13.16587125527337,45,0.013888888888888888,13.908664235895905,2288.0931329534924,4.160169332642714,9.459771369219304
2021-06-25 09:55:00,-13.083266149080533,-13.20515033369355,-13.07405550654655,-13.1705162948812,-13.106860646275637,-13.083605964782878,-13.183358519651131,45,0.041666666666666664,18.732096909021678,1712.6296804120188,3.113872146203671,12.028290858350662
2021-06-25 10:00:00,-13.056697893766012,-13.135440167922615,-13.117085007868964,-13.15406010816416,-13.08675659454749,-13.064660141743635,-13.1644695990958,45,0.06944444444444445,24.04301710572997,1349.9502910529386,2.454455074641707,14.128175499124909
2021-06-25 10:05:00,-13.031769837285175,-13.132174874476988,-13.08224760334141,-13.134203496465702,-13.07154307433912,-13.040585157299343,-13.139731992931589,45,0.09722222222222222,29.57766222505968,1114.2561473758838,2.0259202679561525,15.81625700094478
2021-06-25 10:10:00,-13.083104339002366,-13.124389241641495,-13.088985590161572,-13.130438308244278,-13.052433783867809,-13.027001717342952,-13.170276153023952,45,0.125,35.193358967187336,954.3017862880095,1.73509415688729,17.176784347000584
2021-06-25 10:15:00,-12.99968212826026,-13.016483072418785,-13.01748109147683,-13.004724554811188,-12.934828823388797,-13.09042199261828,-13.137694116390964,45,0.1527777777777778,40.784883744963764,841.9816786935072,1.5308757794427403,18.27465717160573
2021-06-25 10:20:00,-12.987371245335517,-13.03981294058969,-12.998011457375917,-13.014258323202975,-13.011153663201814,-13.087428346252056,-13.13702652260934,45,0.18055555555555555,46.2647085880108,761.2019950774791,1.3840036274135983,19.15805525084395
2021-06-25 10:25:00,-13.008726046807144,-13.036420387746034,-13.03639420358383,-13.03599036168344,-13.010518198824748,-13.073070834795038,-13.083605964782878,45,0.20833333333333334,51.55598805017222,702.2327649706288,1.2767868454011433,19.863792666931527
2021-06-25 10:30:00,-12.997824670683706,-13.027668254184782,-13.048409292451936,-13.052993940409747,-13.03286601697016,-13.059389407423836,-13.064660141743635,45,0.2361111111111111,56.589631983678515,658.8812958918049,1.1979659925305546,20.421211908021377
2021-06-25 10:35:00,-12.976383861267562,-12.99454525207472,-13.030821627319472,-13.031610207935824,-12.973562928623588,-13.05962882237148,-13.040585157299343,45,0.2638888888888889,61.30302393660706,627.0153502079979,1.1400279094690873,20.854688932533097
2021-06-25 10:40:00,-12.97101106883916,-13.011602347827695,-13.029603268668009,-13.044521343736347,-12.983889522783825,-13.067086885846775,-13.027001717342952,45,0.2916666666666667,65.63949652769072,603.7532271149208,1.097733140208947,21.185177830703115
2021-06-25 10:45:00,-13.024630596362815,-13.102825538487314,-13.096242677669162,-13.137116339560183,-13.020348808023009,-13.01955010882495,-13.09042199261828,45,0.3194444444444444,69.54818229029615,587.000796114409,1.0672741747534709,21.431116276029314
2021-06-25 10:50:00,-13.00588214381964,-13.00017843182524,-13.082781329450098,-13.062645642615925,-13.025533069176149,-13.037594040578549,-13.087428346252056,45,0.3472222222222222,72.98405557930008,575.1794243398531,1.0457807715270055,21.60889791505997
2021-06-25 10:55:00,-12.950158649134034,-12.971143804106106,-13.017230656579567,-13.04137466835999,-12.992625522421848,-13.039826583511504,-13.073070834795038,45,0.375,75.90806788230319,567.06508111847,1.0310274202154,21.733044318665424
2021-06-25 11:00:00,-12.963311525992935,-12.966040418932648,-13.00511412020693,-13.034309368682695,-12.981109936758209,-13.057776714849618,-13.059389407423836,45,0.4027777777777778,78.28732091574973,561.6956771060345,1.0212648674655171,21.816168916637658
2021-06-25 11:05:00,-12.954228994007815,-12.962640205084796,-13.017264210726957,-13.034264939967612,-13.004928409340934,-13.03727606124075,-13.05962882237148,45,0.4305555555555556,80.09524395594458,558.321757226534,1.0151304676846076,21.86880622268163
2021-06-25 11:10:00,-12.97379716797484,-13.004736006586445,-13.054241695285658,-13.071550750504551,-13.038202812834902,-13.01340295413208,-13.067086885846775,45,0.4583333333333333,81.31175430298669,556.3845700490554,1.0116083091801007,21.899171826367546
2021-06-25 11:15:00,-12.95560628417541,-12.971478864629304,-13.041454657492972,-13.030957036040771,-12.977899729482337,-13.012188200952258,-13.01955010882495,45,0.4861111111111111,81.92338730807863,555.5100547469376,1.0100182813580683,21.91291439402028
2021-06-25 11:20:00,-12.979941182418218,-13.016735914466748,-13.037099160519173,-13.07346682607169,-12.955290747253883,-13.009199177731125,-13.037594040578549,45,0.5138888888888888,81.92338730807863,555.5100547469376,1.0100182813580683,21.91291439402028
2021-06-25 11:25:00,-12.969400469764606,-12.962321969861382,-13.036084772702992,-13.042523301842104,-13.031488726802564,-13.02244617484574,-13.039826583511504,45,0.5416666666666666,81.3117543029867,556.3845700490554,1.0116083091801007,21.899171826367546
2021-06-25 11:30:00,-12.960716051632184,-12.998421431104104,-13.014826795590803,-13.062440188885043,-13.02939138905622,-13.043897190072745,-13.057776714849618,45,0.5694444444444444,80.09524395594458,558.321757226534,1.0151304676846076,21.86880622268163
2021-06-25 11:35:00,-12.918429742690355,-12.911241920826022,-12.973138064497409,-12.962265706605418,-12.958582659169409,-13.06461771929906,-13.03727606124075,45,0.5972222222222222,78.28732091574973,561.6956771060345,1.0212648674655171,21.816168916637658
2021-06-25 11:40:00,-12.922729500235612,-12.932309451093262,-12.952373571778152,-12.969481883640414,-12.924622140237071,-13.082631847758838,-13.01340295413208,45,0.625,75.90806788230319,567.06508111847,1.0310274202154,21.733044318665424
2021-06-25 11:45:00,-12.919256500599186,-12.933010620888748,-12.974252038929531,-12.980030679528838,-12.994854401730391,-13.118468811146624,-13.012188200952258,45,0.6527777777777778,72.98405557930008,575.1794243398531,1.0457807715270055,21.60889791505997
2021-06-25 11:50:00,-12.94096469644459,-12.976014121295265,-12.98591376250025,-13.023608823145045,-12.9685338772094,-13.099442359293947,-13.009199177731125,45,0.6805555555555556,69.54818229029615,587.000796114409,1.0672741747534709,21.431116276029314
2021-06-25 11:55:00,-12.958569400338204,-12.970251195934036,-12.9941604065919,-13.017509673562516,-13.018294241637845,-13.07436688554513,-13.02244617484574,45,0.7083333333333334,65.63949652769072,603.7532271149208,1.097733140208947,21.185177830703115
2021-06-25 12:00:00,-13.008060139455804,-13.0417630564355,-13.050388580078362,-13.094960118361346,-12.998529191473285,-13.021692951112597,-13.043897190072745,45,0.7361111111111112,61.30302393660706,627.0153502079979,1.1400279094690873,20.854688932533097
2021-06-25 12:05:00,-12.961599159573623,-12.95908752279869,-12.987186028768052,-13.016092897665152,-13.002972877120415,-13.019795862424353,-13.06461771929906,45,0.7638888888888888,56.58963198367853,658.8812958918048,1.1979659925305544,20.42121190802138
2021-06-25 12:10:00,-12.94605190062721,-12.97910934044771,-12.971594457412092,-13.003864475366049,-13.033254710074374,-13.024693139665269,-13.082631847758838,45,0.7916666666666666,51.55598805017223,702.2327649706286,1.276786845401143,19.863792666931527
2021-06-25 12:15:00,-13.002260912776476,-13.034442143005569,-12.991664722381778,-13.063848445401833,-13.0239637294908,-12.962667949304675,-13.118468811146624,45,0.8194444444444444,46.26470858801082,761.2019950774787,1.3840036274135976,19.158055250843958
2021-06-25 12:20:00,-12.94444723313504,-12.955212731422897,-12.962452609603163,-12.975774769170982,-12.99965427308418,-12.929906133388071,-13.099442359293947,45,0.8472222222222222,40.784883744963764,841.9816786935072,1.5308757794427403,18.27465717160573
2021-06-25 12:25:00,-12.910974267013254,-12.921701128488603,-12.895261563440643,-12.932860526635602,-12.952569604760546,-12.926864801751734,-13.07436688554513,45,0.875,35.19335896718734,954.3017862880093,1.7350941568872897,17.176784347000584
2021-06-25 12:30:00,-12.8943191396754,-12.909134421935493,-12.874858373871673,-12.884107920607738,-12.894914333260324,-12.8963765846226,-13.021692951112597,45,0.9027777777777778,29.577662225059694,1114.256147375883,2.025920267956151,15.816257000944784
2021-06-25 12:35:00,-12.903375677373036,-12.935390099883008,-12.888147211903176,-12.914423889236769,-12.9341337233477,-12.850851108326223,-13.019795862424353,45,0.9305555555555556,24.04301710572996,1349.950291052939,2.4544550746417078,14.128175499124907
2021-06-25 12:40:00,-12.94454527870262,-12.982229479545886,-12.935034509730746,-12.956257478876337,-12.99314238422769,-12.775797342649254,-13.024693139665269,45,0.9583333333333334,18.732096909021678,1712.6296804120188,3.113872146203671,12.028290858350662
2021-06-25 12:45:00,-12.884892517759452,-12.895970561787284,-12.899038585750445,-12.846277742005483,-12.856549323646782,-12.711626867584744,-12.962667949304675,45,0.9861111111111112,13.908664235895909,2288.093132953492,4.160169332642712,9.459771369219304
2021-06-25 12:50:00,-12.814982015533875,-12.852651485826732,-12.78772389392742,-12.81478830866222,-12.813293666207926,-12.67340188983759,-12.929906133388071,46,0.013888888888888888,13.908664235895905,2288.0931329534924,4.160169332642714,9.459771369219304
2021-06-25 12:55:00,-12.84472704028242,-12.87147951665565,-12.793056851709444,-12.825282964323232,-12.821083462150758,-12.619177747980522,-12.926864801751734,46,0.041666666666666664,18.732096909021678,1712.6296804120188,3.113872146203671,12.028290858350662
2021-06-25 13:00:00,-12.817539399831306,-12.81194408956125,-12.82032166088427,-12.794685361836674,-12.785712913042197,-12.63298344781787,-12.8963765846226,46,0.06944444444444445,24.04301710572997,1349.9502910529386,2.454455074641707,14.128175499124909
2021-06-25 13:05:00,-12.749802415478726,-12.781387437128966,-12.73553062120238,-12.746132394262844,-12.7072003370043,-12.676390709524032,-12.850851108326223,46,0.09722222222222222,29.57766222505968,1114.2561473758838,2.0259202679561525,15.81625700094478
2021-06-25 13:10:00,-12.743367986109789,-12.736479439988427,-12.679946576855476,-12.701129885812994,-12.680376383966976,-12.724848946238083,-12.775797342649254,46,0.125,35.193358967187336,954.3017862880095,1.73509415688729,17.176784347000584
2021-06-25 13:15:00,-12.653963571002476,-12.643040282182628,-12.609940587784132,-12.61079107202248,-12.614824489888308,-12.745882395511346,-12.711626867584744,46,0.1527777777777778,40.784883744963764,841.9816786935072,1.5308757794427403,18.27465717160573
2021-06-25 13:20:00,-12.69705221369039,-12.677742780992045,-12.645221697934842,-12.621405987608616,-12.549089181978,-12.800921606570787,-12.67340188983759,46,0.18055555555555555,46.2647085880108,761.2019950774791,1.3840036274135983,19.15805525084395
2021-06-25 13:25:00,-12.72232139431086,-12.69041489139913,-12.711253759422467,-12.672368224378673,-12.595058538355836,-12.849461606077258,-12.619177747980522,46,0.20833333333333334,51.55598805017222,702.2327649706288,1.2767868454011433,19.863792666931527
2021-06-25 13:30:00,-12.775083401111187,-12.777987396737814,-12.755909386608607,-12.74270353257766,-12.676981541651324,-12.863696938567797,-12.63298344781787,46,0.2361111111111111,56.589631983678515,658.8812958918049,1.1979659925305546,20.421211908021377
2021-06-25 13:35:00,-12.815991722052198,-12.841068510031468,-12.847615430137775,-12.79107640102765,-12.759563648424244,-12.840681468487992,-12.676390709524032,46,0.2638888888888889,61.30302393660706,627.0153502079979,1.1400279094690873,20.854688932533097
2021-06-25 13:40:00,-12.809054794611225,-12.8189269937041,-12.855562703777528,-12.831513161169427,-12.81390851542858,-12.821919640808073,-12.724848946238083,46,0.2916666666666667,65.63949652769072,603.7532271149208,1.097733140208947,21.185177830703115
2021-06-25 13:45:00,-12.738077072779342,-12.705266889959049,-12.790632113876812,-12.759564229951929,-12.668546249978872,-12.879799440147218,-12.745882395511346,46,0.3194444444444444,69.54818229029615,587.000796114409,1.0672741747534709,21.431116276029314
2021-06-25 13:50:00,-12.779144325236484,-12.801135482288368,-12.768201253578075,-12.78048963138144,-12.78473786557386,-12.859559659857544,-12.800921606570787,46,0.3472222222222222,72.98405557930008,575.1794243398531,1.0457807715270055,21.60889791505997
2021-06-25 13:55:00,-12.830405060166914,-12.806336061032058,-12.862782602589704,-12.835203361395957,-12.825934333482463,-12.85653152889964,-12.849461606077258,46,0.375,75.90806788230319,567.06508111847,1.0310274202154,21.733044318665424
2021-06-25 14:00:00,-12.84716590923778,-12.834615516103476,-12.879596952207532,-12.8587531972649,-12.855848524634382,-12.846319030471074,-12.863696938567797,46,0.4027777777777778,78.28732091574973,561.6956771060345,1.0212648674655171,21.816168916637658
2021-06-25 14:05:00,-12.85391215375106,-12.82490396463166,-12.887275152987735,-12.850825346649806,-12.831226584326584,-12.872678052124767,-12.840681468487992,46,0.4305555555555556,80.09524395594458,558.321757226534,1.0151304676846076,21.86880622268163
2021-06-25 14:10:00,-12.851580692959,-12.838181959287688,-12.88126791385572,-12.838094600736966,-12.85012704820645,-12.904880845478417,-12.821919640808073,46,0.4583333333333333,81.31175430298669,556.3845700490554,1.0116083091801007,21.899171826367546
2021-06-25 14:15:00,-12.88412682025748,-12.887153063960028,-12.852519394947064,-12.875686004072028,-12.88725276417189,-12.913353354922664,-12.879799440147218,46,0.4861111111111111,81.92338730807863,555.5100547469376,1.0100182813580683,21.91291439402028
2021-06-25 14:20:00,-12.841825507901396,-12.855990527278806,-12.859619789820108,-12.85282522035626,-12.799679347131496,-12.94749891596416,-12.859559659857544,46,0.5138888888888888,81.92338730807863,555.5100547469376,1.0100182813580683,21.91291439402028
2021-06-25 14:25:00,-12.837269064036274,-12.877919906063529,-12.84644545458965,-12.861153394629254,-12.811672541482286,-12.978099949464054,-12.85653152889964,46,0.5416666666666666,81.3117543029867,556.3845700490554,1.0116083091801007,21.899171826367546
2021-06-25 14:30:00,-12.874579531347033,-12.885128130458131,-12.872794590272711,-12.879129287643783,-12.83980801390611,-13.018810521916004,-12.846319030471074,46,0.5694444444444444,80.09524395594458,558.321757226534,1.0151304676846076,21.86880622268163
2021-06-25 14:35:00,-12.912759964073562,-12.9422943125035,-12.92672535141303,-12.939199992533686,-12.907440090664435,-13.012397463689467,-12.872678052124767,46,0.5972222222222222,78.28732091574973,561.6956771060345,1.0212648674655171,21.816168916637658
2021-06-25 14:40:00,-12.925312064681773,-12.957948895208808,-12.961169585073202,-12.963318213561308,-12.932196363867316,-13.006062504630938,-12.904880845478417,46,0.625,75.90806788230319,567.06508111847,1.0310274202154,21.733044318665424
2021-06-25 14:45:00,-12.933801554734403,-12.96876074034007,-12.933038939329158,-12.963953067334304,-12.975879153390322,-12.997065544444563,-12.913353354922664,46,0.6527777777777778,72.98405557930008,575.1794243398531,1.0457807715270055,21.60889791505997
2021-06-25 14:50:00,-12.959605333755093,-12.990264687661512,-12.936913949053771,-12.982499729771016,-12.95117079806863,-13.01390132335756,-12.94749891596416,46,0.6805555555555556,69.54818229029615,587.000796114409,1.0672741747534709,21.431116276029314
2021-06-25 14:55:00,-12.987512847326652,-13.022489444256792,-12.983440816022586,-13.032489855787544,-12.976283198825405,-13.007980324781128,-12.978099949464054,46,0.7083333333333334,65.63949652769072,603.7532271149208,1.097733140208947,21.185177830703115
2021-06-25 15:00:00,-13.006995565800464,-13.04807607080755,-13.02490722908226,-13.055829091405606,-13.066883380233644,-12.991198860553853,-13.018810521916004,46,0.7361111111111112,61.30302393660706,627.0153502079979,1.1400279094690873,20.854688932533097
2021-06-25 15:05:00,-12.99158336665874,-13.023197812505275,-12.998567979369833,-13.016160354876538,-13.003966998696797,-12.997615902245029,-13.012397463689467,46,0.7638888888888888,56.58963198367853,658.8812958918048,1.1979659925305544,20.42121190802138
2021-06-25 15:10:00,-12.97490800215747,-13.029774943610716,-12.975719291429897,-13.006091232098544,-12.99607229515971,-13.013554849163228,-13.006062504630938,46,0.7916666666666666,51.55598805017223,702.2327649706286,1.276786845401143,19.863792666931527
2021-06-25 15:15:00,-12.995747395642468,-13.030242438323455,-12.96618299339268,-13.015284777718607,-12.982641738831532,-13.036717387594402,-12.997065544444563,46,0.8194444444444444,46.26470858801082,761.2019950774787,1.3840036274135976,19.158055250843958
2021-06-25 15:20:00,-13.004027884645348,-13.081339833028697,-13.02285786736987,-13.038157395522754,-13.045116624550424,-13.02992133523496,-13.01390132335756,46,0.8472222222222222,40.784883744963764,841.9816786935072,1.5308757794427403,18.27465717160573
2021-06-25 15:25:00,-13.003247445416577,-13.071640510254143,-13.010379911541412,-13.00493506783292,-13.032548764541968,-13.019370474923257,-13.007980324781128,46,0.875,35.19335896718734,954.3017862880093,1.7350941568872897,17.176784347000584
2021-06-25 15:30:00,-13.008754541663675,-13.077571919888818,-13.015580978844628,-13.00526822504328,-13.02167283025472,-13.025792343294212,-12.991198860553853,46,0.9027777777777778,29.577662225059694,1114.256147375883,2.025920267956151,15.816257000944784
2021-06-25 15:35:00,-13.022622726650706,-13.08567778269976,-13.032365467015865,-13.020924869347118,-13.038114769543492,-13.015303212146202,-12.997615902245029,46,0.9305555555555556,24.04301710572996,1349.950291052939,2.4544550746417078,14.128175499124907
2021-06-25 15:40:00,-13.020535943631833,-13.105629841846408,-13.054495764730946,-13.042655861077748,-13.063762059464322,-13.006035172829774,-13.013554849163228,46,0.9583333333333334,18.732096909021678,1712.6296804120188,3.113872146203671,12.028290858350662
2021-06-25 15:45:00,-13.051346327098088,-13.11428744150681,-13.074636220092133,-13.093825121703432,-13.105462915409936,-13.004922535911325,-13.036717387594402,46,0.9861111111111112,13.908664235895909,2288.093132953492,4.160169332642712,9.459771369219304
2021-06-25 15:50:00,-13.083967791308076,-13.12519098741284,-13.081942359459898,-13.127633571146314,-13.0847302613314,-12.989404207967205,-13.02992133523496,47,0.013888888888888888,13.908664235895905,2288.0931329534924,4.160169332642714,9.459771369219304
2021-06-25 15:55:00,-13.052586638419635,-13.086346284816967,-13.025796966439302,-13.057000869689556,-13.024401648913493,-13.067152569398724,-13.019370474923257,47,0.041666666666666664,18.732096909021678,1712.6296804120188,3.113872146203671,12.028290858350662
2021-06-25 16:00:00,-13.069320940751712,-13.104788605766634,-13.058332626239466,-13.091219354302666,-13.051707775630293,-13.088942324501856,-13.025792343294212,47,0.06944444444444445,24.04301710572997,1349.9502910529386,2.454455074641707,14.128175499124909
2021-06-25 16:05:00,-13.068969756183138,-13.085539479891908,-13.049955458259063,-13.054448515606596,-13.026310949683108,-13.147534815094549,-13.015303212146202,47,0.09722222222222222,29.57766222505968,1114.2561473758838,2.0259202679561525,15.81625700094478
2021-06-25 16:10:00,-13.068526661164055,-13.109056883663676,-13.066363174643614,-13.081612749568412,-13.064677936490776,-13.15931551922948,-13.006035172829774,47,0.125,35.193358967187336,954.3017862880095,1.73509415688729,17.176784347000584
2021-06-25 16:15:00,-13.09198167894407,-13.124823635034216,-13.095351660951213,-13.089207762813375,-13.09572857811982,-13.216710876931185,-13.004922535911325,47,0.1527777777777778,40.784883744963764,841.9816786935072,1.5308757794427403,18.27465717160573
2021-06-25 16:20:00,-13.083520596518817,-13.101296055136116,-13.064852365719696,-13.051188122491563,-13.03165603231735,-13.283607103095935,-12.989404207967205,47,0.18055555555555555,46.2647085880108,761.2019950774791,1.3840036274135983,19.15805525084395
2021-06-25 16:25:00,-13.162974753106816,-13.22033132179221,-13.153767628815322,-13.26758387827808,-13.232144708902768,-13.273802022963018,-13.067152569398724,47,0.20833333333333334,51.55598805017222,702.2327649706288,1.2767868454011433,19.863792666931527
2021-06-25 16:30:00,-13.174550061663638,-13.1826060220021,-13.19200484772023,-13.149855285013375,-13.206119745827342,-13.262062316529832,-13.088942324501856,47,0.2361111111111111,56.589631983678515,658.8812958918049,1.1979659925305546,20.421211908021377
2021-06-25 16:35:00,-13.189337990836222,-13.235592128881772,-13.183059847032451,-13.259864447185054,-13.30434786948567,-13.265177952866036,-13.147534815094549,47,0.2638888888888889,61.30302393660706,627.0153502079979,1.1400279094690873,20.854688932533097
2021-06-25 16:40:00,-13.210644816273897,-13.20197434153836,-13.168958847436995,-13.169384642007472,-13.243990747673037,-13.293178728939974,-13.15931551922948,47,0.2916666666666667,65.63949652769072,603.7532271149208,1.097733140208947,21.185177830703115
2021-06-25 16:45:00,-13.232109700936167,-13.285289814755972,-13.241314266505851,-13.322193485760714,-13.446801609683948,-13.289555026404152,-13.216710876931185,47,0.3194444444444444,69.54818229029615,587.000796114409,1.0672741747534709,21.431116276029314
2021-06-25 16:50:00,-13.277696746476128,-13.294438961791352,-13.311898294095434,-13.342887366480896,-13.43485479943508,-13.291385442943383,-13.283607103095935,47,0.3472222222222222,72.98405557930008,575.1794243398531,1.0457807715270055,21.60889791505997
2021-06-25 16:55:00,-13.284398373277828,-13.309505034827051,-13.314323017389873,-13.330064506582856,-13.441443755247938,-13.272223553293024,-13.273802022963018,47,0.375,75.90806788230319,567.06508111847,1.0310274202154,21.733044318665424
2021-06-25 17:00:00,-13.273744698871534,-13.260591633416514,-13.230908497351392,-13.1792492124225,-13.281462239999586,-13.268429637603994,-13.262062316529832,47,0.4027777777777778,78.28732091574973,561.6956771060345,1.0212648674655171,21.816168916637658
2021-06-25 17:05:00,-13.30704998148554,-13.333101795038525,-13.264128411701336,-13.285130385788683,-13.388725661056876,-13.238919622730885,-13.265177952866036,47,0.4305555555555556,80.09524395594458,558.321757226534,1.0151304676846076,21.86880622268163
2021-06-25 17:10:00,-13.329090026104012,-13.334186651051771,-13.333891976419272,-13.314488462016069,-13.37369541656732,-13.253304087996073,-13.293178728939974,47,0.4583333333333333,81.31175430298669,556.3845700490554,1.0116083091801007,21.899171826367546
2021-06-25 17:15:00,-13.33677567043858,-13.383886982140632,-13.367516110662605,-13.37902119975154,-13.437959583010878,-13.298278334200464,-13.289555026404152,47,0.4861111111111111,81.92338730807863,555.5100547469376,1.0100182813580683,21.91291439402028
2021-06-25 17:20:00,-13.386581597561092,-13.39525409107423,-13.4064012749825,-13.391217332725974,-13.425972349318853,-13.33973696932736,-13.291385442943383,47,0.5138888888888888,81.92338730807863,555.5100547469376,1.0100182813580683,21.91291439402028
2021-06-25 17:25:00,-13.33960638728584,-13.365419726790511,-13.34721636033048,-13.332235887341612,-13.348028536432626,-13.393112088034384,-13.272223553293024,47,0.5416666666666666,81.3117543029867,556.3845700490554,1.0116083091801007,21.899171826367546
2021-06-25 17:30:00,-13.32750356042836,-13.321793430106922,-13.258584999050347,-13.23535078733208,-13.22298265300681,-13.401792609931322,-13.268429637603994,47,0.5694444444444444,80.09524395594458,558.321757226534,1.0151304676846076,21.86880622268163
2021-06-25 17:35:00,-13.30669276356724,-13.33930764208016,-13.239500830575,-13.24321158780517,-13.215379265763191,-13.42337316771911,-13.238919622730885,47,0.5972222222222222,78.28732091574973,561.6956771060345,1.0212648674655171,21.816168916637658
2021-06-25 17:40:00,-13.336052293613834,-13.38353430853514,-13.316542868481118,-13.307212082327547,-13.353882005106712,-13.447801622862684,-13.253304087996073,47,0.625,75.90806788230319,567.06508111847,1.0310274202154,21.733044318665424
2021-06-25 17:45:00,-13.386560255495077,-13.463290486430008,-13.392356371001297,-13.450937696262448,-13.529096703468262,-13.42217003782388,-13.298278334200464,47,0.6527777777777778,72.98405557930008,575.1794243398531,1.0457807715270055,21.60889791505997
2021-06-25 17:50:00,-13.460916413292813,-13.480377142095408,-13.489108700971396,-13.53919881340415,-13.547748091771828,-13.388810069800256,-13.33973696932736,47,0.6805555555555556,69.54818229029615,587.000796114409,1.0672741747534709,21.431116276029314
2021-06-25 17:55:00,-13.47066596843552,-13.488889663295662,-13.474183702089062,-13.542907491672848,-13.54733182698628,-13.354779447705573,-13.393112088034384,47,0.7083333333333334,65.63949652769072,603.7532271149208,1.097733140208947,21.185177830703115
2021-06-25 18:00:00,-13.397585438862512,-13.384682844838942,-13.347634987572247,-13.338011416767804,-13.297920200376062,-13.435290832527349,-13.401792609931322,47,0.7361111111111112,61.30302393660706,627.0153502079979,1.1400279094690873,20.854688932533097
2021-06-25 18:05:00,-13.365883079157626,-13.4015496441386,-13.249607650885132,-13.29902495759439,-13.359436292325396,-13.477274165545634,-13.42337316771911,47,0.7638888888888888,56.58963198367853,658.8812958918048,1.1979659925305544,20.42121190802138
2021-06-25 18:10:00,-13.399054501367791,-13.455386304975086,-13.359846516492125,-13.39424385721365,-13.52357897616818,-13.496881924738178,-13.447801622862684,47,0.7916666666666666,51.55598805017223,702.2327649706286,1.276786845401143,19.863792666931527
2021-06-25 18:15:00,-13.442770361643296,-13.475378150752023,-13.451014428840397,-13.473695418734358,-13.538613509424408,-13.496818838525115,-13.42217003782388,47,0.8194444444444444,46.26470858801082,761.2019950774787,1.3840036274135976,19.158055250843958
2021-06-25 18:20:00,-13.475145109098651,-13.47565919938879,-13.462202185541084,-13.497168100417785,-13.449423659859878,-13.501029414256791,-13.388810069800256,47,0.8472222222222222,40.784883744963764,841.9816786935072,1.5308757794427403,18.27465717160573
2021-06-25 18:25:00,-13.474500645580674,-13.476222969796732,-13.470634271542174,-13.49460337433334,-13.389179121806931,-13.41878346773954,-13.354779447705573,47,0.875,35.19335896718734,954.3017862880093,1.7350941568872897,17.176784347000584
2021-06-25 18:30:00,-13.528589691287571,-13.55876931432974,-13.525522103676286,-13.563850920460574,-13.481505793488118,-13.345037172562565,-13.435290832527349,47,0.9027777777777778,29.577662225059694,1114.256147375883,2.025920267956151,15.816257000944784
2021-06-25 18:35:00,-13.532388077470676,-13.547975617105593,-13.57133947779382,-13.55610451375209,-13.519451510737609,-13.228725733188217,-13.477274165545634,47,0.9305555555555556,24.04301710572996,1349.950291052939,2.4544550746417078,14.128175499124907
2021-06-25 18:40:00,-13.57531631301596,-13.580220032126736,-13.609173334558676,-13.59591091969133,-13.53685795367089,-13.171785304593971,-13.496881924738178,47,0.9583333333333334,18.732096909021678,1712.6296804120188,3.113872146203671,12.028290858350662
2021-06-25 18:45:00,-13.576123364405383,-13.542027519491024,-13.592930408581676,-13.583945776782212,-13.535784867904068,-13.177742852185364,-13.496818838525115,47,0.9861111111111112,13.908664235895909,2288.093132953492,4.160169332642712,9.459771369219304
2021-06-25 18:50:00,-13.54612408848415,-13.510631383614362,-13.527209406252403,-13.524040196678278,-13.50330432239019,-13.250873782035864,-13.501029414256791,48,0.013888888888888888,13.908664235895905,2288.0931329534924,4.160169332642714,9.459771369219304
2021-06-25 18:55:00,-13.33786728513124,-13.330007356441222,-13.321054534714548,-13.219398290818832,-13.185825272858956,-13.371775117655377,-13.41878346773954,48,0.041666666666666664,18.732096909021678,1712.6296804120188,3.113872146203671,12.028290858350662
2021-06-25 19:00:00,-13.369028867704264,-13.397677700343612,-13.247770139708148,-13.209096440661568,-13.25085623443799,-13.41455549251782,-13.345037172562565,48,0.06944444444444445,24.04301710572997,1349.9502910529386,2.454455074641707,14.128175499124909
2021-06-25 19:05:00,-13.331076553750108,-13.270260716906572,-13.30174988001768,-13.197134474347424,-13.198691631027788,-13.550839780071083,-13.228725733188217,48,0.09722222222222222,29.57766222505968,1114.2561473758838,2.0259202679561525,15.81625700094478
2021-06-25 19:10:00,-13.370432697341554,-13.374155765015589,-13.290688641933816,-13.33197041995371,-13.320437868219878,-13.586662514203343,-13.171785304593971,48,0.125,35.193358967187336,954.3017862880095,1.73509415688729,17.176784347000584
2021-06-25 19:15:00,-13.441431288748204,-13.4558176285456,-13.402650617684088,-13.460123253145946,-13.411181090900277,-13.592739609348444,-13.177742852185364,48,0.1527777777777778,40.784883744963764,841.9816786935072,1.5308757794427403,18.27465717160573
2021-06-25 19:20:00,-13.52200072820562,-13.583637100183823,-13.600863907284404,-13.632269280800898,-13.613859480904695,-13.565546189965966,-13.250873782035864,48,0.18055555555555555,46.2647085880108,761.2019950774791,1.3840036274135983,19.15805525084395
2021-06-25 19:25:00,-13.577662944411488,-13.528922338298548,-13.579017482308434,-13.581951994578256,-13.54456254490432,-13.548965309175212,-13.371775117655377,48,0.20833333333333334,51.55598805017222,702.2327649706288,1.2767868454011433,19.863792666931527
2021-06-25 19:30:00,-13.54447409817808,-13.48627728616012,-13.451868903812478,-13.49431341736083,-13.462783960374692,-13.583168230653673,-13.41455549251782,48,0.2361111111111111,56.589631983678515,658.8812958918049,1.1979659925305546,20.421211908021377
2021-06-25 19:35:00,-13.607863050918509,-13.54675802335358,-13.565050139582128,-13.594286763752637,-13.56487523059287,-13.516834648878987,-13.550839780071083,48,0.2638888888888889,61.30302393660706,627.0153502079979,1.1400279094690873,20.854688932533097
2021-06-25 19:40:00,-13.597404588086754,-13.518633642184575,-13.578708291307764,-13.561950000958708,-13.544999330348029,-13.488219024265872,-13.586662514203343,48,0.2916666666666667,65.63949652769072,603.7532271149208,1.097733140208947,21.185177830703115
2021-06-25 19:45:00,-13.616026398438471,-13.541044829473371,-13.597537176398784,-13.57716648695827,-13.576667870583522,-13.515898007679652,-13.592739609348444,48,0.3194444444444444,69.54818229029615,587.000796114409,1.0672741747534709,21.431116276029314
2021-06-25 19:50:00,-13.654130084048864,-13.602382833036518,-13.642702003763524,-13.646566516913436,-13.601139791286952,-13.52674327910247,-13.565546189965966,48,0.3472222222222222,72.98405557930008,575.1794243398531,1.0457807715270055,21.60889791505997
2021-06-25 19:55:00,-13.625223026155265,-13.569693010122284,-13.613450492484295,-13.588639671984623,-13.54461847696391,-13.599915326594802,-13.548965309175212,48,0.375,75.90806788230319,567.06508111847,1.0310274202154,21.733044318665424
2021-06-25 20:00:00,-13.626056849625458,-13.630563584018953,-13.610686505938814,-13.605314287769,-13.55372136968708,-13.6532829435947,-13.583168230653673,48,0.4027777777777778,78.28732091574973,561.6956771060345,1.0212648674655171,21.816168916637658
2021-06-25 20:05:00,-13.53811023719364,-13.53970183375548,-13.521510616673256,-13.497163826189304,-13.452289573670235,-13.748657947051726,-13.516834648878987,48,0.4305555555555556,80.09524395594458,558.321757226534,1.0151304676846076,21.86880622268163
2021-06-25 20:10:00,-13.530182793647922,-13.555219313395105,-13.496746027624487,-13.470449840037086,-13.440859094583198,-13.774885950518138,-13.488219024265872,48,0.4583333333333333,81.31175430298669,556.3845700490554,1.0116083091801007,21.899171826367546
2021-06-25 20:15:00,-13.629808401022684,-13.654841855600049,-13.621290459728096,-13.607359775053192,-13.582717510352824,-13.739678781612492,-13.515898007679652,48,0.4861111111111111,81.92338730807863,555.5100547469376,1.0100182813580683,21.91291439402028
2021-06-25 20:20:00,-13.64522397302498,-13.667368060013986,-13.703228699048912,-13.683807578895063,-13.609672888646816,-13.724270813084672,-13.52674327910247,48,0.5138888888888888,81.92338730807863,555.5100547469376,1.0100182813580683,21.91291439402028
2021-06-25 20:25:00,-13.712506827870664,-13.7297994045139,-13.791179193178026,-13.780592917830347,-13.656209670662648,-13.680363771948391,-13.599915326594802,48,0.5416666666666666,81.3117543029867,556.3845700490554,1.0116083091801007,21.899171826367546
2021-06-25 20:30:00,-13.794668155749386,-13.758844381816065,-13.815207073879884,-13.823852587810226,-13.682188751203778,-13.611020491826125,-13.6532829435947,48,0.5694444444444444,80.09524395594458,558.321757226534,1.0151304676846076,21.86880622268163
2021-06-25 20:35:00,-13.777986917818506,-13.743837948975305,-13.797117579432218,-13.793797027278243,-13.676801100743042,-13.55515751045633,-13.748657947051726,48,0.5972222222222222,78.28732091574973,561.6956771060345,1.0212648674655171,21.816168916637658
2021-06-25 20:40:00,-13.699402203271369,-13.659992493269204,-13.68664906854268,-13.675858822359718,-13.57007304861015,-13.594852633804075,-13.774885950518138,48,0.625,75.90806788230319,567.06508111847,1.0310274202154,21.733044318665424
2021-06-25 20:45:00,-13.68395703150994,-13.65593951849956,-13.637874873299534,-13.640270243984103,-13.59552921945752,-13.63578777044043,-13.739678781612492,48,0.6527777777777778,72.98405557930008,575.1794243398531,1.0457807715270055,21.60889791505997
2021-06-25 20:50:00,-13.694577427994496,-13.69482680471499,-13.704170512210087,-13.684953028513103,-13.698223621113511,-13.622999976661756,-13.724270813084672,48,0.6805555555555556,69.54818229029615,587.000796114409,1.0672741747534709,21.431116276029314
2021-06-25 20:55:00,-13.709821085875108,-13.689384947703257,-13.728263102405023,-13.688691844454045,-13.697081050057507,-13.660719461469292,-13.680363771948391,48,0.7083333333333334,65.63949652769072,603.7532271149208,1.097733140208947,21.185177830703115
2021-06-25 21:00:00,-13.655992106617743,-13.658732171350383,-13.643356833012476,-13.62956504622498,-13.605578526679668,-13.718402660836556,-13.611020491826125,48,0.7361111111111112,61.30302393660706,627.0153502079979,1.1400279094690873,20.854688932533097
2021-06-25 21:05:00,-13.637765953164257,-13.66222235140602,-13.603075537028014,-13.590182043323614,-13.57177754986753,-13.762686837214323,-13.55515751045633,48,0.7638888888888888,56.58963198367853,658.8812958918048,1.1979659925305544,20.42121190802138
2021-06-25 21:10:00,-13.69057006256893,-13.726379243145686,-13.715122001481726,-13.666386724978857,-13.5625266510796,-13.77578036917304,-13.594852633804075,48,0.7916666666666666,51.55598805017223,702.2327649706286,1.276786845401143,19.863792666931527
2021-06-25 21:15:00,-13.723662593279618,-13.748470110117,-13.75775958222128,-13.71633181167623,-13.61078555464165,-13.779286166970865,-13.63578777044043,48,0.8194444444444444,46.26470858801082,761.2019950774787,1.3840036274135976,19.158055250843958
2021-06-25 21:20:00,-13.70557087448856,-13.707599838011337,-13.71430946192478,-13.68845250219736,-13.626434958925817,-13.756185648467223,-13.622999976661756,48,0.8472222222222222,40.784883744963764,841.9816786935072,1.5308757794427403,18.27465717160573
2021-06-25 21:25:00,-13.74748468587218,-13.7641768165603,-13.776497392807832,-13.776572671566573,-13.621106624288885,-13.701667733362218,-13.660719461469292,48,0.875,35.19335896718734,954.3017862880093,1.7350941568872897,17.176784347000584
2021-06-25 21:30:00,-13.769773827874245,-13.75866745598328,-13.817713516352166,-13.7961749230559,-13.68421752683614,-13.681292893267855,-13.718402660836556,48,0.9027777777777778,29.577662225059694,1114.256147375883,2.025920267956151,15.816257000944784
2021-06-25 21:35:00,-13.7376769597883,-13.74351971375189,-13.77101158047398,-13.762689657623593,-13.714657259094592,-13.684875830713008,-13.762686837214323,48,0.9305555555555556,24.04301710572996,1349.950291052939,2.4544550746417078,14.128175499124907
2021-06-25 21:40:00,-13.758894927795804,-13.774055956112614,-13.803779909500648,-13.780744522097656,-13.734805957610703,-13.620714514709524,-13.77578036917304,48,0.9583333333333334,18.732096909021678,1712.6296804120188,3.113872146203671,12.028290858350662
2021-06-25 21:45:00,-13.7752515278969,-13.780991333119992,-13.830808560282865,-13.79123176328069,-13.757141592751127,-13.630140889476206,-13.779286166970865,48,0.9861111111111112,13.908664235895909,2288.093132953492,4.160169332642712,9.459771369219304
2021-06-25 21:50:00,-13.699974106672531,-13.694599952262395,-13.725121791621554,-13.694235082646726,-13.644969103979124,-13.660961565982475,-13.756185648467223,49,0.013888888888888888,13.908664235895905,2288.0931329534924,4.160169332642714,9.459771369219304
2021-06-25 21:55:00,-13.693014208888028,-13.714115652173744,-13.68706987651326,-13.674228276885591,-13.644458537210465,-13.660718560101383,-13.701667733362218,49,0.041666666666666664,18.732096909021678,1712.6296804120188,3.113872146203671,12.028290858350662
2021-06-25 22:00:00,-13.71824287156709,-13.76193376125965,-13.792052822218212,-13.727575300536367,-13.635422672822008,-13.597543202479413,-13.681292893267855,49,0.06944444444444445,24.04301710572997,1349.9502910529386,2.454455074641707,14.128175499124909
2021-06-25 22:05:00,-13.744969811248476,-13.773601268286136,-13.819824723533785,-13.760407626684698,-13.722147684585524,-13.62190958317723,-13.684875830713008,49,0.09722222222222222,29.57766222505968,1114.2561473758838,2.0259202679561525,15.81625700094478
2021-06-25 22:10:00,-13.669037066476626,-13.672711798353092,-13.703511655881922,-13.661597670039994,-13.596566679384578,-13.683350614440709,-13.620714514709524,49,0.125,35.193358967187336,954.3017862880095,1.73509415688729,17.176784347000584
2021-06-25 22:15:00,-13.725243825206112,-13.782298907534514,-13.74814521409244,-13.79416775117701,-13.723429153528931,-13.639749602248314,-13.630140889476206,49,0.1527777777777778,40.784883744963764,841.9816786935072,1.5308757794427403,18.27465717160573
2021-06-25 22:20:00,-13.750178147647746,-13.734306619013552,-13.812448219316217,-13.758832820639116,-13.693737687480116,-13.64446582084471,-13.660961565982475,49,0.18055555555555555,46.2647085880108,761.2019950774791,1.3840036274135983,19.15805525084395
2021-06-25 22:25:00,-13.699084122166225,-13.69521002838156,-13.732319243465115,-13.69827358887979,-13.638228572975342,-13.684079922847834,-13.660718560101383,49,0.20833333333333334,51.55598805017222,702.2327649706288,1.2767868454011433,19.863792666931527
2021-06-25 22:30:00,-13.637470711558915,-13.62208230309289,-13.620226642058745,-13.598650162233843,-13.57752058643436,-13.73500574144666,-13.597543202479413,49,0.2361111111111111,56.589631983678515,658.8812958918049,1.1979659925305546,20.421211908021377
2021-06-25 22:35:00,-13.72244903223155,-13.755312225239315,-13.725461316560056,-13.79719736503051,-13.805648038110212,-13.725506123268136,-13.62190958317723,49,0.2638888888888889,61.30302393660706,627.0153502079979,1.1400279094690873,20.854688932533097
2021-06-25 22:40:00,-13.745107284393056,-13.71950534208331,-13.813729208499282,-13.764187382174612,-13.710750977718757,-13.744977400184755,-13.683350614440709,49,0.2916666666666667,65.63949652769072,603.7532271149208,1.097733140208947,21.185177830703115
2021-06-25 22:45:00,-13.68087915085864,-13.686132085321043,-13.73457977241788,-13.700428977627226,-13.624293366922693,-13.752009756318737,-13.639749602248314,49,0.3194444444444444,69.54818229029615,587.000796114409,1.0672741747534709,21.431116276029314
2021-06-25 22:50:00,-13.711604645821176,-13.715286036794232,-13.753779403214956,-13.706382701674093,-13.683812972564336,-13.745388772868662,-13.64446582084471,49,0.3472222222222222,72.98405557930008,575.1794243398531,1.0457807715270055,21.60889791505997
2021-06-25 22:55:00,-13.746020806232387,-13.744403620179572,-13.793373820505964,-13.751220972167692,-13.706705202389635,-13.752422989891228,-13.684079922847834,49,0.375,75.90806788230319,567.06508111847,1.0310274202154,21.733044318665424
2021-06-25 23:00:00,-13.731635206988216,-13.716861515080064,-13.771490788362264,-13.72912893897424,-13.693056936634632,-13.72015496366959,-13.73500574144666,49,0.4027777777777778,78.28732091574973,561.6956771060345,1.0212648674655171,21.816168916637658
2021-06-25 23:05:00,-13.739772204034985,-13.778170435736712,-13.800085318740104,-13.78722451416066,-13.686794857533144,-13.676842752663433,-13.725506123268136,49,0.4305555555555556,80.09524395594458,558.321757226534,1.0151304676846076,21.86880622268163
2021-06-25 23:10:00,-13.79649139042172,-13.799102120499334,-13.8404393274924,-13.827917698934847,-13.719582260667858,-13.66115691566984,-13.744977400184755,49,0.4583333333333333,81.31175430298669,556.3845700490554,1.0116083091801007,21.899171826367546
2021-06-25 23:15:00,-13.743461124900604,-13.734139927125996,-13.79225405987338,-13.748454121598364,-13.677224743661084,-13.677736778787146,-13.752009756318737,49,0.4861111111111111,81.92338730807863,555.5100547469376,1.0100182813580683,21.91291439402028
2021-06-25 23:20:00,-13.726162609870988,-13.738635751302429,-13.754494885801384,-13.724192931989544,-13.731074003696442,-13.694342185507988,-13.745388772868662,49,0.5138888888888888,81.92338730807863,555.5100547469376,1.0100182813580683,21.91291439402028
2021-06-25 23:25:00,-13.755583331168166,-13.80995388958077,-13.815825295961108,-13.786678052595684,-13.73990360021526,-13.701728473928847,-13.752422989891228,49,0.5416666666666666,81.3117543029867,556.3845700490554,1.0116083091801007,21.899171826367546
2021-06-25 23:30:00,-13.710873432910883,-13.71651192755834,-13.741551882283758,-13.7028449780064,-13.615262052988369,-13.764150862236036,-13.72015496366959,49,0.5694444444444444,80.09524395594458,558.321757226534,1.0151304676846076,21.86880622268163
2021-06-25 23:35:00,-13.69567917580706,-13.724918622103916,-13.73986036363193,-13.700154074952644,-13.66815234479586,-13.764099280730436,-13.676842752663433,49,0.5972222222222222,78.28732091574973,561.6956771060345,1.0212648674655171,21.816168916637658
2021-06-25 23:40:00,-13.730158242975524,-13.777478430236814,-13.82543003980677,-13.7671820171379,-13.668037565769165,-13.78473601181744,-13.66115691566984,49,0.625,75.90806788230319,567.06508111847,1.0310274202154,21.733044318665424
2021-06-25 23:45:00,-13.724248787723628,-13.76054870951966,-13.823400450035647,-13.755124273214149,-13.683344450247256,-13.813449290148425,-13.677736778787146,49,0.6527777777777778,72.98405557930008,575.1794243398531,1.0457807715270055,21.60889791505997
2021-06-25 23:50:00,-13.740320991710696,-13.765699853104191,-13.790343159902632,-13.761553381604772,-13.704839138203353,-13.836590690048274,-13.694342185507988,49,0.6805555555555556,69.54818229029615,587.000796114409,1.0672741747534709,21.431116276029314
2021-06-25 23:55:00,-13.781112716350997,-13.817099033555907,-13.854618804248858,-13.818383261786222,-13.72704331901073,-13.849058759906098,-13.701728473928847,49,0.7083333333333334,65.63949652769072,603.7532271149208,1.097733140208947,21.185177830703115
2021-06-26 00:00:00,-13.81018348882593,-13.816628792445435,-13.888971476375133,-13.837939194595494,-13.764100879931568,-13.85110704579227,-13.764150862236036,49,0.7361111111111112,61.30302393660706,627.0153502079979,1.1400279094690873,20.854688932533097
2021-06-26 00:05:00,-13.76108996219312,-13.742423727600466,-13.814602023400711,-13.75984845873982,-13.69684606925846,-13.8970904169873,-13.764099280730436,49,0.7638888888888888,56.58963198367853,658.8812958918048,1.1979659925305544,20.42121190802138
2021-06-26 00:10:00,-13.791427709033927,-13.831396115226887,-13.839812149884835,-13.860052802466036,-13.71794610345158,-13.894952372303049,-13.78473601181744,49,0.7916666666666666,51.55598805017223,702.2327649706286,1.276786845401143,19.863792666931527
2021-06-26 00:15:00,-13.828893357007251,-13.837234002791453,-13.918296609059196,-13.873703525175506,-13.819559546909725,-13.874074161845122,-13.813449290148425,49,0.8194444444444444,46.26470858801082,761.2019950774787,1.3840036274135976,19.158055250843958
2021-06-26 00:20:00,-13.842230723524017,-13.840235063865896,-13.919984725774071,-13.87685142176,-13.797136450005576,-13.8299477830045,-13.836590690048274,49,0.8472222222222222,40.784883744963764,841.9816786935072,1.5308757794427403,18.27465717160573
2021-06-26 00:25:00,-13.857460439278393,-13.876570426219,-13.946076012081896,-13.908830704948173,-13.82436008702035,-13.817911817292527,-13.849058759906098,49,0.875,35.19335896718734,954.3017862880093,1.7350941568872897,17.176784347000584
2021-06-26 00:30:00,-13.855305675673218,-13.87465806611463,-13.927118122343202,-13.891042238306303,-13.793383502941907,-13.720758080569214,-13.85110704579227,49,0.9027777777777778,29.577662225059694,1114.256147375883,2.025920267956151,15.816257000944784
2021-06-26 00:35:00,-13.865320978064023,-13.883464115799764,-13.910728491469635,-13.886364255155152,-13.817119776586454,-13.735327762401864,-13.8970904169873,49,0.9305555555555556,24.04301710572996,1349.950291052939,2.4544550746417078,14.128175499124907
2021-06-26 00:40:00,-13.86488215727342,-13.897119060771752,-13.927865821563344,-13.900561264971294,-13.81532500769427,-13.744251130259784,-13.894952372303049,49,0.9583333333333334,18.732096909021678,1712.6296804120188,3.113872146203671,12.028290858350662
2021-06-26 00:45:00,-13.830138087939202,-13.859757702045194,-13.878000404158724,-13.853019399582228,-13.803400346381078,-13.744812595239017,-13.874074161845122,49,0.9861111111111112,13.908664235895909,2288.093132953492,4.160169332642712,9.459771369219304
2021-06-26 00:50:00,-13.795021491970394,-13.802149118689512,-13.81619665954033,-13.779769939851468,-13.772934140074796,-13.764115912422207,-13.8299477830045,50,0.013888888888888888,13.908664235895905,2288.0931329534924,4.160169332642714,9.459771369219304
2021-06-26 00:55:00,-13.81983123664385,-13.860079897863232,-13.875436215987389,-13.849529448413804,-13.739693377957371,-13.779451175451294,-13.817911817292527,50,0.041666666666666664,18.732096909021678,1712.6296804120188,3.113872146203671,12.028290858350662
2021-06-26 01:00:00,-13.647770250143637,-13.675533360653718,-13.667534922315204,-13.594936570056214,-13.556553126015078,-13.88067531520116,-13.720758080569214,50,0.06944444444444445,24.04301710572997,1349.9502910529386,2.454455074641707,14.128175499124909
2021-06-26 01:05:00,-13.797455825009816,-13.853344545339027,-13.742891256846336,-13.863935110363084,-13.78894342276642,-13.865084412602036,-13.735327762401864,50,0.09722222222222222,29.57766222505968,1114.2561473758838,2.0259202679561525,15.81625700094478
2021-06-26 01:10:00,-13.833551306529676,-13.857026741960246,-13.83580981467374,-13.875274522214756,-13.842603250158604,-13.85933313288028,-13.744251130259784,50,0.125,35.193358967187336,954.3017862880095,1.73509415688729,17.176784347000584
2021-06-26 01:15:00,-13.812445311677791,-13.820620724911826,-13.873507695727804,-13.835454588487758,-13.740596374145616,-13.824642186100023,-13.744812595239017,50,0.1527777777777778,40.784883744963764,841.9816786935072,1.5308757794427403,18.27465717160573
2021-06-26 01:20:00,-13.839117078920127,-13.808339846088904,-13.825482813444124,-13.809802588192689,-13.779551081907464,-13.859464441831404,-13.764115912422207,50,0.18055555555555555,46.2647085880108,761.2019950774791,1.3840036274135983,19.15805525084395
2021-06-26 01:25:00,-13.848561262972144,-13.869327134661784,-13.849227315705404,-13.893544871772251,-13.822706774737382,-13.851730647004574,-13.779451175451294,50,0.20833333333333334,51.55598805017222,702.2327649706288,1.2767868454011433,19.863792666931527
2021-06-26 01:30:00,-13.853613837181165,-13.845137152540383,-13.885022874322066,-13.875443572312594,-13.834294935056027,-13.82898910554048,-13.88067531520116,50,0.2361111111111111,56.589631983678515,658.8812958918049,1.1979659925305546,20.421211908021377
2021-06-26 01:35:00,-13.85266998867309,-13.835485443629658,-13.853772216245993,-13.865311382857234,-13.843995078518308,-13.783802659884072,-13.865084412602036,50,0.2638888888888889,61.30302393660706,627.0153502079979,1.1400279094690873,20.854688932533097
2021-06-26 01:40:00,-13.855007991651604,-13.853168746974786,-13.862501848155873,-13.887729275088608,-13.793945607601591,-13.721426357645866,-13.85933313288028,50,0.2916666666666667,65.63949652769072,603.7532271149208,1.097733140208947,21.185177830703115
2021-06-26 01:45:00,-13.772872149223646,-13.76199484692708,-13.776921791711866,-13.763395661308769,-13.743577372284705,-13.764818194330203,-13.824642186100023,50,0.3194444444444444,69.54818229029615,587.000796114409,1.0672741747534709,21.431116276029314
2021-06-26 01:50:00,-13.821405228550674,-13.84995985586572,-13.786569684911706,-13.867563116203772,-13.798802468668448,-13.757279792805312,-13.859464441831404,50,0.3472222222222222,72.98405557930008,575.1794243398531,1.0457807715270055,21.60889791505997
2021-06-26 01:55:00,-13.827300320068767,-13.86780901272436,-13.869754341594756,-13.87657920865096,-13.818926176032324,-13.753141758109074,-13.851730647004574,50,0.375,75.90806788230319,567.06508111847,1.0310274202154,21.733044318665424
2021-06-26 02:00:00,-13.8280625865574,-13.837201392932077,-13.857886902605706,-13.838064630117008,-13.757225885188976,-13.75178612984772,-13.82898910554048,50,0.4027777777777778,78.28732091574973,561.6956771060345,1.0212648674655171,21.816168916637658
2021-06-26 02:05:00,-13.797459314175924,-13.781410231047616,-13.781485969895192,-13.768990568236203,-13.729064549321391,-13.770018214883589,-13.783802659884072,50,0.4305555555555556,80.09524395594458,558.321757226534,1.0151304676846076,21.86880622268163
2021-06-26 02:10:00,-13.746855560146876,-13.750470672952712,-13.73347741400125,-13.724962191348586,-13.676934634037558,-13.779612985529464,-13.721426357645866,50,0.4583333333333333,81.31175430298669,556.3845700490554,1.0116083091801007,21.899171826367546
2021-06-26 02:15:00,-13.765528995618777,-13.805015346090082,-13.810067096059909,-13.79018981105227,-13.771325401888834,-13.708499084452102,-13.764818194330203,50,0.4861111111111111,81.92338730807863,555.5100547469376,1.0100182813580683,21.91291439402028
2021-06-26 02:20:00,-13.799373994076618,-13.8164378455295,-13.83066195715364,-13.825469845376764,-13.756972833417134,-13.698996965704534,-13.757279792805312,50,0.5138888888888888,81.92338730807863,555.5100547469376,1.0100182813580683,21.91291439402028
2021-06-26 02:25:00,-13.804808195828484,-13.82077911978729,-13.816310755271996,-13.837995748162797,-13.754294607666896,-13.63571288421288,-13.753141758109074,50,0.5416666666666666,81.3117543029867,556.3845700490554,1.0116083091801007,21.899171826367546
2021-06-26 02:30:00,-13.79275388291807,-13.779914340477088,-13.783073424167908,-13.77426101179216,-13.754345026117129,-13.573357422473062,-13.75178612984772,50,0.5694444444444444,80.09524395594458,558.321757226534,1.0151304676846076,21.86880622268163
2021-06-26 02:35:00,-13.792642404060985,-13.769829163276038,-13.762769326916349,-13.771624248965818,-13.7742228054233,-13.598468602021695,-13.770018214883589,50,0.5972222222222222,78.28732091574973,561.6956771060345,1.0212648674655171,21.816168916637658
2021-06-26 02:40:00,-13.742596422310372,-13.750012689448956,-13.732179923970138,-13.737248257579402,-13.699976854390842,-13.646295219710495,-13.779612985529464,50,0.625,75.90806788230319,567.06508111847,1.0310274202154,21.733044318665424
2021-06-26 02:45:00,-13.68641712622578,-13.668810034460634,-13.626537424103798,-13.619429440294471,-13.63267815291576,-13.680546647866926,-13.708499084452102,50,0.6527777777777778,72.98405557930008,575.1794243398531,1.0457807715270055,21.60889791505997
2021-06-26 02:50:00,-13.734667815709289,-13.761185671427135,-13.71786570724922,-13.7702385266468,-13.709972690142417,-13.659382180406382,-13.698996965704534,50,0.6805555555555556,69.54818229029615,587.000796114409,1.0672741747534709,21.431116276029314
2021-06-26 02:55:00,-13.685250828840257,-13.671743895519016,-13.690369464594216,-13.636645334778338,-13.60247127888031,-13.697540166164298,-13.63571288421288,50,0.7083333333333334,65.63949652769072,603.7532271149208,1.097733140208947,21.185177830703115
2021-06-26 03:00:00,-13.605746995249822,-13.623454273306844,-13.581481531412528,-13.55043432079682,-13.531895247296388,-13.757671597082638,-13.573357422473062,50,0.7361111111111112,61.30302393660706,627.0153502079979,1.1400279094690873,20.854688932533097
2021-06-26 03:05:00,-13.704446112717893,-13.753258006464772,-13.677590989796682,-13.751927731838858,-13.667937339472768,-13.716756704878794,-13.598468602021695,50,0.7638888888888888,56.58963198367853,658.8812958918048,1.1979659925305544,20.42121190802138
2021-06-26 03:10:00,-13.7606150576097,-13.781543156697802,-13.756996210830044,-13.805068458543612,-13.7113221832867,-13.71582179735887,-13.646295219710495,50,0.7916666666666666,51.55598805017223,702.2327649706286,1.276786845401143,19.863792666931527
2021-06-26 03:15:00,-13.72644751482174,-13.71841506554822,-13.75230380579232,-13.730269547374307,-13.641908858154853,-13.766293559141763,-13.680546647866926,50,0.8194444444444444,46.26470858801082,761.2019950774787,1.3840036274135976,19.158055250843958
2021-06-26 03:20:00,-13.745755745913865,-13.732883580256525,-13.729375695708898,-13.75189961497532,-13.637750906135423,-13.832307884035018,-13.659382180406382,50,0.8472222222222222,40.784883744963764,841.9816786935072,1.5308757794427403,18.27465717160573
2021-06-26 03:25:00,-13.757301454711554,-13.738680185126771,-13.78833665678058,-13.775105593524517,-13.69793250835473,-13.84904753642179,-13.697540166164298,50,0.875,35.19335896718734,954.3017862880093,1.7350941568872897,17.176784347000584
2021-06-26 03:30:00,-13.759864450751138,-13.734388606213187,-13.799423191318713,-13.779859902184237,-13.71317097610076,-13.890069255261247,-13.757671597082638,50,0.9027777777777778,29.577662225059694,1114.256147375883,2.025920267956151,15.816257000944784
2021-06-26 03:35:00,-13.721559803711232,-13.70083356683057,-13.751392493758187,-13.729007923063127,-13.692445649271043,-13.941875579465128,-13.716756704878794,50,0.9305555555555556,24.04301710572996,1349.950291052939,2.4544550746417078,14.128175499124907
2021-06-26 03:40:00,-13.75489227274448,-13.786825057723783,-13.801353107244738,-13.842359706364402,-13.694579884948965,-13.94514109002378,-13.71582179735887,50,0.9583333333333334,18.732096909021678,1712.6296804120188,3.113872146203671,12.028290858350662
2021-06-26 03:45:00,-13.834322761155724,-13.805755832737296,-13.871220576421672,-13.875144289089848,-13.74498748969008,-13.936486853178174,-13.766293559141763,50,0.9861111111111112,13.908664235895909,2288.093132953492,4.160169332642712,9.459771369219304
2021-06-26 03:50:00,-13.85730645074758,-13.877256736557284,-13.86510505683483,-13.975737035156437,-13.835108724897497,-13.916473054546636,-13.832307884035018,51,0.013888888888888888,13.908664235895905,2288.0931329534924,4.160169332642714,9.459771369219304
2021-06-26 03:55:00,-13.827307560088435,-13.835419009714014,-13.871722318507722,-13.868866348820768,-13.750124705253556,-13.943861205743312,-13.84904753642179,51,0.041666666666666664,18.732096909021678,1712.6296804120188,3.113872146203671,12.028290858350662
2021-06-26 04:00:00,-13.863177001797396,-13.880166964140454,-13.844687852448663,-13.90328976378984,-13.80869565024554,-13.960970796966478,-13.890069255261247,51,0.06944444444444445,24.04301710572997,1349.9502910529386,2.454455074641707,14.128175499124909
2021-06-26 04:05:00,-13.879583409744654,-13.86165164683004,-13.86774725694502,-13.890155292282143,-13.819101390323617,-13.97130384608401,-13.941875579465128,51,0.09722222222222222,29.57766222505968,1114.2561473758838,2.0259202679561525,15.81625700094478
2021-06-26 04:10:00,-13.845591372011826,-13.868774935261126,-13.854654132055682,-13.890204925670004,-13.811397922165526,-13.968883033563248,-13.94514109002378,51,0.125,35.193358967187336,954.3017862880095,1.73509415688729,17.176784347000584
2021-06-26 04:15:00,-13.864177607407456,-13.87639988937462,-13.873442855391,-13.904814645683722,-13.856709279968529,-13.941321092818107,-13.936486853178174,51,0.1527777777777778,40.784883744963764,841.9816786935072,1.5308757794427403,18.27465717160573
2021-06-26 04:20:00,-13.901821929761796,-13.923626915849884,-13.932842215645715,-13.96758590698694,-13.8112688230196,-13.778166609872969,-13.916473054546636,51,0.18055555555555555,46.2647085880108,761.2019950774791,1.3840036274135983,19.15805525084395
2021-06-26 04:25:00,-13.927869746875214,-13.946121272012078,-13.989352808052075,-14.001903512993849,-13.85227891130537,-13.612903929151978,-13.943861205743312,51,0.20833333333333334,51.55598805017222,702.2327649706288,1.2767868454011433,19.863792666931527
2021-06-26 04:30:00,-13.926159706566638,-13.977394098244291,-13.944736201373557,-14.0202529793928,-13.906157771099862,-13.592068657244443,-13.960970796966478,51,0.2361111111111111,56.589631983678515,658.8812958918049,1.1979659925305546,20.421211908021377
2021-06-26 04:35:00,-13.92380117566087,-13.95707850276639,-13.951931298029995,-13.987051703005138,-13.870486630331264,-13.587502109335803,-13.97130384608401,51,0.2638888888888889,61.30302393660706,627.0153502079979,1.1400279094690873,20.854688932533097
2021-06-26 04:40:00,-13.892014378136215,-13.930005207759589,-13.9035050162622,-13.923118578464988,-13.829681239790382,-13.60797889123323,-13.968883033563248,51,0.2916666666666667,65.63949652769072,603.7532271149208,1.097733140208947,21.185177830703115
2021-06-26 04:45:00,-13.851808658943428,-13.85867466732728,-13.816184505611728,-13.816362714770593,-13.786286713540504,-13.666359131490232,-13.941321092818107,51,0.3194444444444444,69.54818229029615,587.000796114409,1.0672741747534709,21.431116276029314
2021-06-26 04:50:00,-13.588542644090492,-13.61005287866434,-13.501237602076422,-13.463428358470807,-13.43209189598491,-13.839505888329878,-13.778166609872969,51,0.3472222222222222,72.98405557930008,575.1794243398531,1.0457807715270055,21.60889791505997
2021-06-26 04:55:00,-13.54724109412933,-13.545391459206735,-13.405060919091955,-13.335509975433608,-13.435165735018805,-13.97122435124956,-13.612903929151978,51,0.375,75.90806788230319,567.06508111847,1.0310274202154,21.733044318665424
2021-06-26 05:00:00,-13.765377245969546,-13.77400990335908,-13.586228396517887,-13.832995569598136,-13.755852636638783,-13.984052532125911,-13.592068657244443,51,0.4027777777777778,78.28732091574973,561.6956771060345,1.0212648674655171,21.816168916637658
2021-06-26 05:05:00,-13.735497132339928,-13.7816746946944,-13.62112610546631,-13.804168428146555,-13.739910927464082,-13.964421785780052,-13.587502109335803,51,0.4305555555555556,80.09524395594458,558.321757226534,1.0151304676846076,21.86880622268163
2021-06-26 05:10:00,-13.79402882421322,-13.83127637228581,-13.770567380552295,-13.891425784890512,-13.781582881483786,-13.946718193103717,-13.60797889123323,51,0.4583333333333333,81.31175430298669,556.3845700490554,1.0116083091801007,21.899171826367546
2021-06-26 05:15:00,-13.870936383842334,-13.858747750416375,-13.811441100596088,-13.94895858666041,-13.806008963267498,-13.947871362501765,-13.666359131490232,51,0.4861111111111111,81.92338730807863,555.5100547469376,1.0100182813580683,21.91291439402028
2021-06-26 05:20:00,-13.8917900247556,-13.874133533057432,-13.825932944948187,-13.973527404414243,-13.883819170168248,-13.896567885286537,-13.839505888329878,51,0.5138888888888888,81.92338730807863,555.5100547469376,1.0100182813580683,21.91291439402028
2021-06-26 05:25:00,-13.81750262533744,-13.805237688668504,-13.6771162015188,-13.785489817078268,-13.79199365177633,-13.829243960048142,-13.97122435124956,51,0.5416666666666666,81.3117543029867,556.3845700490554,1.0116083091801007,21.899171826367546
2021-06-26 05:30:00,-13.833247749078453,-13.865646932792604,-13.724066449718205,-13.894591214534689,-13.825285791864667,-13.78921810736812,-13.984052532125911,51,0.5694444444444444,80.09524395594458,558.321757226534,1.0151304676846076,21.86880622268163
2021-06-26 05:35:00,-13.809286075303454,-13.810818426677084,-13.68231962400914,-13.776431476644811,-13.83103800203072,-13.649502112278569,-13.964421785780052,51,0.5972222222222222,78.28732091574973,561.6956771060345,1.0212648674655171,21.816168916637658
2021-06-26 05:40:00,-13.809708206249518,-13.834415707258652,-13.66449466650508,-13.803450764831313,-13.833779905062393,-13.549787127733271,-13.946718193103717,51,0.625,75.90806788230319,567.06508111847,1.0310274202154,21.733044318665424
2021-06-26 05:45:00,-13.815275345230027,-13.906249994853754,-13.68477221701785,-13.864924318030535,-13.838008919764846,-13.43539908390579,-13.947871362501765,51,0.6527777777777778,72.98405557930008,575.1794243398531,1.0457807715270055,21.60889791505997
2021-06-26 05:50:00,-13.719194832386355,-13.873092012309431,-13.6422202953062,-13.724971132336732,-13.710895094817127,-13.335146884085695,-13.896567885286537,51,0.6805555555555556,69.54818229029615,587.000796114409,1.0672741747534709,21.431116276029314
2021-06-26 05:55:00,-13.659270221788953,-13.768477530860018,-13.578442067933873,-13.554628843638495,-13.51437894287989,-13.19035461753399,-13.829243960048142,51,0.7083333333333334,65.63949652769072,603.7532271149208,1.097733140208947,21.185177830703115
2021-06-26 06:00:00,-13.6629788128285,-13.834674417924928,-13.560204727341558,-13.673388638138556,-13.636047902311828,-13.11684469155341,-13.78921810736812,51,0.7361111111111112,61.30302393660706,627.0153502079979,1.1400279094690873,20.854688932533097
2021-06-26 06:05:00,-13.44083594978136,-13.555293408314943,-13.352487705254353,-13.157702594044189,-13.292676856010194,-13.145818523363364,-13.649502112278569,51,0.7638888888888888,56.58963198367853,658.8812958918048,1.1979659925305544,20.42121190802138
2021-06-26 06:10:00,-13.41567081900181,-13.58972888499127,-13.279477427860158,-13.242582345774329,-13.377193959807284,-13.181188868937236,-13.549787127733271,51,0.7916666666666666,51.55598805017223,702.2327649706286,1.276786845401143,19.863792666931527
2021-06-26 06:15:00,-13.410809298444386,-13.552791490573412,-13.284231111377618,-13.284026370018154,-13.312838420826324,-13.166746396285536,-13.43539908390579,51,0.8194444444444444,46.26470858801082,761.2019950774787,1.3840036274135976,19.158055250843958
2021-06-26 06:20:00,-13.321811262151988,-13.455979792490584,-13.180955821717736,-13.17777233563896,-13.238890226506442,-13.200316012308456,-13.335146884085695,51,0.8472222222222222,40.784883744963764,841.9816786935072,1.5308757794427403,18.27465717160573
2021-06-26 06:25:00,-13.186492663105891,-13.21542958003112,-13.032715633910987,-13.221053376761237,-12.894446668696578,-13.3433829298353,-13.19035461753399,51,0.875,35.19335896718734,954.3017862880093,1.7350941568872897,17.176784347000584
2021-06-26 06:30:00,-13.277521110577265,-13.40345501538348,-13.044080138682238,-13.308250545389862,-13.1840840626665,-13.351096124043911,-13.11684469155341,51,0.9027777777777778,29.577662225059694,1114.256147375883,2.025920267956151,15.816257000944784
2021-06-26 06:35:00,-13.234220239360951,-13.343961398580856,-13.10720892320579,-13.103406371830648,-13.19769079280665,-13.42351247994499,-13.145818523363364,51,0.9305555555555556,24.04301710572996,1349.950291052939,2.4544550746417078,14.128175499124907
2021-06-26 06:40:00,-13.226574836742142,-13.436739017833167,-13.11045146342091,-13.222748995183242,-13.229593023576644,-13.453206657366634,-13.181188868937236,51,0.9583333333333334,18.732096909021678,1712.6296804120188,3.113872146203671,12.028290858350662
2021-06-26 06:45:00,-13.217631202644425,-13.36953240680136,-13.11633727957244,-13.136459998339252,-13.15690383669336,-13.548975365969604,-13.166746396285536,51,0.9861111111111112,13.908664235895909,2288.093132953492,4.160169332642712,9.459771369219304
2021-06-26 06:50:00,-13.182106548699512,-13.393910574986242,-13.063367492930496,-13.145126272807923,-13.25185082123652,-13.588295465748264,-13.200316012308456,52,0.013888888888888888,13.908664235895905,2288.0931329534924,4.160169332642714,9.459771369219304
2021-06-26 06:55:00,-13.267983678561064,-13.409503399879412,-13.104653225338645,-13.202037247024958,-13.283552773872026,-13.637663604291811,-13.3433829298353,52,0.041666666666666664,18.732096909021678,1712.6296804120188,3.113872146203671,12.028290858350662
2021-06-26 07:00:00,-13.229110326522257,-13.423206406811696,-13.138219468500996,-13.246566988005627,-13.242471273986618,-13.563689960866643,-13.351096124043911,52,0.06944444444444445,24.04301710572997,1349.9502910529386,2.454455074641707,14.128175499124909
2021-06-26 07:05:00,-13.311126214327125,-13.509491155163696,-13.223111693999964,-13.368503486517843,-13.285380413616569,-13.504611621157787,-13.42351247994499,52,0.09722222222222222,29.57766222505968,1114.2561473758838,2.0259202679561525,15.81625700094478
2021-06-26 07:10:00,-13.393454673262326,-13.55893442342492,-13.336317135859474,-13.458870199099016,-13.296645026469838,-13.405114833977391,-13.453206657366634,52,0.125,35.193358967187336,954.3017862880095,1.73509415688729,17.176784347000584
2021-06-26 07:15:00,-13.459057189325916,-13.623260738995148,-13.366546631321844,-13.545276838993544,-13.416024082531855,-13.314017191980676,-13.548975365969604,52,0.1527777777777778,40.784883744963764,841.9816786935072,1.5308757794427403,18.27465717160573
2021-06-26 07:20:00,-13.408505867286708,-13.590764500984148,-13.310136177982724,-13.450707971019842,-13.42641529168692,-13.238750398174744,-13.588295465748264,52,0.18055555555555555,46.2647085880108,761.2019950774791,1.3840036274135983,19.15805525084395
2021-06-26 07:25:00,-13.438392544910062,-13.646683955779462,-13.357685341544228,-13.551975165625636,-13.443790662869118,-13.08329984860984,-13.637663604291811,52,0.20833333333333334,51.55598805017222,702.2327649706288,1.2767868454011433,19.863792666931527
2021-06-26 07:30:00,-13.235937926758576,-13.4262895851783,-13.208759939667022,-13.047178140191416,-13.152674327692376,-13.140628301551462,-13.563689960866643,52,0.2361111111111111,56.589631983678515,658.8812958918049,1.1979659925305546,20.421211908021377
2021-06-26 07:35:00,-13.233648626723628,-13.485412835792156,-13.142145768967367,-13.162689775465104,-13.324813413360594,-13.166051819619357,-13.504611621157787,52,0.2638888888888889,61.30302393660706,627.0153502079979,1.1400279094690873,20.854688932533097
2021-06-26 07:40:00,-13.235263848943273,-13.411582278414638,-13.159155104817753,-13.1261756230889,-13.25615764434314,-13.20180815419371,-13.405114833977391,52,0.2916666666666667,65.63949652769072,603.7532271149208,1.097733140208947,21.185177830703115
2021-06-26 07:45:00,-13.235823249499225,-13.450355054299404,-13.19953772473212,-13.244718704028294,-13.253403180313486,-13.243162128875616,-13.314017191980676,52,0.3194444444444444,69.54818229029615,587.000796114409,1.0672741747534709,21.431116276029314
2021-06-26 07:50:00,-13.2670602707511,-13.390709250925662,-13.193783304760869,-13.16544165169656,-13.219560129973384,-13.323554202389303,-13.238750398174744,52,0.3472222222222222,72.98405557930008,575.1794243398531,1.0457807715270055,21.60889791505997
2021-06-26 07:55:00,-13.131446880783615,-13.23837258194478,-13.045066729475108,-12.902746115501966,-13.04796797109229,-13.477463914394486,-13.08329984860984,52,0.375,75.90806788230319,567.06508111847,1.0310274202154,21.733044318665424
2021-06-26 08:00:00,-13.199826162463554,-13.35488979215899,-13.090818274658774,-13.12934093642754,-13.142583775619212,-13.502282373805476,-13.140628301551462,52,0.4027777777777778,78.28732091574973,561.6956771060345,1.0212648674655171,21.816168916637658
2021-06-26 08:05:00,-13.224028588699866,-13.394587836666744,-13.152233878624257,-13.163782902129746,-13.222131529088008,-13.50456784393544,-13.166051819619357,52,0.4305555555555556,80.09524395594458,558.321757226534,1.0151304676846076,21.86880622268163
2021-06-26 08:10:00,-13.205321947997192,-13.358949170371767,-13.172941439783212,-13.185661427433892,-13.174033083552258,-13.49123775866775,-13.20180815419371,52,0.4583333333333333,81.31175430298669,556.3845700490554,1.0116083091801007,21.899171826367546
2021-06-26 08:15:00,-13.266556304321655,-13.431727633370022,-13.222267606566144,-13.353754374318193,-13.25053853132584,-13.434805671249398,-13.243162128875616,52,0.4861111111111111,81.92338730807863,555.5100547469376,1.0100182813580683,21.91291439402028
2021-06-26 08:20:00,-13.32930161495196,-13.4635754468767,-13.290088243676117,-13.424750399733936,-13.326492545472748,-13.363997810019566,-13.323554202389303,52,0.5138888888888888,81.92338730807863,555.5100547469376,1.0100182813580683,21.91291439402028
2021-06-26 08:25:00,-13.318103965011542,-13.498990086617802,-13.296986659446198,-13.47020607817,-13.335505657590552,-13.336477797420466,-13.477463914394486,52,0.5416666666666666,81.3117543029867,556.3845700490554,1.0116083091801007,21.899171826367546
2021-06-26 08:30:00,-13.30626259300094,-13.452763876385214,-13.245894843769875,-13.368519187765322,-13.371330052711262,-13.318317545591809,-13.502282373805476,52,0.5694444444444444,80.09524395594458,558.321757226534,1.0151304676846076,21.86880622268163
2021-06-26 08:35:00,-13.272001598714104,-13.45882227077814,-13.207122299555149,-13.343409040428329,-13.393975067848851,-13.310713097060168,-13.50456784393544,52,0.5972222222222222,78.28732091574973,561.6956771060345,1.0212648674655171,21.816168916637658
2021-06-26 08:40:00,-13.26807478941101,-13.412067162161431,-13.199112279078255,-13.240261352480584,-13.342729554405558,-13.298405296232149,-13.49123775866775,52,0.625,75.90806788230319,567.06508111847,1.0310274202154,21.733044318665424
2021-06-26 08:45:00,-13.206964065872237,-13.38913312217721,-13.199054475226433,-13.218409257609688,-13.2504277066874,-13.272822614037048,-13.434805671249398,52,0.6527777777777778,72.98405557930008,575.1794243398531,1.0457807715270055,21.60889791505997
2021-06-26 08:50:00,-13.172195485146124,-13.388018735160989,-13.185772848138214,-13.204051571694364,-13.22436224020876,-13.236225346816562,-13.363997810019566,52,0.6805555555555556,69.54818229029615,587.000796114409,1.0672741747534709,21.431116276029314
2021-06-26 08:55:00,-13.256947140865591,-13.47824189013307,-13.30569548720317,-13.380285012060632,-13.233218761459362,-13.177233666544954,-13.336477797420466,52,0.7083333333333334,65.63949652769072,603.7532271149208,1.097733140208947,21.185177830703115
2021-06-26 09:00:00,-13.245470968240758,-13.419786787495664,-13.333059112469758,-13.32237969092524,-13.270383381626884,-13.18881368547602,-13.318317545591809,52,0.7361111111111112,61.30302393660706,627.0153502079979,1.1400279094690873,20.854688932533097
2021-06-26 09:05:00,-13.21566723827248,-13.426014244351029,-13.293629660044603,-13.333237030864783,-13.298858756982206,-13.173318589562893,-13.310713097060168,52,0.7638888888888888,56.58963198367853,658.8812958918048,1.1979659925305544,20.42121190802138
2021-06-26 09:10:00,-13.16324533793834,-13.316853180958692,-13.223660801515903,-13.225356419937908,-13.224818041607746,-13.218965314381457,-13.298405296232149,52,0.7916666666666666,51.55598805017223,702.2327649706286,1.276786845401143,19.863792666931527
2021-06-26 09:15:00,-13.137779775418869,-13.251719222089362,-13.080552886287316,-13.15716107546453,-13.14640551740794,-13.272544614727549,-13.272822614037048,52,0.8194444444444444,46.26470858801082,761.2019950774787,1.3840036274135976,19.158055250843958
2021-06-26 09:20:00,-13.10252620060401,-13.164525213722204,-13.026419840742,-13.04502157385042,-13.10699422318473,-13.341671741009549,-13.236225346816562,52,0.8472222222222222,40.784883744963764,841.9816786935072,1.5308757794427403,18.27465717160573
2021-06-26 09:25:00,-13.14582442586936,-13.222371548393053,-13.084964151766044,-13.148061650100177,-13.082142782976309,-13.374294012089198,-13.177233666544954,52,0.875,35.19335896718734,954.3017862880093,1.7350941568872897,17.176784347000584
2021-06-26 09:30:00,-13.191547330814574,-13.302364863277278,-13.235311098067625,-13.297137565880284,-13.12671845010585,-13.37321451497966,-13.18881368547602,52,0.9027777777777778,29.577662225059694,1114.256147375883,2.025920267956151,15.816257000944784
2021-06-26 09:35:00,-13.225381367475569,-13.293181834366733,-13.261567014862884,-13.262183913968627,-13.171889659736928,-13.384991838984924,-13.173318589562893,52,0.9305555555555556,24.04301710572996,1349.950291052939,2.4544550746417078,14.128175499124907
2021-06-26 09:40:00,-13.22638796282078,-13.365874660347313,-13.248467972929358,-13.347453783545806,-13.170208317819574,-13.344178357940136,-13.218965314381457,52,0.9583333333333334,18.732096909021678,1712.6296804120188,3.113872146203671,12.028290858350662
2021-06-26 09:45:00,-13.23793390422954,-13.367643029709583,-13.316329098904356,-13.352325124652,-13.217165137281809,-13.319152895572172,-13.272544614727549,52,0.9861111111111112,13.908664235895909,2288.093132953492,4.160169332642712,9.459771369219304
2021-06-26 09:50:00,-13.232631331269024,-13.369673405415403,-13.276398907528408,-13.341704175716144,-13.233572126756751,-13.318243764266857,-13.341671741009549,53,0.013888888888888888,13.908664235895905,2288.0931329534924,4.160169332642714,9.459771369219304
2021-06-26 09:55:00,-13.242226421755126,-13.377335291351018,-13.28044940776996,-13.323040975131487,-13.276146524513402,-13.31275806823854,-13.374294012089198,53,0.041666666666666664,18.732096909021678,1712.6296804120188,3.113872146203671,12.028290858350662
2021-06-26 10:00:00,-13.2316402336366,-13.38344449410197,-13.287664407211397,-13.330805983456775,-13.25000374392913,-13.291158807066603,-13.37321451497966,53,0.06944444444444445,24.04301710572997,1349.9502910529386,2.454455074641707,14.128175499124909
2021-06-26 10:05:00,-13.220418842828469,-13.36688225585597,-13.27262996845342,-13.307945941188803,-13.285810177113488,-13.280544007786007,-13.384991838984924,53,0.09722222222222222,29.57766222505968,1114.2561473758838,2.0259202679561525,15.81625700094478
2021-06-26 10:10:00,-13.183990465785705,-13.338059462130255,-13.188949879259694,-13.235218518860275,-13.248789441433262,-13.298072400709248,-13.344178357940136,53,0.125,35.193358967187336,954.3017862880095,1.73509415688729,17.176784347000584
2021-06-26 10:15:00,-13.151069863734891,-13.342638285337069,-13.19040172127642,-13.2291819125802,-13.16321934365085,-13.299504892392278,-13.319152895572172,53,0.1527777777777778,40.784883744963764,841.9816786935072,1.5308757794427403,18.27465717160573
2021-06-26 10:20:00,-13.183971275372125,-13.37951830172443,-13.268786710140372,-13.286033963504616,-13.147843693524086,-13.282201637912037,-13.318243764266857,53,0.18055555555555555,46.2647085880108,761.2019950774791,1.3840036274135983,19.15805525084395
2021-06-26 10:25:00,-13.197683116641215,-13.361447033562966,-13.292466953592532,-13.283744910618932,-13.257036361750565,-13.257952413235325,-13.31275806823854,53,0.20833333333333334,51.55598805017222,702.2327649706288,1.2767868454011433,19.863792666931527
2021-06-26 10:30:00,-13.187459278422804,-13.33857825666167,-13.24991122287455,-13.279675917797016,-13.188857794350875,-13.260959769116704,-13.291158807066603,53,0.2361111111111111,56.589631983678515,658.8812958918049,1.1979659925305546,20.421211908021377
2021-06-26 10:35:00,-13.218950340043584,-13.356324004418369,-13.224585982985309,-13.287327179307246,-13.160588163490278,-13.235500327176108,-13.280544007786007,53,0.2638888888888889,61.30302393660706,627.0153502079979,1.1400279094690873,20.854688932533097
2021-06-26 10:40:00,-13.190155182614644,-13.339840414330553,-13.23842404483829,-13.276235847165715,-13.205725702668431,-13.225427889690314,-13.298072400709248,53,0.2916666666666667,65.63949652769072,603.7532271149208,1.097733140208947,21.185177830703115
2021-06-26 10:45:00,-13.174415583386637,-13.31065872424028,-13.173906514051762,-13.221532410191214,-13.189303099175165,-13.239898740893013,-13.299504892392278,53,0.3194444444444444,69.54818229029615,587.000796114409,1.0672741747534709,21.431116276029314
2021-06-26 10:50:00,-13.176167522764867,-13.31929302288414,-13.184690218048274,-13.244628131091458,-13.147385042639446,-13.219641282161737,-13.282201637912037,53,0.3472222222222222,72.98405557930008,575.1794243398531,1.0457807715270055,21.60889791505997
2021-06-26 10:55:00,-13.151775314968768,-13.280333116130809,-13.16096132980532,-13.208941841526684,-13.18113504855005,-13.199775656784167,-13.257952413235325,53,0.375,75.90806788230319,567.06508111847,1.0310274202154,21.733044318665424
2021-06-26 11:00:00,-13.128328932874863,-13.2939877720083,-13.13501804229316,-13.198461956668856,-13.151822942086117,-13.197078531384191,-13.260959769116704,53,0.4027777777777778,78.28732091574973,561.6956771060345,1.0212648674655171,21.816168916637658
2021-06-26 11:05:00,-13.140738152131034,-13.25190486412126,-13.140996088735424,-13.181938196434896,-13.114286144200612,-13.196839727040617,-13.235500327176108,53,0.4305555555555556,80.09524395594458,558.321757226534,1.0151304676846076,21.86880622268163
2021-06-26 11:10:00,-13.139845216371729,-13.280768174440873,-13.138913696250563,-13.217525800751636,-13.173127063420054,-13.217389897731806,-13.225427889690314,53,0.4583333333333333,81.31175430298669,556.3845700490554,1.0116083091801007,21.899171826367546
2021-06-26 11:15:00,-13.17309781257753,-13.295107391634936,-13.22202792993104,-13.254207723864772,-13.162490515004064,-13.20722037419911,-13.239898740893013,53,0.4861111111111111,81.92338730807863,555.5100547469376,1.0100182813580683,21.91291439402028
2021-06-26 11:20:00,-13.10792952323584,-13.2232380802414,-13.136488783959628,-13.158374316672372,-13.16518418031432,-13.2112306472631,-13.219641282161737,53,0.5138888888888888,81.92338730807863,555.5100547469376,1.0100182813580683,21.91291439402028
2021-06-26 11:25:00,-13.052648658347172,-13.180682011389464,-13.03604014045322,-13.081837684476715,-13.133608477339084,-13.209727863421223,-13.199775656784167,53,0.5416666666666666,81.3117543029867,556.3845700490554,1.0116083091801007,21.899171826367546
2021-06-26 11:30:00,-13.107147688340628,-13.245214176697004,-13.115218071391157,-13.158915370029884,-13.110354290144857,-13.171793882127316,-13.197078531384191,53,0.5694444444444444,80.09524395594458,558.321757226534,1.0151304676846076,21.86880622268163
2021-06-26 11:35:00,-13.118479540332402,-13.215922543969134,-13.099674854062147,-13.149699057600978,-13.140120918646874,-13.155947688874766,-13.196839727040617,53,0.5972222222222222,78.28732091574973,561.6956771060345,1.0212648674655171,21.816168916637658
2021-06-26 11:40:00,-13.130256202849926,-13.28209429426744,-13.17439825386164,-13.22306229322318,-13.19545630175595,-13.132839145289084,-13.217389897731806,53,0.625,75.90806788230319,567.06508111847,1.0310274202154,21.733044318665424
2021-06-26 11:45:00,-13.10204920252093,-13.234614816021784,-13.176266469700357,-13.201889568069518,-13.210032613004204,-13.089800688440327,-13.20722037419911,53,0.6527777777777778,72.98405557930008,575.1794243398531,1.0457807715270055,21.60889791505997
2021-06-26 11:50:00,-13.087986496523488,-13.202114754736044,-13.085439783259066,-13.15201252011121,-13.164984454631131,-13.06716213552913,-13.2112306472631,53,0.6805555555555556,69.54818229029615,587.000796114409,1.0672741747534709,21.431116276029314
2021-06-26 11:55:00,-13.048075495561124,-13.14891205825846,-13.031501811175463,-13.09470764811719,-13.120231188946793,-13.0696413334294,-13.209727863421223,53,0.7083333333333334,65.63949652769072,603.7532271149208,1.097733140208947,21.185177830703115
2021-06-26 12:00:00,-12.987862636228783,-13.115143045583135,-12.99692644302247,-13.032722030715515,-13.043504484427508,-13.052776565361343,-13.171793882127316,53,0.7361111111111112,61.30302393660706,627.0153502079979,1.1400279094690873,20.854688932533097
2021-06-26 12:05:00,-13.0064966150473,-13.089393832286692,-12.981225486309086,-13.011554568387398,-13.039570071649942,-13.046313088684574,-13.155947688874766,53,0.7638888888888888,56.58963198367853,658.8812958918048,1.1979659925305544,20.42121190802138
2021-06-26 12:10:00,-13.036838287199975,-13.1296681360847,-13.03727103102628,-12.974463249784488,-13.111017696927156,-13.00177347627146,-13.132839145289084,53,0.7916666666666666,51.55598805017223,702.2327649706286,1.276786845401143,19.863792666931527
2021-06-26 12:15:00,-13.029879756005528,-13.065155687021925,-13.016280876489118,-12.965729808868272,-13.060357243948886,-12.990421125428814,-13.089800688440327,53,0.8194444444444444,46.26470858801082,761.2019950774787,1.3840036274135976,19.158055250843958
2021-06-26 12:20:00,-12.972454827621076,-13.053990076953442,-12.969699723910969,-12.93806118686944,-13.027870781390815,-12.994057418039002,-13.06716213552913,53,0.8472222222222222,40.784883744963764,841.9816786935072,1.5308757794427403,18.27465717160573
2021-06-26 12:25:00,-12.992593015024292,-13.047682353010703,-12.99446338251544,-12.922006661323977,-13.058938112864402,-12.961174935127898,-13.0696413334294,53,0.875,35.19335896718734,954.3017862880093,1.7350941568872897,17.176784347000584
2021-06-26 12:30:00,-12.954302499107117,-12.993233745975026,-12.962322987082326,-12.883961375631284,-12.976244527234392,-12.97703680055154,-13.052776565361343,53,0.9027777777777778,29.577662225059694,1114.256147375883,2.025920267956151,15.816257000944784
2021-06-26 12:35:00,-12.981757933056867,-13.000366863619046,-12.904915039306257,-12.91297361734479,-12.96189614576202,-12.955774054912345,-13.046313088684574,53,0.9305555555555556,24.04301710572996,1349.950291052939,2.4544550746417078,14.128175499124907
2021-06-26 12:40:00,-12.942794764067214,-12.967368519056528,-12.930236731876622,-12.894196146570165,-12.971980533641728,-12.957977695919388,-13.00177347627146,53,0.9583333333333334,18.732096909021678,1712.6296804120188,3.113872146203671,12.028290858350662
2021-06-26 12:45:00,-12.909710432896874,-12.93642407526461,-12.9047871032157,-12.889178551251357,-12.941450620977626,-12.969069115290068,-12.990421125428814,53,0.9861111111111112,13.908664235895909,2288.093132953492,4.160169332642712,9.459771369219304
2021-06-26 12:50:00,-12.963922653436413,-12.975160136148128,-12.86251794934056,-12.937935402431316,-12.932531847188413,-12.948088701341618,-12.994057418039002,54,0.013888888888888888,13.908664235895905,2288.0931329534924,4.160169332642714,9.459771369219304
2021-06-26 12:55:00,-12.879199129118671,-12.904837841687096,-12.896774349558692,-12.87246003739591,-12.930602570942842,-12.955403272860806,-12.961174935127898,54,0.041666666666666664,18.732096909021678,1712.6296804120188,3.113872146203671,12.028290858350662
2021-06-26 13:00:00,-12.887308939746198,-12.946388757878886,-12.86687481290442,-12.877772176486834,-12.952944864575253,-12.93519925652372,-12.97703680055154,54,0.06944444444444445,24.04301710572997,1349.9502910529386,2.454455074641707,14.128175499124909
2021-06-26 13:05:00,-12.906142004567448,-12.89021995185167,-12.874329707053835,-12.867665690555125,-12.919876060194085,-12.925291536754516,-12.955774054912345,54,0.09722222222222222,29.57766222505968,1114.2561473758838,2.0259202679561525,15.81625700094478
2021-06-26 13:10:00,-12.875564697397074,-12.912467797135404,-12.8713158235242,-12.87567251262975,-12.969598538093894,-12.882057861062128,-12.957977695919388,54,0.125,35.193358967187336,954.3017862880095,1.73509415688729,17.176784347000584
2021-06-26 13:15:00,-12.914903824034656,-12.924982119765476,-12.882437191570624,-12.899880463379066,-12.975048848162618,-12.848443234796438,-12.969069115290068,54,0.1527777777777778,40.784883744963764,841.9816786935072,1.5308757794427403,18.27465717160573
2021-06-26 13:20:00,-12.90170192439196,-12.902013388441487,-12.873839130299327,-12.897088490813772,-12.947560325287624,-12.81962493256566,-12.948088701341618,54,0.18055555555555555,46.2647085880108,761.2019950774791,1.3840036274135983,19.15805525084395
2021-06-26 13:25:00,-12.871130955873348,-12.885402596774547,-12.849495974363402,-12.872452186772172,-12.945116222583106,-12.808833290716256,-12.955403272860806,54,0.20833333333333334,51.55598805017222,702.2327649706288,1.2767868454011433,19.863792666931527
2021-06-26 13:30:00,-12.885771613159871,-12.88633718146773,-12.868533213554624,-12.871146889731898,-12.926226982187549,-12.792493932911,-12.93519925652372,54,0.2361111111111111,56.589631983678515,658.8812958918049,1.1979659925305546,20.421211908021377
2021-06-26 13:35:00,-12.852406055201383,-12.85057526696089,-12.827244922424663,-12.83290248896009,-12.866067885089626,-12.814496672528524,-12.925291536754516,54,0.2638888888888889,61.30302393660706,627.0153502079979,1.1400279094690873,20.854688932533097
2021-06-26 13:40:00,-12.815400192091689,-12.812471976114626,-12.798572118420507,-12.793279983881924,-12.810093170444382,-12.820222743025164,-12.882057861062128,54,0.2916666666666667,65.63949652769072,603.7532271149208,1.097733140208947,21.185177830703115
2021-06-26 13:45:00,-12.817260208390053,-12.82709015504455,-12.789408928545567,-12.805471072103698,-12.775729013146345,-12.824963705624528,-12.848443234796438,54,0.3194444444444444,69.54818229029615,587.000796114409,1.0672741747534709,21.431116276029314
2021-06-26 13:50:00,-12.794386921829071,-12.802222188506406,-12.7814172843435,-12.786649579683369,-12.796495657518031,-12.873462125901568,-12.81962493256566,54,0.3472222222222222,72.98405557930008,575.1794243398531,1.0457807715270055,21.60889791505997
2021-06-26 13:55:00,-12.811008436866768,-12.825761071999375,-12.790524356796904,-12.80118224727891,-12.85580479375252,-12.86169206372326,-12.808833290716256,54,0.375,75.90806788230319,567.06508111847,1.0310274202154,21.733044318665424
2021-06-26 14:00:00,-12.826287960467312,-12.823774588065715,-12.791860591109984,-12.78851116610648,-12.817566847938007,-12.83025967824583,-12.792493932911,54,0.4027777777777778,78.28732091574973,561.6956771060345,1.0212648674655171,21.816168916637658
2021-06-26 14:05:00,-12.844938890817826,-12.86467706529846,-12.811364273656816,-12.822827987051015,-12.835321934890793,-12.760954430034117,-12.814496672528524,54,0.4305555555555556,80.09524395594458,558.321757226534,1.0151304676846076,21.86880622268163
2021-06-26 14:10:00,-12.79401218538928,-12.796558885109192,-12.802437649243869,-12.745369488093756,-12.823034196767882,-12.71503031651012,-12.820222743025164,54,0.4583333333333333,81.31175430298669,556.3845700490554,1.0116083091801007,21.899171826367546
2021-06-26 14:15:00,-12.844381205768542,-12.834800536582206,-12.79858915718166,-12.806523695365126,-12.854453730483488,-12.693206978183216,-12.824963705624528,54,0.4861111111111111,81.92338730807863,555.5100547469376,1.0100182813580683,21.91291439402028
2021-06-26 14:20:00,-12.856194184689954,-12.89253265001689,-12.8371087368537,-12.820665750815095,-12.916003899955124,-12.62393604010488,-12.873462125901568,54,0.5138888888888888,81.92338730807863,555.5100547469376,1.0100182813580683,21.91291439402028
2021-06-26 14:25:00,-12.817232702130584,-12.8041747905649,-12.817061093310937,-12.763969302160817,-12.877876618858943,-12.650463704787034,-12.86169206372326,54,0.5416666666666666,81.3117543029867,556.3845700490554,1.0116083091801007,21.899171826367546
2021-06-26 14:30:00,-12.75380989720983,-12.742018432751497,-12.72591756151083,-12.725954488518786,-12.783973040363415,-12.685195969109262,-12.83025967824583,54,0.5694444444444444,80.09524395594458,558.321757226534,1.0151304676846076,21.86880622268163
2021-06-26 14:35:00,-12.72960508671001,-12.701135787401316,-12.669730531108035,-12.68351401658784,-12.765011399771158,-12.699428045044767,-12.760954430034117,54,0.5972222222222222,78.28732091574973,561.6956771060345,1.0212648674655171,21.816168916637658
2021-06-26 14:40:00,-12.683682775921836,-12.667316819196731,-12.62534176697624,-12.643169137820188,-12.641079825155884,-12.754513836471723,-12.71503031651012,54,0.625,75.90806788230319,567.06508111847,1.0310274202154,21.733044318665424
2021-06-26 14:45:00,-12.68373121717794,-12.717479455752091,-12.651996786221265,-12.660414224993806,-12.710806099411062,-12.763618699119927,-12.693206978183216,54,0.6527777777777778,72.98405557930008,575.1794243398531,1.0457807715270055,21.60889791505997
2021-06-26 14:50:00,-12.744597277481718,-12.730210310161176,-12.77646191248692,-12.717109277981642,-12.69171349878429,-12.78880384899001,-12.62393604010488,54,0.6805555555555556,69.54818229029615,587.000796114409,1.0672741747534709,21.431116276029314
2021-06-26 14:55:00,-12.783150062384534,-12.82330359530955,-12.736687977599756,-12.773918833770525,-12.84070967258068,-12.779732831253035,-12.650463704787034,54,0.7083333333333334,65.63949652769072,603.7532271149208,1.097733140208947,21.185177830703115
2021-06-26 15:00:00,-12.794685419989444,-12.796615431993004,-12.8049852638762,-12.770946471317547,-12.819386855131691,-12.790431137909104,-12.685195969109262,54,0.7361111111111112,61.30302393660706,627.0153502079979,1.1400279094690873,20.854688932533097
2021-06-26 15:05:00,-12.726208092741928,-12.722153362139297,-12.734166240949376,-12.69774708112041,-12.776788498434447,-12.80168393121219,-12.699428045044767,54,0.7638888888888888,56.58963198367853,658.8812958918048,1.1979659925305544,20.42121190802138
2021-06-26 15:10:00,-12.811372066127788,-12.795403432219526,-12.769330871104913,-12.771163846365956,-12.818964200810711,-12.762755014203142,-12.754513836471723,54,0.7916666666666666,51.55598805017223,702.2327649706286,1.276786845401143,19.863792666931527
2021-06-26 15:15:00,-12.838663334812251,-12.78793039726474,-12.818280382406694,-12.82969327028128,-12.82059916589524,-12.732029650084336,-12.763618699119927,54,0.8194444444444444,46.26470858801082,761.2019950774787,1.3840036274135976,19.158055250843958
2021-06-26 15:20:00,-12.75450365973725,-12.761162154772244,-12.761385167589909,-12.767909210375,-12.833849274182963,-12.69994496500338,-12.78880384899001,54,0.8472222222222222,40.784883744963764,841.9816786935072,1.5308757794427403,18.27465717160573
2021-06-26 15:25:00,-12.832366611198967,-12.807862537800476,-12.811207144876509,-12.81492764269539,-12.857396958399478,-12.649194346157651,-12.779732831253035,54,0.875,35.19335896718734,954.3017862880093,1.7350941568872897,17.176784347000584
2021-06-26 15:30:00,-12.807399359752209,-12.81834735923558,-12.82101426035632,-12.80919755965773,-12.878245423716352,-12.587624986272433,-12.790431137909104,54,0.9027777777777778,29.577662225059694,1114.256147375883,2.025920267956151,15.816257000944784
2021-06-26 15:35:00,-12.769462645278184,-12.75803889345349,-12.790452247364046,-12.74629778073627,-12.793574295042973,-12.612759775845053,-12.80168393121219,54,0.9305555555555556,24.04301710572996,1349.950291052939,2.4544550746417078,14.128175499124907
2021-06-26 15:40:00,-12.75008556130823,-12.725167345737802,-12.719963008787012,-12.70079062256195,-12.711023648917774,-12.6782584601406,-12.762755014203142,54,0.9583333333333334,18.732096909021678,1712.6296804120188,3.113872146203671,12.028290858350662
2021-06-26 15:45:00,-12.731961204275889,-12.716972673097072,-12.67405628294078,-12.6840577449727,-12.685336117281189,-12.73970302418476,-12.732029650084336,54,0.9861111111111112,13.908664235895909,2288.093132953492,4.160169332642712,9.459771369219304
2021-06-26 15:50:00,-12.728926385749617,-12.718543554780384,-12.675600355248244,-12.668760135861174,-12.654877732522262,-12.800078216970189,-12.69994496500338,55,0.013888888888888888,13.908664235895905,2288.0931329534924,4.160169332642714,9.459771369219304
2021-06-26 15:55:00,-12.74987911898029,-12.71510870741167,-12.728383355197977,-12.684715394630922,-12.658150221413129,-12.851885297160056,-12.649194346157651,55,0.041666666666666664,18.732096909021678,1712.6296804120188,3.113872146203671,12.028290858350662
2021-06-26 16:00:00,-12.734765330769784,-12.697136916666972,-12.70042216662115,-12.696555705353498,-12.616180147226045,-12.9093900111428,-12.587624986272433,55,0.06944444444444445,24.04301710572997,1349.9502910529386,2.454455074641707,14.128175499124909
2021-06-26 16:05:00,-12.755000749601823,-12.781548983134458,-12.754059139975338,-12.756717244867696,-12.709172995215123,-12.91483427332361,-12.612759775845053,55,0.09722222222222222,29.57766222505968,1114.2561473758838,2.0259202679561525,15.81625700094478
2021-06-26 16:10:00,-12.883950326605282,-12.863437948461067,-12.854016421664864,-12.881520645787331,-12.89156380335422,-12.918939626163988,-12.6782584601406,55,0.125,35.193358967187336,954.3017862880095,1.73509415688729,17.176784347000584
2021-06-26 16:15:00,-12.851367737520992,-12.868942712435569,-12.90501442238751,-12.857753667481054,-12.898845460406475,-12.906902352014724,-12.73970302418476,55,0.1527777777777778,40.784883744963764,841.9816786935072,1.5308757794427403,18.27465717160573
2021-06-26 16:20:00,-12.89113713649222,-12.882376760301623,-12.891151790989865,-12.879961162996237,-12.941848618524787,-12.92133982352834,-12.800078216970189,55,0.18055555555555555,46.2647085880108,761.2019950774791,1.3840036274135983,19.15805525084395
2021-06-26 16:25:00,-12.839104190949753,-12.847590192812186,-12.859403461521532,-12.827320811787471,-12.9236646549048,-12.932498409346564,-12.851885297160056,55,0.20833333333333334,51.55598805017222,702.2327649706288,1.2767868454011433,19.863792666931527
2021-06-26 16:30:00,-12.894581873883189,-12.86392223956414,-12.868841481380093,-12.879839798168511,-12.91509380912913,-12.940342636280649,-12.9093900111428,55,0.2361111111111111,56.589631983678515,658.8812958918049,1.1979659925305546,20.421211908021377
2021-06-26 16:35:00,-12.89799957023683,-12.877228681118774,-12.879162725485632,-12.880099159515728,-12.91091349737024,-12.923482462281298,-12.91483427332361,55,0.2638888888888889,61.30302393660706,627.0153502079979,1.1400279094690873,20.854688932533097
2021-06-26 16:40:00,-12.88730702070484,-12.91737338385332,-12.894005987017383,-12.872302268935147,-12.971545085711693,-12.90486624913354,-12.918939626163988,55,0.2916666666666667,65.63949652769072,603.7532271149208,1.097733140208947,21.185177830703115
2021-06-26 16:45:00,-12.913422265953258,-12.901174378389353,-12.897864248744686,-12.854052708992366,-12.9280229141351,-12.903107767568857,-12.906902352014724,55,0.3194444444444444,69.54818229029615,587.000796114409,1.0672741747534709,21.431116276029314
2021-06-26 16:50:00,-13.000185731234902,-12.984787329845425,-12.90630192468064,-12.995268158677804,-13.024809648736827,-12.89961435631071,-12.92133982352834,55,0.3472222222222222,72.98405557930008,575.1794243398531,1.0457807715270055,21.60889791505997
2021-06-26 16:55:00,-12.974340663748627,-12.986708883154828,-12.960951861108184,-12.942157118961331,-13.006855068711928,-12.918047330085134,-12.932498409346564,55,0.375,75.90806788230319,567.06508111847,1.0310274202154,21.733044318665424
2021-06-26 17:00:00,-13.010064607230962,-12.99928449381848,-12.988676251611944,-12.979426239653732,-12.988733415783315,-12.936478559276503,-12.940342636280649,55,0.4027777777777778,78.28732091574973,561.6956771060345,1.0212648674655171,21.816168916637658
2021-06-26 17:05:00,-13.000244698142094,-12.953980841947956,-12.924360918001264,-12.881871248828222,-12.915015593655587,-12.939757037902517,-12.923482462281298,55,0.4305555555555556,80.09524395594458,558.321757226534,1.0151304676846076,21.86880622268163
2021-06-26 17:10:00,-13.020631721241442,-12.986173248868909,-12.96694514357578,-12.98344732913265,-12.946932333541303,-12.943467242681386,-12.90486624913354,55,0.4583333333333333,81.31175430298669,556.3845700490554,1.0116083091801007,21.899171826367546
2021-06-26 17:15:00,-13.010431493047014,-12.975093239681287,-12.965252956167111,-12.959074108215445,-12.956447580276349,-12.962099796757077,-12.903107767568857,55,0.4861111111111111,81.92338730807863,555.5100547469376,1.0100182813580683,21.91291439402028
2021-06-26 17:20:00,-13.032666320363358,-13.0303306410548,-13.03605063702792,-13.037084506021529,-13.023980651946411,-12.95261769710004,-12.89961435631071,55,0.5138888888888888,81.92338730807863,555.5100547469376,1.0100182813580683,21.91291439402028
2021-06-26 17:25:00,-13.064517958224814,-13.05675754967349,-13.08879775671953,-13.074825710888076,-13.116839835797249,-12.934376511155914,-12.918047330085134,55,0.5416666666666666,81.3117543029867,556.3845700490554,1.0116083091801007,21.899171826367546
2021-06-26 17:30:00,-13.078114918699866,-13.060498461387253,-13.085168238906864,-13.099681047331986,-13.114993776163304,-12.925968900201235,-12.936478559276503,55,0.5694444444444444,80.09524395594458,558.321757226534,1.0151304676846076,21.86880622268163
2021-06-26 17:35:00,-13.046610830858956,-12.990703880022895,-13.017965009739356,-12.991911755342088,-13.027064406027325,-12.99165460380007,-12.939757037902517,55,0.5972222222222222,78.28732091574973,561.6956771060345,1.0212648674655171,21.816168916637658
2021-06-26 17:40:00,-13.05924312413484,-13.02270664095315,-13.041010079578292,-13.027107351846814,-13.037945225147125,-13.055375470735434,-12.943467242681386,55,0.625,75.90806788230319,567.06508111847,1.0310274202154,21.733044318665424
2021-06-26 17:45:00,-13.095408330824052,-13.047262269795638,-13.090284432244548,-13.04663022480723,-13.073716737594037,-13.108013030611312,-12.962099796757077,55,0.6527777777777778,72.98405557930008,575.1794243398531,1.0457807715270055,21.60889791505997
2021-06-26 17:50:00,-13.099712159063095,-13.046911569260097,-13.109533987193323,-13.105142202892022,-13.087979983413424,-13.125683214522184,-12.95261769710004,55,0.6805555555555556,69.54818229029615,587.000796114409,1.0672741747534709,21.431116276029314
2021-06-26 17:55:00,-13.113585228882677,-13.05089271850171,-13.082495101523865,-13.103937597370294,-13.086214697974835,-13.18235861187429,-12.934376511155914,55,0.7083333333333334,65.63949652769072,603.7532271149208,1.097733140208947,21.185177830703115
2021-06-26 18:00:00,-13.118808045321286,-13.063954036831475,-13.11194090120243,-13.116880368276846,-13.103645321556144,-13.248977711021068,-12.925968900201235,55,0.7361111111111112,61.30302393660706,627.0153502079979,1.1400279094690873,20.854688932533097
2021-06-26 18:05:00,-13.175428604612758,-13.134741310883117,-13.15870491516092,-13.168044773146365,-13.196447428464758,-13.269246495003998,-12.99165460380007,55,0.7638888888888888,56.58963198367853,658.8812958918048,1.1979659925305544,20.42121190802138
2021-06-26 18:10:00,-13.21416145956303,-13.181197119966026,-13.226837890790154,-13.238293753560612,-13.295913450104743,-13.231282826721804,-13.055375470735434,55,0.7916666666666666,51.55598805017223,702.2327649706286,1.276786845401143,19.863792666931527
2021-06-26 18:15:00,-13.254369839244974,-13.206673370237445,-13.265078249944557,-13.293530800338267,-13.3112924294775,-13.22986168936681,-13.108013030611312,55,0.8194444444444444,46.26470858801082,761.2019950774787,1.3840036274135976,19.158055250843958
2021-06-26 18:20:00,-13.236795941780438,-13.155191075117546,-13.21499173571435,-13.238870367336022,-13.214255143672975,-13.310636553478716,-13.125683214522184,55,0.8472222222222222,40.784883744963764,841.9816786935072,1.5308757794427403,18.27465717160573
2021-06-26 18:25:00,-13.287200537115789,-13.22678284133826,-13.225104821985278,-13.2763246755195,-13.328174832372587,-13.286687600621814,-13.18235861187429,55,0.875,35.19335896718734,954.3017862880093,1.7350941568872897,17.176784347000584
2021-06-26 18:30:00,-13.322741866367048,-13.274027329121209,-13.30092780340671,-13.344539239482843,-13.40861056407718,-13.294246835375995,-13.248977711021068,55,0.9027777777777778,29.577662225059694,1114.256147375883,2.025920267956151,15.816257000944784
2021-06-26 18:35:00,-13.310789451645125,-13.267533861963496,-13.3088672700373,-13.379818321555756,-13.376685849993088,-13.27839155575338,-13.269246495003998,55,0.9305555555555556,24.04301710572996,1349.950291052939,2.4544550746417078,14.128175499124907
2021-06-26 18:40:00,-13.270792515429203,-13.207031211407086,-13.245697327891888,-13.258818831332222,-13.24089972449607,-13.301518940836036,-13.231282826721804,55,0.9583333333333334,18.732096909021678,1712.6296804120188,3.113872146203671,12.028290858350662
2021-06-26 18:45:00,-13.318944795890332,-13.281486574268438,-13.287659376996926,-13.268323232575952,-13.338241251046847,-13.287458386491023,-13.22986168936681,55,0.9861111111111112,13.908664235895909,2288.093132953492,4.160169332642712,9.459771369219304
2021-06-26 18:50:00,-13.39337515662059,-13.379073298563636,-13.383153862585797,-13.411528808110033,-13.523783906524145,-13.207181033851263,-13.310636553478716,56,0.013888888888888888,13.908664235895905,2288.0931329534924,4.160169332642714,9.459771369219304
2021-06-26 18:55:00,-13.336516003789328,-13.299474294119976,-13.403133387429436,-13.340044641086951,-13.30874027892923,-13.243865050464064,-13.286687600621814,56,0.041666666666666664,18.732096909021678,1712.6296804120188,3.113872146203671,12.028290858350662
2021-06-26 19:00:00,-13.38959304594355,-13.379628041995876,-13.34001669868172,-13.384921212447663,-13.427118111508022,-13.237579463105936,-13.294246835375995,56,0.06944444444444445,24.04301710572997,1349.9502910529386,2.454455074641707,14.128175499124909
2021-06-26 19:05:00,-13.385421827823825,-13.319314517060068,-13.39946566324791,-13.359107060426908,-13.336766889370544,-13.275639214299774,-13.27839155575338,56,0.09722222222222222,29.57766222505968,1114.2561473758838,2.0259202679561525,15.81625700094478
2021-06-26 19:10:00,-13.364526912983164,-13.315339568895435,-13.36689589684906,-13.322889109176725,-13.325837076543342,-13.31550148324219,-13.301518940836036,56,0.125,35.193358967187336,954.3017862880095,1.73509415688729,17.176784347000584
2021-06-26 19:15:00,-13.3702802571282,-13.319139947347445,-13.38783019565214,-13.356778652655189,-13.321420664544608,-13.319010450365893,-13.287458386491023,56,0.1527777777777778,40.784883744963764,841.9816786935072,1.5308757794427403,18.27465717160573
2021-06-26 19:20:00,-13.340625063868696,-13.275162502031838,-13.381811733035814,-13.323149604502923,-13.239070412859435,-13.34671937223325,-13.207181033851263,56,0.18055555555555555,46.2647085880108,761.2019950774791,1.3840036274135983,19.15805525084395
2021-06-26 19:25:00,-13.403129244044688,-13.353985273293604,-13.40265776320551,-13.406610450490556,-13.371280862738262,-13.36513652845466,-13.243865050464064,56,0.20833333333333334,51.55598805017222,702.2327649706288,1.2767868454011433,19.863792666931527
2021-06-26 19:30:00,-13.417207564060451,-13.351604695740248,-13.45544050873688,-13.414222066350906,-13.39579620902152,-13.384046652963182,-13.237579463105936,56,0.2361111111111111,56.589631983678515,658.8812958918049,1.1979659925305546,20.421211908021377
2021-06-26 19:35:00,-13.40310132344674,-13.375526860718686,-13.492598252339535,-13.423104458314368,-13.44110766859187,-13.351951260503736,-13.275639214299774,56,0.2638888888888889,61.30302393660706,627.0153502079979,1.1400279094690873,20.854688932533097
2021-06-26 19:40:00,-13.45257559806178,-13.394661938813943,-13.498411504739703,-13.434778710172132,-13.447652948041084,-13.33941379985498,-13.31550148324219,56,0.2916666666666667,65.63949652769072,603.7532271149208,1.097733140208947,21.185177830703115
2021-06-26 19:45:00,-13.43285544183445,-13.344225226219743,-13.424980452085862,-13.398624483452508,-13.367594951278408,-13.400015403175203,-13.319010450365893,56,0.3194444444444444,69.54818229029615,587.000796114409,1.0672741747534709,21.431116276029314
2021-06-26 19:50:00,-13.402903553150392,-13.35061924487014,-13.37626503475341,-13.340811007345762,-13.360462165313344,-13.440555086448017,-13.34671937223325,56,0.3472222222222222,72.98405557930008,575.1794243398531,1.0457807715270055,21.60889791505997
2021-06-26 19:55:00,-13.466613852637368,-13.4166046882192,-13.472504255588506,-13.420554481225818,-13.408432020539893,-13.42183831989454,-13.36513652845466,56,0.375,75.90806788230319,567.06508111847,1.0310274202154,21.733044318665424
2021-06-26 20:00:00,-13.47310074852435,-13.437120174474074,-13.508585211637175,-13.455973013637433,-13.482079997558186,-13.425336056264836,-13.384046652963182,56,0.4027777777777778,78.28732091574973,561.6956771060345,1.0212648674655171,21.816168916637658
2021-06-26 20:05:00,-13.43465204253884,-13.387742534277583,-13.421775449482764,-13.414092800015773,-13.394486157992429,-13.434174997206634,-13.351951260503736,56,0.4305555555555556,80.09524395594458,558.321757226534,1.0151304676846076,21.86880622268163
2021-06-26 20:10:00,-13.461909248239191,-13.426997454738776,-13.413873382351374,-13.395637044894317,-13.40470543121852,-13.425451038826225,-13.33941379985498,56,0.4583333333333333,81.31175430298669,556.3845700490554,1.0116083091801007,21.899171826367546
2021-06-26 20:15:00,-13.50583333540572,-13.501747354302069,-13.5065968085643,-13.49081360202906,-13.477695595023928,-13.389762982871108,-13.400015403175203,56,0.4861111111111111,81.92338730807863,555.5100547469376,1.0100182813580683,21.91291439402028
2021-06-26 20:20:00,-13.513069062674552,-13.490540747020088,-13.525571980578862,-13.49515140965761,-13.503188784651591,-13.360040412360275,-13.440555086448017,56,0.5138888888888888,81.92338730807863,555.5100547469376,1.0100182813580683,21.91291439402028
2021-06-26 20:25:00,-13.484082782537609,-13.467248703250569,-13.453070914266917,-13.45924000709168,-13.441222927378906,-13.404383468416082,-13.42183831989454,56,0.5416666666666666,81.3117543029867,556.3845700490554,1.0116083091801007,21.899171826367546
2021-06-26 20:30:00,-13.52652266930632,-13.503145165950466,-13.549424214478211,-13.485827692699957,-13.499309830533734,-13.415142188529456,-13.425336056264836,56,0.5694444444444444,80.09524395594458,558.321757226534,1.0151304676846076,21.86880622268163
2021-06-26 20:35:00,-13.48205115741959,-13.431703544570976,-13.450024537877916,-13.44811041042852,-13.40816832681143,-13.472019276037958,-13.434174997206634,56,0.5972222222222222,78.28732091574973,561.6956771060345,1.0212648674655171,21.816168916637658
2021-06-26 20:40:00,-13.455207766819417,-13.43779515592172,-13.415955796643525,-13.409606430236613,-13.405512591644383,-13.559707855549863,-13.425451038826225,56,0.625,75.90806788230319,567.06508111847,1.0310274202154,21.733044318665424
2021-06-26 20:45:00,-13.46576002279756,-13.460384277260363,-13.474195161818992,-13.407398849379508,-13.410511403618989,-13.59023597274724,-13.389762982871108,56,0.6527777777777778,72.98405557930008,575.1794243398531,1.0457807715270055,21.60889791505997
2021-06-26 20:50:00,-13.462051722521856,-13.443251698933954,-13.448891780101588,-13.397797776427351,-13.383764379425202,-13.661887590667025,-13.360040412360275,56,0.6805555555555556,69.54818229029615,587.000796114409,1.0672741747534709,21.431116276029314
2021-06-26 20:55:00,-13.544250333594242,-13.538475617760062,-13.578111629365438,-13.52829657225828,-13.451157586418088,-13.65737782893676,-13.404383468416082,56,0.7083333333333334,65.63949652769072,603.7532271149208,1.097733140208947,21.185177830703115
2021-06-26 21:00:00,-13.559035936656088,-13.537772120753868,-13.628244934766949,-13.547880004057925,-13.527688759522606,-13.670564056408365,-13.415142188529456,56,0.7361111111111112,61.30302393660706,627.0153502079979,1.1400279094690873,20.854688932533097
2021-06-26 21:05:00,-13.57734490692092,-13.566735522816051,-13.630247439886167,-13.569995988922877,-13.526803078321162,-13.662300140944486,-13.472019276037958,56,0.7638888888888888,56.58963198367853,658.8812958918048,1.1979659925305544,20.42121190802138
2021-06-26 21:10:00,-13.66436944905645,-13.638472631295643,-13.697294485255854,-13.669216351461708,-13.597596419531625,-13.608520119049048,-13.559707855549863,56,0.7916666666666666,51.55598805017223,702.2327649706286,1.276786845401143,19.863792666931527
2021-06-26 21:15:00,-13.62868180743981,-13.574428970643488,-13.619052479511293,-13.627740619420894,-13.577441949353243,-13.600462907600573,-13.59023597274724,56,0.8194444444444444,46.26470858801082,761.2019950774787,1.3840036274135976,19.158055250843958
2021-06-26 21:20:00,-13.657068252674,-13.633144691970855,-13.641019658710915,-13.655213891732364,-13.630917228934802,-13.590354895158688,-13.661887590667025,56,0.8472222222222222,40.784883744963764,841.9816786935072,1.5308757794427403,18.27465717160573
2021-06-26 21:25:00,-13.670208655764077,-13.60760060567548,-13.662782067474694,-13.6323179110535,-13.630391702366463,-13.588975031731088,-13.65737782893676,56,0.875,35.19335896718734,954.3017862880093,1.7350941568872897,17.176784347000584
2021-06-26 21:30:00,-13.6615703963916,-13.63935097265424,-13.659019888659037,-13.635003871121938,-13.644857610583845,-13.604179225689222,-13.670564056408365,56,0.9027777777777778,29.577662225059694,1114.256147375883,2.025920267956151,15.816257000944784
2021-06-26 21:35:00,-13.668002892180985,-13.63066362516999,-13.667259190963671,-13.620813766947048,-13.631713253105511,-13.593350140726042,-13.662300140944486,56,0.9305555555555556,24.04301710572996,1349.950291052939,2.4544550746417078,14.128175499124907
2021-06-26 21:40:00,-13.63098084806347,-13.614530735617718,-13.639003487691111,-13.592283757065784,-13.563011412557266,-13.622029726796816,-13.608520119049048,56,0.9583333333333334,18.732096909021678,1712.6296804120188,3.113872146203671,12.028290858350662
2021-06-26 21:45:00,-13.613602663741098,-13.621628338002656,-13.607996845900484,-13.573868723420423,-13.546994584543938,-13.673064625451032,-13.600462907600573,56,0.9861111111111112,13.908664235895909,2288.093132953492,4.160169332642712,9.459771369219304
2021-06-26 21:50:00,-13.663675061386767,-13.67767829728174,-13.687957840210869,-13.620292369225268,-13.53474125832175,-13.698987428650511,-13.590354895158688,57,0.013888888888888888,13.908664235895905,2288.0931329534924,4.160169332642714,9.459771369219304
2021-06-26 21:55:00,-13.64840833139528,-13.657431506294364,-13.709803043978702,-13.631011145655824,-13.586047323335174,-13.701881851855592,-13.588975031731088,57,0.041666666666666664,18.732096909021678,1712.6296804120188,3.113872146203671,12.028290858350662
2021-06-26 22:00:00,-13.67786759343974,-13.700200175240145,-13.748307489392756,-13.67997557314271,-13.57984118719692,-13.672897727005626,-13.604179225689222,57,0.06944444444444445,24.04301710572997,1349.9502910529386,2.454455074641707,14.128175499124909
2021-06-26 22:05:00,-13.657894283673224,-13.630807435228029,-13.6607975606373,-13.641337972427133,-13.576017104759265,-13.703618133600925,-13.593350140726042,57,0.09722222222222222,29.57766222505968,1114.2561473758838,2.0259202679561525,15.81625700094478
2021-06-26 22:10:00,-13.65868255898754,-13.676695115803442,-13.70180405798962,-13.66023631373095,-13.60955720098311,-13.69897376274993,-13.622029726796816,57,0.125,35.193358967187336,954.3017862880095,1.73509415688729,17.176784347000584
2021-06-26 22:15:00,-13.717314419004463,-13.714565656669354,-13.78207831399446,-13.724269431956422,-13.623922584871156,-13.6820024588101,-13.673064625451032,57,0.1527777777777778,40.784883744963764,841.9816786935072,1.5308757794427403,18.27465717160573
2021-06-26 22:20:00,-13.732242990647505,-13.731582655015456,-13.803479870291913,-13.755705277523573,-13.657647875855178,-13.624637529544476,-13.698987428650511,57,0.18055555555555555,46.2647085880108,761.2019950774791,1.3840036274135983,19.15805525084395
2021-06-26 22:25:00,-13.71573071558531,-13.68514868702187,-13.720590353446855,-13.70512766316394,-13.693450907102582,-13.60001949274126,-13.701881851855592,57,0.20833333333333334,51.55598805017222,702.2327649706288,1.2767868454011433,19.863792666931527
2021-06-26 22:30:00,-13.696979340865518,-13.669676971041282,-13.707151583040137,-13.669707567896673,-13.635050073496458,-13.601422704505383,-13.672897727005626,57,0.2361111111111111,56.589631983678515,658.8812958918049,1.1979659925305546,20.421211908021377
2021-06-26 22:35:00,-13.70692000417804,-13.701912250676289,-13.735596370039262,-13.686439485965243,-13.663716291699588,-13.604446961035093,-13.703618133600925,57,0.2638888888888889,61.30302393660706,627.0153502079979,1.1400279094690873,20.854688932533097
2021-06-26 22:40:00,-13.69371695601817,-13.696179506780652,-13.724021032406055,-13.6777339147633,-13.68012663949691,-13.60434534634135,-13.69897376274993,57,0.2916666666666667,65.63949652769072,603.7532271149208,1.097733140208947,21.185177830703115
2021-06-26 22:45:00,-13.706644127444587,-13.717230110565032,-13.741519723802814,-13.69712669998073,-13.678486644197914,-13.594270858970468,-13.6820024588101,57,0.3194444444444444,69.54818229029615,587.000796114409,1.0672741747534709,21.431116276029314
2021-06-26 22:50:00,-13.666310326779325,-13.655409333644926,-13.66254066079473,-13.652311152681396,-13.607237058173604,-13.610585603616483,-13.624637529544476,57,0.3472222222222222,72.98405557930008,575.1794243398531,1.0457807715270055,21.60889791505997
2021-06-26 22:55:00,-13.660271176315629,-13.637269665725231,-13.64743268786107,-13.616134984195332,-13.561718276714693,-13.656276270120696,-13.60001949274126,57,0.375,75.90806788230319,567.06508111847,1.0310274202154,21.733044318665424
2021-06-26 23:00:00,-13.66152606944386,-13.664347354968402,-13.687055992539795,-13.62792606859943,-13.581548719667357,-13.690788891436547,-13.601422704505383,57,0.4027777777777778,78.28732091574973,561.6956771060345,1.0212648674655171,21.816168916637658
2021-06-26 23:05:00,-13.68750231503753,-13.698594949130468,-13.763775747803251,-13.678734127842178,-13.587593968902642,-13.683285308881755,-13.604446961035093,57,0.4305555555555556,80.09524395594458,558.321757226534,1.0151304676846076,21.86880622268163
2021-06-26 23:10:00,-13.6940330308528,-13.681084538749875,-13.737007592347238,-13.673187778476384,-13.637464285678004,-13.691165808605154,-13.60434534634135,57,0.4583333333333333,81.31175430298669,556.3845700490554,1.0116083091801007,21.899171826367546
2021-06-26 23:15:00,-13.692796543075778,-13.676174239791642,-13.72444518416082,-13.667671857546672,-13.606276498013704,-13.709536587993735,-13.594270858970468,57,0.4861111111111111,81.92338730807863,555.5100547469376,1.0100182813580683,21.91291439402028
2021-06-26 23:20:00,-13.664258915181849,-13.65633280265466,-13.696215751401402,-13.643460228634757,-13.614997646888488,-13.733029375996848,-13.610585603616483,57,0.5138888888888888,81.92338730807863,555.5100547469376,1.0100182813580683,21.91291439402028
2021-06-26 23:25:00,-13.692659622382498,-13.708238794670846,-13.761854176799496,-13.697190798869736,-13.6161105454944,-13.721284668425575,-13.656276270120696,57,0.5416666666666666,81.3117543029867,556.3845700490554,1.0116083091801007,21.899171826367546
2021-06-26 23:30:00,-13.727854811817846,-13.729137840664643,-13.825705858387456,-13.745089198882072,-13.660936095069903,-13.723592228429814,-13.690788891436547,57,0.5694444444444444,80.09524395594458,558.321757226534,1.0151304676846076,21.86880622268163
2021-06-26 23:35:00,-13.712237711396543,-13.702534049577345,-13.75150371092782,-13.718871444841096,-13.67278254090955,-13.74561821461652,-13.683285308881755,57,0.5972222222222222,78.28732091574973,561.6956771060345,1.0212648674655171,21.816168916637658
2021-06-26 23:40:00,-13.72613456569841,-13.7084639414659,-13.76863987796616,-13.71683361191505,-13.686710477866146,-13.739094840588262,-13.691165808605154,57,0.625,75.90806788230319,567.06508111847,1.0310274202154,21.733044318665424
2021-06-26 23:45:00,-13.7347186412289,-13.732225687907391,-13.788410394490954,-13.734880887452832,-13.678711273804185,-13.718512627721664,-13.709536587993735,57,0.6527777777777778,72.98405557930008,575.1794243398531,1.0457807715270055,21.60889791505997
2021-06-26 23:50:00,-13.730424466349415,-13.733960225986031,-13.775479515825548,-13.734146534293044,-13.726934907712176,-13.73150638406794,-13.733029375996848,57,0.6805555555555556,69.54818229029615,587.000796114409,1.0672741747534709,21.431116276029314
2021-06-26 23:55:00,-13.71918478649561,-13.726366580806673,-13.770522486615064,-13.723800473493576,-13.718599653339629,-13.747745297503918,-13.721284668425575,57,0.7083333333333334,65.63949652769072,603.7532271149208,1.097733140208947,21.185177830703115
2021-06-27 00:00:00,-13.753161326515652,-13.766131413370829,-13.82135329812846,-13.766008668729205,-13.68687144472917,-13.74591127549304,-13.723592228429814,57,0.7361111111111112,61.30302393660706,627.0153502079979,1.1400279094690873,20.854688932533097
2021-06-27 00:05:00,-13.766658758527528,-13.767940219826007,-13.845373531741272,-13.785233421522245,-13.733386593915148,-13.716285507534364,-13.74561821461652,57,0.7638888888888888,56.58963198367853,658.8812958918048,1.1979659925305544,20.42121190802138
2021-06-27 00:10:00,-13.736999799876267,-13.729811488663918,-13.780986670225415,-13.744188121735183,-13.71946208797189,-13.751943578468255,-13.739094840588262,57,0.7916666666666666,51.55598805017223,702.2327649706286,1.276786845401143,19.863792666931527
2021-06-27 00:15:00,-13.724867736714456,-13.72622865382167,-13.746808252869757,-13.726063299480694,-13.719340446918515,-13.78278766146382,-13.718512627721664,57,0.8194444444444444,46.26470858801082,761.2019950774787,1.3840036274135976,19.158055250843958
2021-06-27 00:20:00,-13.774437272833284,-13.77993897132832,-13.809425787329618,-13.767029889495676,-13.728056543771544,-13.76145111996148,-13.73150638406794,57,0.8472222222222222,40.784883744963764,841.9816786935072,1.5308757794427403,18.27465717160573
2021-06-27 00:25:00,-13.78837596805204,-13.771998990940338,-13.844691632378613,-13.785932505027974,-13.769426481388386,-13.73881559099424,-13.747745297503918,57,0.875,35.19335896718734,954.3017862880093,1.7350941568872897,17.176784347000584
2021-06-27 00:30:00,-13.7833182763994,-13.780111502924733,-13.851819039212597,-13.802084378307796,-13.72188468869028,-13.729288044948674,-13.74591127549304,57,0.9027777777777778,29.577662225059694,1114.256147375883,2.025920267956151,15.816257000944784
2021-06-27 00:35:00,-13.754192520481912,-13.732278534381628,-13.7728305990706,-13.75792057816069,-13.733340042624016,-13.75416129244526,-13.716285507534364,57,0.9305555555555556,24.04301710572996,1349.950291052939,2.4544550746417078,14.128175499124907
2021-06-27 00:40:00,-13.795600460932924,-13.798593776734023,-13.851717417249755,-13.818182547505971,-13.710619087239946,-13.741014725161731,-13.751943578468255,57,0.9583333333333334,18.732096909021678,1712.6296804120188,3.113872146203671,12.028290858350662
2021-06-27 00:45:00,-13.812118842035805,-13.784042754455989,-13.8713207445653,-13.82169878372573,-13.75871232810292,-13.73097271611202,-13.78278766146382,57,0.9861111111111112,13.908664235895909,2288.093132953492,4.160169332642712,9.459771369219304
2021-06-27 00:50:00,-13.770572265384844,-13.747040942556612,-13.798648596443169,-13.779529827070602,-13.737310451965245,-13.76829657309771,-13.76145111996148,58,0.013888888888888888,13.908664235895905,2288.0931329534924,4.160169332642714,9.459771369219304
2021-06-27 00:55:00,-13.775718756314884,-13.73454740582095,-13.757873823334869,-13.753763818273017,-13.740146533405394,-13.780463004545666,-13.73881559099424,58,0.041666666666666664,18.732096909021678,1712.6296804120188,3.113872146203671,12.028290858350662
2021-06-27 01:00:00,-13.792452418966509,-13.761546258994512,-13.826024680940394,-13.777703161384933,-13.72721312509456,-13.81041950183662,-13.729288044948674,58,0.06944444444444445,24.04301710572997,1349.9502910529386,2.454455074641707,14.128175499124909
2021-06-27 01:05:00,-13.795346333334866,-13.771760950530672,-13.860964027271017,-13.802342285835802,-13.773518342786488,-13.81287738674726,-13.75416129244526,58,0.09722222222222222,29.57766222505968,1114.2561473758838,2.0259202679561525,15.81625700094478
2021-06-27 01:10:00,-13.801178154640905,-13.784852652692178,-13.865253055630497,-13.816882629596778,-13.724349479242171,-13.821600592776228,-13.741014725161731,58,0.125,35.193358967187336,954.3017862880095,1.73509415688729,17.176784347000584
2021-06-27 01:15:00,-13.804834887949196,-13.777399969990052,-13.845749867382192,-13.809167181968393,-13.73771039763015,-13.854645263758496,-13.73097271611202,58,0.1527777777777778,40.784883744963764,841.9816786935072,1.5308757794427403,18.27465717160573
2021-06-27 01:20:00,-13.841807196911509,-13.824797995860894,-13.892649115603676,-13.85806240766084,-13.746513854479558,-13.888727205671325,-13.76829657309771,58,0.18055555555555555,46.2647085880108,761.2019950774791,1.3840036274135983,19.15805525084395
2021-06-27 01:25:00,-13.81994576852128,-13.774124558236991,-13.837711904500068,-13.818571298762954,-13.770917343912732,-13.960182216350129,-13.780463004545666,58,0.20833333333333334,51.55598805017222,702.2327649706288,1.2767868454011433,19.863792666931527
2021-06-27 01:30:00,-13.844430177531732,-13.84647791500328,-13.900802686189447,-13.883274162422484,-13.745821109625584,-13.965099236455924,-13.81041950183662,58,0.2361111111111111,56.589631983678515,658.8812958918049,1.1979659925305546,20.421211908021377
2021-06-27 01:35:00,-13.854736708986858,-13.805013524794743,-13.886127079089094,-13.854711732372817,-13.793554413928335,-14.02259298864182,-13.81287738674726,58,0.2638888888888889,61.30302393660706,627.0153502079979,1.1400279094690873,20.854688932533097
2021-06-27 01:40:00,-13.849059486815705,-13.816974636193413,-13.87393183294438,-13.85844287214832,-13.7636039645253,-14.042286307366515,-13.821600592776228,58,0.2916666666666667,65.63949652769072,603.7532271149208,1.097733140208947,21.185177830703115
2021-06-27 01:45:00,-13.878392411970738,-13.856063854915709,-13.926903480474913,-13.906172076680896,-13.798233850898695,-14.063750028973423,-13.854645263758496,58,0.3194444444444444,69.54818229029615,587.000796114409,1.0672741747534709,21.431116276029314
2021-06-27 01:50:00,-13.93247922606515,-13.924127743158246,-13.981115235792304,-13.985618644332614,-13.868865127612631,-14.032440287684622,-13.888727205671325,58,0.3472222222222222,72.98405557930008,575.1794243398531,1.0457807715270055,21.60889791505997
2021-06-27 01:55:00,-13.985062645713615,-13.962218920945045,-14.00848809281088,-14.03525214849672,-13.949941688287174,-14.034092058919226,-13.960182216350129,58,0.375,75.90806788230319,567.06508111847,1.0310274202154,21.733044318665424
2021-06-27 02:00:00,-13.955843234762565,-13.914168553339431,-13.946816151442142,-13.97105149214539,-13.931141567009242,-14.06116909280478,-13.965099236455924,58,0.4027777777777778,78.28732091574973,561.6956771060345,1.0212648674655171,21.816168916637658
2021-06-27 02:05:00,-13.998601308038312,-13.984217190948645,-13.997390451093976,-14.043983728524342,-13.98452764024402,-14.014591807385733,-14.02259298864182,58,0.4305555555555556,80.09524395594458,558.321757226534,1.0151304676846076,21.86880622268163
2021-06-27 02:10:00,-13.980773995347132,-13.941235864090125,-13.996149587321128,-14.001511505181831,-13.957780972235945,-14.01226063735751,-14.042286307366515,58,0.4583333333333333,81.31175430298669,556.3845700490554,1.0116083091801007,21.899171826367546
2021-06-27 02:15:00,-14.006084231822117,-13.98979255179956,-14.016033763431825,-14.048746731022945,-13.99689969988116,-14.015041735355108,-14.063750028973423,58,0.4861111111111111,81.92338730807863,555.5100547469376,1.0100182813580683,21.91291439402028
2021-06-27 02:20:00,-13.975860348101902,-13.944388641957126,-13.98511521581628,-13.993113140517336,-13.945847704313024,-14.023943644841474,-14.032440287684622,58,0.5138888888888888,81.92338730807863,555.5100547469376,1.0100182813580683,21.91291439402028
2021-06-27 02:25:00,-14.016801554433462,-14.026787454340434,-14.002846925356154,-14.06313744771074,-13.917439698939932,-14.002546566307192,-14.034092058919226,58,0.5416666666666666,81.3117543029867,556.3845700490554,1.0116083091801007,21.899171826367546
2021-06-27 02:30:00,-14.027479158703963,-14.030669415259778,-14.04411649129468,-14.061476779102565,-14.0095108837021,-13.99545495250218,-14.06116909280478,58,0.5694444444444444,80.09524395594458,558.321757226534,1.0151304676846076,21.86880622268163
2021-06-27 02:35:00,-13.966236675530114,-13.957648365840877,-13.982941232721137,-13.983073821033166,-13.961577533875936,-14.02881707944733,-14.014591807385733,58,0.5972222222222222,78.28732091574973,561.6956771060345,1.0212648674655171,21.816168916637658
2021-06-27 02:40:00,-13.992993578425436,-13.989510800301794,-13.97143230554948,-14.014369663810314,-13.876001170132724,-14.022133116549044,-14.01226063735751,58,0.625,75.90806788230319,567.06508111847,1.0310274202154,21.733044318665424
2021-06-27 02:45:00,-14.020687962100686,-14.029073729268536,-14.0428681258147,-14.059197074274408,-13.929553095063078,-13.984557937836374,-14.015041735355108,58,0.6527777777777778,72.98405557930008,575.1794243398531,1.0457807715270055,21.60889791505997
2021-06-27 02:50:00,-14.003024058688805,-13.979097847758895,-14.018567246941428,-14.033806586978985,-13.952363576634152,-13.99887735923007,-14.023943644841474,58,0.6805555555555556,69.54818229029615,587.000796114409,1.0672741747534709,21.431116276029314
2021-06-27 02:55:00,-14.000276572991364,-13.99689959311986,-14.02140946349865,-14.045730405077032,-13.909431510275247,-14.010581418016203,-14.002546566307192,58,0.7083333333333334,65.63949652769072,603.7532271149208,1.097733140208947,21.185177830703115
2021-06-27 03:00:00,-14.038918680546494,-14.01662161977444,-14.053748683247042,-14.08011503214956,-13.941092465209008,-13.99339570481916,-13.99545495250218,58,0.7361111111111112,61.30302393660706,627.0153502079979,1.1400279094690873,20.854688932533097
2021-06-27 03:05:00,-14.03658983662901,-14.0181127113763,-14.046723770667423,-14.087064462435748,-13.972451607274596,-13.97857244783975,-14.02881707944733,58,0.7638888888888888,56.58963198367853,658.8812958918048,1.1979659925305544,20.42121190802138
2021-06-27 03:10:00,-14.009245532619737,-13.967099385351082,-13.998745410598492,-14.028439842438498,-13.922046241415062,-13.996610099094358,-14.022133116549044,58,0.7916666666666666,51.55598805017223,702.2327649706286,1.276786845401143,19.863792666931527
2021-06-27 03:15:00,-13.974441536857643,-13.951092107358196,-13.95655842658515,-14.000221444166888,-13.870944583382684,-14.044359220950122,-13.984557937836374,58,0.8194444444444444,46.26470858801082,761.2019950774787,1.3840036274135976,19.158055250843958
2021-06-27 03:20:00,-14.010076012305744,-13.99495520134511,-14.017281954453496,-14.040172744997776,-13.87054175915574,-14.031876089525271,-13.99887735923007,58,0.8472222222222222,40.784883744963764,841.9816786935072,1.5308757794427403,18.27465717160573
2021-06-27 03:25:00,-14.029991590911395,-14.00370192883925,-14.051253464259068,-14.064251305837328,-13.960948902449164,-14.038403679629242,-14.010581418016203,58,0.875,35.19335896718734,954.3017862880093,1.7350941568872897,17.176784347000584
2021-06-27 03:30:00,-13.993779106021446,-13.97492904727862,-14.023113281461002,-14.031478033825342,-13.911944262322905,-14.0538010788914,-13.99339570481916,58,0.9027777777777778,29.577662225059694,1114.256147375883,2.025920267956151,15.816257000944784
2021-06-27 03:35:00,-13.998746631806627,-13.978522607526743,-14.002422991674267,-14.018129472900656,-13.894163995221389,-14.083023484710026,-13.97857244783975,58,0.9305555555555556,24.04301710572996,1349.950291052939,2.4544550746417078,14.128175499124907
2021-06-27 03:40:00,-14.02529749944339,-13.99326873968149,-14.008871842929777,-14.040273232981631,-13.9011470959605,-14.073311041937224,-13.996610099094358,58,0.9583333333333334,18.732096909021678,1712.6296804120188,3.113872146203671,12.028290858350662
2021-06-27 03:45:00,-14.052658958519354,-14.04408496107796,-14.04867595910376,-14.105401774906095,-13.982594525915731,-14.07221265244704,-14.044359220950122,58,0.9861111111111112,13.908664235895909,2288.093132953492,4.160169332642712,9.459771369219304
2021-06-27 03:50:00,-14.0264691614218,-13.99098362113138,-14.04322291585492,-14.058733073335071,-13.945537255758738,-14.08771804140018,-14.031876089525271,59,0.013888888888888888,13.908664235895905,2288.0931329534924,4.160169332642714,9.459771369219304
2021-06-27 03:55:00,-14.050773762072254,-14.039075878529756,-14.047513427109992,-14.102818047404568,-13.95848052096382,-14.06964113702688,-14.038403679629242,59,0.041666666666666664,18.732096909021678,1712.6296804120188,3.113872146203671,12.028290858350662
2021-06-27 04:00:00,-14.05547081933145,-14.017115682271545,-14.048361934154215,-14.08858003988668,-13.969609303488223,-14.074927921510769,-14.0538010788914,59,0.06944444444444445,24.04301710572997,1349.9502910529386,2.454455074641707,14.128175499124909
2021-06-27 04:05:00,-14.053333239869348,-14.049422108062512,-14.05345158075311,-14.112702273455325,-14.028947167190315,-14.072096056146329,-14.083023484710026,59,0.09722222222222222,29.57766222505968,1114.2561473758838,2.0259202679561525,15.81625700094478
2021-06-27 04:10:00,-14.022869853972336,-14.001936081826477,-14.026366638091051,-14.053749322927494,-13.938624374487508,-14.099782647350608,-14.073311041937224,59,0.125,35.193358967187336,954.3017862880095,1.73509415688729,17.176784347000584
2021-06-27 04:15:00,-14.057702548125649,-14.06815121075421,-14.045383407507783,-14.113746929787474,-13.986381957571082,-14.08807091239904,-14.07221265244704,59,0.1527777777777778,40.784883744963764,841.9816786935072,1.5308757794427403,18.27465717160573
2021-06-27 04:20:00,-14.067626899586626,-14.043381941077689,-14.069032335694144,-14.102678945982472,-13.987612353845613,-14.11102822971041,-14.08771804140018,59,0.18055555555555555,46.2647085880108,761.2019950774791,1.3840036274135983,19.15805525084395
2021-06-27 04:25:00,-14.037634318502857,-14.02937467664097,-14.028016722895371,-14.07916615342702,-13.971355980040912,-14.123645170655426,-14.06964113702688,59,0.20833333333333334,51.55598805017222,702.2327649706288,1.2767868454011433,19.863792666931527
2021-06-27 04:30:00,-14.051842958872683,-14.055113164531535,-14.04576355215504,-14.098096333371554,-13.97505397273841,-14.10999014464109,-14.074927921510769,59,0.2361111111111111,56.589631983678515,658.8812958918049,1.1979659925305546,20.421211908021377
2021-06-27 04:35:00,-14.059561866590796,-14.068807223989106,-14.067722967960078,-14.107155139027157,-13.981517304033256,-14.120670365786175,-14.072096056146329,59,0.2638888888888889,61.30302393660706,627.0153502079979,1.1400279094690873,20.854688932533097
2021-06-27 04:40:00,-14.06970876869657,-14.068671869945137,-14.082661832643137,-14.117435269125412,-14.019251588720362,-14.12833187672184,-14.099782647350608,59,0.2916666666666667,65.63949652769072,603.7532271149208,1.097733140208947,21.185177830703115
2021-06-27 04:45:00,-14.04497540768445,-14.053584201550434,-14.066141619728048,-14.09730138502706,-13.99981553784322,-14.131539874192512,-14.08807091239904,59,0.3194444444444444,69.54818229029615,587.000796114409,1.0672741747534709,21.431116276029314
2021-06-27 04:50:00,-14.082844606794325,-14.098679242831189,-14.091770068151906,-14.153521795118936,-13.985477623869162,-14.129776449642511,-14.11102822971041,59,0.3472222222222222,72.98405557930008,575.1794243398531,1.0457807715270055,21.60889791505997
2021-06-27 04:55:00,-14.071619203445168,-14.068373755698785,-14.087288059830378,-14.123212106988897,-14.015583195781996,-14.119669033266506,-14.123645170655426,59,0.375,75.90806788230319,567.06508111847,1.0310274202154,21.733044318665424
2021-06-27 05:00:00,-14.050957292209432,-14.038145109883947,-14.03694491743307,-14.09109956673186,-13.966801920439297,-14.118816281070188,-14.10999014464109,59,0.4027777777777778,78.28732091574973,561.6956771060345,1.0212648674655171,21.816168916637658
2021-06-27 05:05:00,-14.077700878120783,-14.099789481341366,-14.057876424903268,-14.16140504256064,-13.988593798118474,-14.091903354297155,-14.120670365786175,59,0.4305555555555556,80.09524395594458,558.321757226534,1.0151304676846076,21.86880622268163
2021-06-27 05:10:00,-14.09410408766578,-14.09716577531518,-14.06055552294503,-14.156502938639944,-14.034745870494731,-14.063315802251529,-14.12833187672184,59,0.4583333333333333,81.31175430298669,556.3845700490554,1.0116083091801007,21.899171826367546
2021-06-27 05:15:00,-14.07413343838842,-14.078783701658905,-14.040193156619498,-14.13485714071507,-14.016023819308424,-14.037582853302792,-14.131539874192512,59,0.4861111111111111,81.92338730807863,555.5100547469376,1.0100182813580683,21.91291439402028
2021-06-27 05:20:00,-14.10104159663444,-14.112185506502849,-14.093922534722727,-14.169421227230986,-14.006834635145992,-14.010908003963731,-14.129776449642511,59,0.5138888888888888,81.92338730807863,555.5100547469376,1.0100182813580683,21.91291439402028
2021-06-27 05:25:00,-14.076830214871787,-14.06517157158207,-14.048056690272704,-14.052143783143794,-13.985764956697995,-14.011452313876276,-14.119669033266506,59,0.5416666666666666,81.3117543029867,556.3845700490554,1.0116083091801007,21.899171826367546
2021-06-27 05:30:00,-14.05168710945328,-14.04588203029652,-14.001423229279348,-13.987274893330389,-13.954073413408038,-14.015638499064778,-14.118816281070188,59,0.5694444444444444,80.09524395594458,558.321757226534,1.0151304676846076,21.86880622268163
2021-06-27 05:35:00,-14.06377957057979,-14.046765445263556,-14.0054508900211,-14.000603042633353,-13.92587068730752,-14.009145684316334,-14.091903354297155,59,0.5972222222222222,78.28732091574973,561.6956771060345,1.0212648674655171,21.816168916637658
2021-06-27 05:40:00,-14.055961337933192,-14.03662869360406,-14.023264594964468,-13.983673259770184,-13.941765816114708,-14.010075372625291,-14.063315802251529,59,0.625,75.90806788230319,567.06508111847,1.0310274202154,21.733044318665424
2021-06-27 05:45:00,-14.039308478553307,-14.004437096147702,-13.993813997682503,-13.943880279851358,-13.90162836827206,-14.00129953834089,-14.037582853302792,59,0.6527777777777778,72.98405557930008,575.1794243398531,1.0457807715270055,21.60889791505997
2021-06-27 05:50:00,-14.036448990623864,-14.019291060550207,-13.999611712389855,-13.97637049326299,-13.88795040099058,-13.984018338298077,-14.010908003963731,59,0.6805555555555556,69.54818229029615,587.000796114409,1.0672741747534709,21.431116276029314
2021-06-27 05:55:00,-14.018836668717585,-14.014813275870456,-13.96507271879352,-13.98328910258191,-13.916434790025008,-13.969782744120078,-14.011452313876276,59,0.7083333333333334,65.63949652769072,603.7532271149208,1.097733140208947,21.185177830703115
2021-06-27 06:00:00,-14.031709947065858,-14.009105625377249,-13.960730887720302,-14.005981126963682,-13.933146761694005,-13.969932807339022,-14.015638499064778,59,0.7361111111111112,61.30302393660706,627.0153502079979,1.1400279094690873,20.854688932533097
2021-06-27 06:05:00,-13.995964021837054,-13.978814188237443,-13.945112188097868,-13.966728066423382,-13.863196250363746,-13.96996092420256,-14.009145684316334,59,0.7638888888888888,56.58963198367853,658.8812958918048,1.1979659925305544,20.42121190802138
2021-06-27 06:10:00,-13.986844097621828,-13.97520414960293,-13.937495542023049,-13.963794491866953,-13.858003760593874,-13.984339923107514,-14.010075372625291,59,0.7916666666666666,51.55598805017223,702.2327649706286,1.276786845401143,19.863792666931527
2021-06-27 06:15:00,-13.951008151907487,-13.926960551234846,-13.851133098232529,-13.918311089098536,-13.832449369720615,-13.987836823531769,-14.00129953834089,59,0.8194444444444444,46.26470858801082,761.2019950774787,1.3840036274135976,19.158055250843958
2021-06-27 06:20:00,-13.92053996840708,-13.927697539838634,-13.843131975129207,-13.906188184997752,-13.775782055603324,-13.976254943712112,-13.984018338298077,59,0.8472222222222222,40.784883744963764,841.9816786935072,1.5308757794427403,18.27465717160573
2021-06-27 06:25:00,-13.916966393557647,-13.926485973706905,-13.848646166014056,-13.910639663115852,-13.777898729145177,-13.969903527420117,-13.969782744120078,59,0.875,35.19335896718734,954.3017862880093,1.7350941568872897,17.176784347000584
2021-06-27 06:30:00,-13.942210539411308,-13.952777036820976,-13.891818461459362,-13.974200377326948,-13.780255195627666,-13.934072553767477,-13.969932807339022,59,0.9027777777777778,29.577662225059694,1114.256147375883,2.025920267956151,15.816257000944784
2021-06-27 06:35:00,-13.924139944613383,-13.936657445615612,-13.893844678369916,-13.939540484125038,-13.78766883038788,-13.92832671132957,-13.96996092420256,59,0.9305555555555556,24.04301710572996,1349.950291052939,2.4544550746417078,14.128175499124907
2021-06-27 06:40:00,-13.928433828729023,-13.965793082952352,-13.921320175024778,-13.960684132894482,-13.80923667452667,-13.868667001130577,-13.984339923107514,59,0.9583333333333334,18.732096909021678,1712.6296804120188,3.113872146203671,12.028290858350662
2021-06-27 06:45:00,-13.89236355643428,-13.907409263790791,-13.860747844354362,-13.847471392862534,-13.812263031825136,-13.807934488659509,-13.987836823531769,59,0.9861111111111112,13.908664235895909,2288.093132953492,4.160169332642712,9.459771369219304
2021-06-27 06:50:00,-13.835315487065664,-13.876353547526588,-13.72316418043956,-13.778323447889436,-13.75860387318979,-13.74011513091044,-13.976254943712112,60,0.013888888888888888,13.908664235895905,2288.0931329534924,4.160169332642714,9.459771369219304
2021-06-27 06:55:00,-13.835759250841583,-13.878533898230616,-13.730244599836649,-13.820262817414784,-13.748986364811458,-13.653839814505226,-13.969903527420117,60,0.041666666666666664,18.732096909021678,1712.6296804120188,3.113872146203671,12.028290858350662
2021-06-27 07:00:00,-13.791208967395464,-13.835477638078212,-13.69148612859188,-13.776630940640542,-13.763546044367937,-13.585531958963118,-13.934072553767477,60,0.06944444444444445,24.04301710572997,1349.9502910529386,2.454455074641707,14.128175499124909
2021-06-27 07:05:00,-13.808766305859187,-13.869185738542804,-13.71871476674474,-13.823203573838116,-13.760243316037489,-13.4813424450875,-13.92832671132957,60,0.09722222222222222,29.57766222505968,1114.2561473758838,2.0259202679561525,15.81625700094478
2021-06-27 07:10:00,-13.744816433321732,-13.796405793935248,-13.614434931624736,-13.71758040976728,-13.730387771952534,-13.441043264400829,-13.868667001130577,60,0.125,35.193358967187336,954.3017862880095,1.73509415688729,17.176784347000584
2021-06-27 07:15:00,-13.653674820562983,-13.723826365271515,-13.53007235427157,-13.571272151426164,-13.64498873053847,-13.46003496270527,-13.807934488659509,60,0.1527777777777778,40.784883744963764,841.9816786935072,1.5308757794427403,18.27465717160573
2021-06-27 07:20:00,-13.608744930382718,-13.673903286871935,-13.422081856419643,-13.500835482951796,-13.528562195931748,-13.447951464374198,-13.74011513091044,60,0.18055555555555555,46.2647085880108,761.2019950774791,1.3840036274135983,19.15805525084395
2021-06-27 07:25:00,-13.584684295134036,-13.644363336424998,-13.38179363298664,-13.434916892053575,-13.470494799396182,-13.51353931140195,-13.653839814505226,60,0.20833333333333334,51.55598805017222,702.2327649706288,1.2767868454011433,19.863792666931527
2021-06-27 07:30:00,-13.55916608982094,-13.62289049567154,-13.39290399562164,-13.430357889466642,-13.423847926920606,-13.506978576037248,-13.585531958963118,60,0.2361111111111111,56.589631983678515,658.8812958918049,1.1979659925305546,20.421211908021377
2021-06-27 07:35:00,-13.509838163916765,-13.552252220924178,-13.327834827673746,-13.362525629072078,-13.340205011884102,-13.540170284477227,-13.4813424450875,60,0.2638888888888889,61.30302393660706,627.0153502079979,1.1400279094690873,20.854688932533097
2021-06-27 07:40:00,-13.4923032342589,-13.569644073651132,-13.350629491691803,-13.44677332926575,-13.324859659349691,-13.504394614107367,-13.441043264400829,60,0.2916666666666667,65.63949652769072,603.7532271149208,1.097733140208947,21.185177830703115
2021-06-27 07:45:00,-13.521615960413277,-13.624527565540175,-13.409903198352126,-13.593272463165606,-13.326185484317223,-13.455928937473509,-13.46003496270527,60,0.3194444444444444,69.54818229029615,587.000796114409,1.0672741747534709,21.431116276029314
2021-06-27 07:50:00,-13.46654038933537,-13.534778467725936,-13.37938762761454,-13.425421322761553,-13.354181535478723,-13.492680668214804,-13.447951464374198,60,0.3472222222222222,72.98405557930008,575.1794243398531,1.0457807715270055,21.60889791505997
2021-06-27 07:55:00,-13.469213570332943,-13.633945397002009,-13.365676404218611,-13.619762306740991,-13.395231531101834,-13.451275385754196,-13.51353931140195,60,0.375,75.90806788230319,567.06508111847,1.0310274202154,21.733044318665424
2021-06-27 08:00:00,-13.424269127422376,-13.490137073531466,-13.392952458685032,-13.348060709451762,-13.380592930969492,-13.483346590296518,-13.506978576037248,60,0.4027777777777778,78.28732091574973,561.6956771060345,1.0212648674655171,21.816168916637658
2021-06-27 08:05:00,-13.354647964296143,-13.52719143196954,-13.305235469728473,-13.452476952793774,-13.415030033646437,-13.494939228378335,-13.540170284477227,60,0.4305555555555556,80.09524395594458,558.321757226534,1.0151304676846076,21.86880622268163
2021-06-27 08:10:00,-13.362513664139971,-13.442865266318458,-13.294967624402547,-13.32171570261526,-13.347581487025288,-13.477809875208909,-13.504394614107367,60,0.4583333333333333,81.31175430298669,556.3845700490554,1.0116083091801007,21.899171826367546
2021-06-27 08:15:00,-13.3117119144726,-13.46622222987119,-13.30637497322594,-13.367578741194206,-13.361620292234903,-13.478814174428402,-13.455928937473509,60,0.4861111111111111,81.92338730807863,555.5100547469376,1.0100182813580683,21.91291439402028
2021-06-27 08:20:00,-13.356790021521416,-13.537962265432574,-13.35664112135784,-13.504478201442897,-13.412119473048111,-13.440512042495731,-13.492680668214804,60,0.5138888888888888,81.92338730807863,555.5100547469376,1.0100182813580683,21.91291439402028
2021-06-27 08:25:00,-13.36154885155888,-13.527177284407545,-13.402520849781329,-13.485367802434435,-13.367054813826998,-13.449842225314327,-13.451275385754196,60,0.5416666666666666,81.3117543029867,556.3845700490554,1.0116083091801007,21.899171826367546
2021-06-27 08:30:00,-13.376666434237528,-13.542709305500416,-13.38496817807727,-13.48589640019586,-13.39712664259595,-13.38964092747926,-13.483346590296518,60,0.5694444444444444,80.09524395594458,558.321757226534,1.0151304676846076,21.86880622268163
2021-06-27 08:35:00,-13.426712604984637,-13.558515821819157,-13.44710167796907,-13.53202884601277,-13.399156261443457,-13.330652096693306,-13.494939228378335,60,0.5972222222222222,78.28732091574973,561.6956771060345,1.0212648674655171,21.816168916637658
2021-06-27 08:40:00,-13.32852985502388,-13.405703483978604,-13.310237305647032,-13.210512722260397,-13.268679796275606,-13.359521791433188,-13.477809875208909,60,0.625,75.90806788230319,567.06508111847,1.0310274202154,21.733044318665424
2021-06-27 08:45:00,-13.29908306674825,-13.456049117351206,-13.235930366898678,-13.306938386322914,-13.318183779686215,-13.353335136472356,-13.478814174428402,60,0.6527777777777778,72.98405557930008,575.1794243398531,1.0457807715270055,21.60889791505997
2021-06-27 08:50:00,-13.33805523487882,-13.433046887202265,-13.3059174272439,-13.33654449864586,-13.305939190917483,-13.311636504870137,-13.440512042495731,60,0.6805555555555556,69.54818229029615,587.000796114409,1.0672741747534709,21.431116276029314
2021-06-27 08:55:00,-13.334721249435336,-13.492526931018206,-13.345174122332226,-13.475529658818116,-13.399506806331576,-13.180816749372026,-13.449842225314327,60,0.7083333333333334,65.63949652769072,603.7532271149208,1.097733140208947,21.185177830703115
2021-06-27 09:00:00,-13.324088611793025,-13.369389615801428,-13.320640138086684,-13.249050561901724,-13.259956590246638,-13.206658327692194,-13.38964092747926,60,0.7361111111111112,61.30302393660706,627.0153502079979,1.1400279094690873,20.854688932533097
2021-06-27 09:05:00,-13.270782193312806,-13.382773375679552,-13.25062401589544,-13.2597864352462,-13.247864172734706,-13.216474311469192,-13.330652096693306,60,0.7638888888888888,56.58963198367853,658.8812958918048,1.1979659925305544,20.42121190802138
2021-06-27 09:10:00,-13.280431453102706,-13.403523863238185,-13.273833498148932,-13.308503291859669,-13.28198243105142,-13.23178509218277,-13.359521791433188,60,0.7916666666666666,51.55598805017223,702.2327649706286,1.276786845401143,19.863792666931527
2021-06-27 09:15:00,-13.283400675306186,-13.390962158019889,-13.292462839284166,-13.323848266401084,-13.278480340492589,-13.260056191400771,-13.353335136472356,60,0.8194444444444444,46.26470858801082,761.2019950774787,1.3840036274135976,19.158055250843958
2021-06-27 09:20:00,-13.239194103797894,-13.310996256521436,-13.184955481901486,-13.18319371470539,-13.175007142423532,-13.278050925912275,-13.311636504870137,60,0.8472222222222222,40.784883744963764,841.9816786935072,1.5308757794427403,18.27465717160573
2021-06-27 09:25:00,-13.150214291129304,-13.185734226836772,-13.04388358232493,-12.936432153367294,-13.09142905318564,-13.41467887088515,-13.180816749372026,60,0.875,35.19335896718734,954.3017862880093,1.7350941568872897,17.176784347000584
2021-06-27 09:30:00,-13.21724059049885,-13.33773320453452,-13.17931858867524,-13.20684287550282,-13.21195543429248,-13.437658395284965,-13.206658327692194,60,0.9027777777777778,29.577662225059694,1114.256147375883,2.025920267956151,15.816257000944784
2021-06-27 09:35:00,-13.22207439399302,-13.339835933365832,-13.211383036592782,-13.231203128352664,-13.207774831769749,-13.469752893645596,-13.216474311469192,60,0.9305555555555556,24.04301710572996,1349.950291052939,2.4544550746417078,14.128175499124907
2021-06-27 09:40:00,-13.233101641783737,-13.389980537651878,-13.291917584389134,-13.343628596205551,-13.264750980702,-13.47278861353978,-13.23178509218277,60,0.9583333333333334,18.732096909021678,1712.6296804120188,3.113872146203671,12.028290858350662
2021-06-27 09:45:00,-13.27669416367194,-13.41312189452799,-13.33082015819408,-13.40903843034003,-13.324794513710854,-13.482375293681748,-13.260056191400771,60,0.9861111111111112,13.908664235895909,2288.093132953492,4.160169332642712,9.459771369219304
2021-06-27 09:50:00,-13.262870610934682,-13.326522163265675,-13.247968353419356,-13.28516034900262,-13.202835335618948,-13.519317603084644,-13.278050925912275,61,0.013888888888888888,13.908664235895905,2288.0931329534924,4.160169332642714,9.459771369219304
2021-06-27 09:55:00,-13.322873073550827,-13.470152216614018,-13.274747092679226,-13.482992767046078,-13.348175343096536,-13.481211534119383,-13.41467887088515,61,0.041666666666666664,18.732096909021678,1712.6296804120188,3.113872146203671,12.028290858350662
2021-06-27 10:00:00,-13.312274658812738,-13.43293765645987,-13.272919031327111,-13.413757614727617,-13.36714480523615,-13.466463404156332,-13.437658395284965,61,0.06944444444444445,24.04301710572997,1349.9502910529386,2.454455074641707,14.128175499124909
2021-06-27 10:05:00,-13.315076982570814,-13.442595996475644,-13.34375241798774,-13.44288310168855,-13.355171862586966,-13.445397194884428,-13.469752893645596,61,0.09722222222222222,29.57766222505968,1114.2561473758838,2.0259202679561525,15.81625700094478
2021-06-27 10:10:00,-13.338231088850565,-13.421738413860226,-13.323557982319253,-13.41703916818126,-13.401797909102346,-13.437501560903046,-13.47278861353978,61,0.125,35.193358967187336,954.3017862880095,1.73509415688729,17.176784347000584
2021-06-27 10:15:00,-13.369804465715063,-13.473937323649164,-13.39023414387006,-13.50298113111052,-13.4061943892397,-13.44982823593897,-13.482375293681748,61,0.1527777777777778,40.784883744963764,841.9816786935072,1.5308757794427403,18.27465717160573
2021-06-27 10:20:00,-13.338945829989196,-13.455700306770945,-13.362001265559108,-13.44289477949136,-13.381792033785509,-13.437280256908222,-13.519317603084644,61,0.18055555555555555,46.2647085880108,761.2019950774791,1.3840036274135983,19.15805525084395
2021-06-27 10:25:00,-13.358687938886607,-13.46110898657535,-13.367025083224137,-13.420462236396888,-13.333884213024689,-13.414046444990236,-13.481211534119383,61,0.20833333333333334,51.55598805017222,702.2327649706288,1.2767868454011433,19.863792666931527
2021-06-27 10:30:00,-13.348979610422177,-13.46412298462858,-13.373942478604016,-13.422609614600471,-13.329717668933723,-13.414568307934164,-13.466463404156332,61,0.2361111111111111,56.589631983678515,658.8812958918049,1.1979659925305546,20.421211908021377
2021-06-27 10:35:00,-13.349153923345556,-13.451619112764613,-13.362747947105802,-13.398314710924156,-13.315492367795738,-13.430978659366032,-13.445397194884428,61,0.2638888888888889,61.30302393660706,627.0153502079979,1.1400279094690873,20.854688932533097
2021-06-27 10:40:00,-13.325076525561377,-13.445621818493844,-13.35772078565659,-13.393400067812768,-13.339068692250706,-13.436900043204554,-13.437501560903046,61,0.2916666666666667,65.63949652769072,603.7532271149208,1.097733140208947,21.185177830703115
2021-06-27 10:45:00,-13.355895384793632,-13.525092110839624,-13.436762828112888,-13.536730715413556,-13.336982766985164,-13.379662006914204,-13.44982823593897,61,0.3194444444444444,69.54818229029615,587.000796114409,1.0672741747534709,21.431116276029314
2021-06-27 10:50:00,-13.336740415322716,-13.438381063740849,-13.407101267125238,-13.422440891611958,-13.329600462028944,-13.369163447748614,-13.437280256908222,61,0.3472222222222222,72.98405557930008,575.1794243398531,1.0457807715270055,21.60889791505997
2021-06-27 10:55:00,-13.29034634020062,-13.398139340892769,-13.286463218164812,-13.343480088573164,-13.275376378324644,-13.37191280160374,-13.414046444990236,61,0.375,75.90806788230319,567.06508111847,1.0310274202154,21.733044318665424
2021-06-27 11:00:00,-13.304197035742542,-13.435823936177558,-13.316708051419855,-13.391722389519826,-13.30199644775584,-13.36714750933988,-13.414568307934164,61,0.4027777777777778,78.28732091574973,561.6956771060345,1.0212648674655171,21.816168916637658
2021-06-27 11:05:00,-13.316468578319444,-13.45396318491023,-13.404465311168558,-13.436139772082786,-13.342486126916894,-13.36107620039524,-13.430978659366032,61,0.4305555555555556,80.09524395594458,558.321757226534,1.0151304676846076,21.86880622268163
2021-06-27 11:10:00,-13.333925021729936,-13.448210862089716,-13.378199035911418,-13.4404524068317,-13.353343205168978,-13.350003506215996,-13.436900043204554,61,0.4583333333333333,81.31175430298669,556.3845700490554,1.0116083091801007,21.899171826367546
2021-06-27 11:15:00,-13.288063829501386,-13.394687921181957,-13.300607207194332,-13.367336098767916,-13.29197022718276,-13.34136382210069,-13.379662006914204,61,0.4861111111111111,81.92338730807863,555.5100547469376,1.0100182813580683,21.91291439402028
2021-06-27 11:20:00,-13.264104278302437,-13.385432705375257,-13.267367811666965,-13.33406640564819,-13.28461737660375,-13.337399984022296,-13.369163447748614,61,0.5138888888888888,81.92338730807863,555.5100547469376,1.0100182813580683,21.91291439402028
2021-06-27 11:25:00,-13.273715011883247,-13.376035442986955,-13.27358456068546,-13.308647859641995,-13.284754907901098,-13.344386777462203,-13.37191280160374,61,0.5416666666666666,81.3117543029867,556.3845700490554,1.0116083091801007,21.899171826367546
2021-06-27 11:30:00,-13.249600250945347,-13.392608760779591,-13.289718944520176,-13.331057159801835,-13.315315539765123,-13.341356611157403,-13.36714750933988,61,0.5694444444444444,80.09524395594458,558.321757226534,1.0151304676846076,21.86880622268163
2021-06-27 11:35:00,-13.270473227654117,-13.407262729608371,-13.338066531054087,-13.38504161048561,-13.34509891626445,-13.32860591884499,-13.36107620039524,61,0.5972222222222222,78.28732091574973,561.6956771060345,1.0212648674655171,21.816168916637658
2021-06-27 11:40:00,-13.30004539329849,-13.393714063001218,-13.341400123966386,-13.375322421991669,-13.326566864710806,-13.336506132356886,-13.350003506215996,61,0.625,75.90806788230319,567.06508111847,1.0310274202154,21.733044318665424
2021-06-27 11:45:00,-13.232042738023315,-13.33958884429838,-13.254870607272151,-13.310173482983677,-13.254627078016142,-13.306521445511432,-13.34136382210069,61,0.6527777777777778,72.98405557930008,575.1794243398531,1.0457807715270055,21.60889791505997
2021-06-27 11:50:00,-13.21514784682121,-13.344061584279142,-13.24041411980326,-13.296610323805275,-13.25593247682376,-13.279570646747958,-13.337399984022296,61,0.6805555555555556,69.54818229029615,587.000796114409,1.0672741747534709,21.431116276029314
2021-06-27 11:55:00,-13.238794826889826,-13.36210174587262,-13.245912434982326,-13.310033014971522,-13.295554167763166,-13.216488442591924,-13.344386777462203,61,0.7083333333333334,65.63949652769072,603.7532271149208,1.097733140208947,21.185177830703115
2021-06-27 12:00:00,-13.242299345326742,-13.375008391418584,-13.268400008768475,-13.32108090699503,-13.298241319963356,-13.168966116533053,-13.341356611157403,61,0.7361111111111112,61.30302393660706,627.0153502079979,1.1400279094690873,20.854688932533097
2021-06-27 12:05:00,-13.2437933190242,-13.368922728187131,-13.26441801248814,-13.319568964092127,-13.298624139637958,-13.126919658684631,-13.32860591884499,61,0.7638888888888888,56.58963198367853,658.8812958918048,1.1979659925305544,20.42121190802138
2021-06-27 12:10:00,-13.264477270159174,-13.3936380383756,-13.293592151508966,-13.36027031933028,-13.278475019514277,-13.051135116243136,-13.336506132356886,61,0.7916666666666666,51.55598805017223,702.2327649706286,1.276786845401143,19.863792666931527
2021-06-27 12:15:00,-13.109666982574732,-13.24849253721394,-13.095189269345362,-13.18628456342405,-13.124905421244378,-13.033272592050668,-13.306521445511432,61,0.8194444444444444,46.26470858801082,761.2019950774787,1.3840036274135976,19.158055250843958
2021-06-27 12:20:00,-13.072861484828676,-13.22366932250409,-12.99135709423676,-13.068629184494805,-13.191310852581736,-12.99748575634927,-13.279570646747958,61,0.8472222222222222,40.784883744963764,841.9816786935072,1.5308757794427403,18.27465717160573
2021-06-27 12:25:00,-13.061251313687176,-13.139423803376912,-12.997565483794794,-12.980268233587893,-13.109703735124384,-13.012771007997504,-13.216488442591924,61,0.875,35.19335896718734,954.3017862880093,1.7350941568872897,17.176784347000584
2021-06-27 12:30:00,-13.0153864869106,-13.136383425450738,-12.981101213842942,-12.940053384410458,-13.096147161747009,-12.97290551157644,-13.168966116533053,61,0.9027777777777778,29.577662225059694,1114.256147375883,2.025920267956151,15.816257000944784
2021-06-27 12:35:00,-13.043380008426675,-13.119840137349083,-13.00078551888853,-12.93679031626808,-13.108070340164604,-12.918414913734406,-13.126919658684631,61,0.9305555555555556,24.04301710572996,1349.950291052939,2.4544550746417078,14.128175499124907
2021-06-27 12:40:00,-13.009029691487523,-13.058711279200525,-12.9231886163424,-12.909993113504232,-13.039499910334824,-12.916068275069785,-13.051135116243136,61,0.9583333333333334,18.732096909021678,1712.6296804120188,3.113872146203671,12.028290858350662
2021-06-27 12:45:00,-13.028931051741294,-13.05590266833341,-12.965490161309557,-12.914028624869722,-12.989305057497024,-12.923543348229847,-13.033272592050668,61,0.9861111111111112,13.908664235895909,2288.093132953492,4.160169332642712,9.459771369219304
2021-06-27 12:50:00,-12.955163392691016,-13.002987996704196,-12.9430366795839,-12.848961434115957,-12.969071499553577,-12.914833749948691,-12.99748575634927,62,0.013888888888888888,13.908664235895905,2288.0931329534924,4.160169332642714,9.459771369219304
2021-06-27 12:55:00,-12.979077846418043,-13.02399270673702,-12.907454628856543,-12.887417976187011,-12.993401047741688,-12.860894207740342,-13.012771007997504,62,0.041666666666666664,18.732096909021678,1712.6296804120188,3.113872146203671,12.028290858350662
2021-06-27 13:00:00,-12.885981719112223,-12.922676938057204,-12.917614906099056,-12.84099909890918,-12.915247855812712,-12.893261631581424,-12.97290551157644,62,0.06944444444444445,24.04301710572997,1349.9502910529386,2.454455074641707,14.128175499124909
2021-06-27 13:05:00,-12.84423605645853,-12.868816898510032,-12.820047877650484,-12.815968460944823,-12.856837645072678,-12.92417046768464,-12.918414913734406,62,0.09722222222222222,29.57766222505968,1114.2561473758838,2.0259202679561525,15.81625700094478
2021-06-27 13:10:00,-12.873228991452915,-12.917668433697994,-12.86618355094604,-12.84711804950936,-12.878748794079918,-12.882496100325048,-12.916068275069785,62,0.125,35.193358967187336,954.3017862880095,1.73509415688729,17.176784347000584
2021-06-27 13:15:00,-12.88428237891304,-12.9279929233245,-12.845471744634988,-12.875497647255068,-12.950891781085682,-12.840467349994617,-12.923543348229847,62,0.1527777777777778,40.784883744963764,841.9816786935072,1.5308757794427403,18.27465717160573
2021-06-27 13:20:00,-12.85420966331437,-12.873072369520813,-12.87838103597234,-12.828806731326502,-12.886533588884664,-12.847063734823642,-12.914833749948691,62,0.18055555555555555,46.2647085880108,761.2019950774791,1.3840036274135983,19.15805525084395
2021-06-27 13:25:00,-12.80301719973408,-12.808293751153714,-12.807390055309256,-12.776397479219495,-12.792288537332892,-12.87634028086968,-12.860894207740342,62,0.20833333333333334,51.55598805017222,702.2327649706288,1.2767868454011433,19.863792666931527
2021-06-27 13:30:00,-12.876695943201424,-12.917529090149952,-12.778990569316743,-12.844208840962905,-12.930731728241533,-12.820461053070208,-12.893261631581424,62,0.2361111111111111,56.589631983678515,658.8812958918049,1.1979659925305546,20.421211908021377
2021-06-27 13:35:00,-12.867624402089534,-12.890206190953563,-12.88093876918638,-12.879245593180652,-12.955501609192227,-12.803275165414854,-12.92417046768464,62,0.2638888888888889,61.30302393660706,627.0153502079979,1.1400279094690873,20.854688932533097
2021-06-27 13:40:00,-12.803067036656628,-12.794742099645868,-12.807821781462112,-12.799474998303218,-12.826932467599867,-12.8002058622969,-12.882496100325048,62,0.2916666666666667,65.63949652769072,603.7532271149208,1.097733140208947,21.185177830703115
2021-06-27 13:45:00,-12.76812763217324,-12.796573455471892,-12.780977184191991,-12.770223981322523,-12.82738954835976,-12.807265608384808,-12.840467349994617,62,0.3194444444444444,69.54818229029615,587.000796114409,1.0672741747534709,21.431116276029314
2021-06-27 13:50:00,-12.82287613754328,-12.84865984245484,-12.801764647254778,-12.788817165973985,-12.867000539189773,-12.74216503794196,-12.847063734823642,62,0.3472222222222222,72.98405557930008,575.1794243398531,1.0457807715270055,21.60889791505997
2021-06-27 13:55:00,-12.837684681872274,-12.845392669894975,-12.81956032483993,-12.796136796784022,-12.908341342269628,-12.758759919011714,-12.87634028086968,62,0.375,75.90806788230319,567.06508111847,1.0310274202154,21.733044318665424
2021-06-27 14:00:00,-12.784388367435572,-12.778635604421265,-12.77443377653501,-12.736464845427273,-12.770238403209095,-12.810669871448946,-12.820461053070208,62,0.4027777777777778,78.28732091574973,561.6956771060345,1.0212648674655171,21.816168916637658
2021-06-27 14:05:00,-12.774879750116131,-12.823273529481757,-12.750178373126651,-12.73926077238082,-12.84512032745534,-12.793594008831471,-12.803275165414854,62,0.4305555555555556,80.09524395594458,558.321757226534,1.0151304676846076,21.86880622268163
2021-06-27 14:10:00,-12.780458287039254,-12.757800737406026,-12.760376449668648,-12.688235730620852,-12.826734631881656,-12.819075098140116,-12.8002058622969,62,0.4583333333333333,81.31175430298669,556.3845700490554,1.0116083091801007,21.899171826367546
2021-06-27 14:15:00,-12.775634980119786,-12.786984537886134,-12.758421062830047,-12.747723279548898,-12.829891105999494,-12.796138192450464,-12.807265608384808,62,0.4861111111111111,81.92338730807863,555.5100547469376,1.0100182813580683,21.91291439402028
2021-06-27 14:20:00,-12.726150288890103,-12.683432102894075,-12.70599930787783,-12.692535139249497,-12.68282769761478,-12.85068595446387,-12.74216503794196,62,0.5138888888888888,81.92338730807863,555.5100547469376,1.0100182813580683,21.91291439402028
2021-06-27 14:25:00,-12.837291976227036,-12.869460133768117,-12.723978166683551,-12.83602430402794,-12.881077056469715,-12.823148757721698,-12.758759919011714,62,0.5416666666666666,81.3117543029867,556.3845700490554,1.0116083091801007,21.899171826367546
2021-06-27 14:30:00,-12.83047763482192,-12.865568054541342,-12.830948614093469,-12.844772864663948,-12.964065651093993,-12.798437436608816,-12.810669871448946,62,0.5694444444444444,80.09524395594458,558.321757226534,1.0151304676846076,21.86880622268163
2021-06-27 14:35:00,-12.781930715136006,-12.77951260149044,-12.778331000617165,-12.760148490816386,-12.826962939650526,-12.806990487637346,-12.793594008831471,62,0.5972222222222222,78.28732091574973,561.6956771060345,1.0212648674655171,21.816168916637658
2021-06-27 14:40:00,-12.874013239688018,-12.846831146298198,-12.879479134698684,-12.819172736638317,-12.90189435190271,-12.80910538751976,-12.819075098140116,62,0.625,75.90806788230319,567.06508111847,1.0310274202154,21.733044318665424
2021-06-27 14:45:00,-12.744273308408772,-12.744899259424212,-12.740520652108946,-12.751516468328322,-12.8074824600583,-12.836181490961016,-12.796138192450464,62,0.6527777777777778,72.98405557930008,575.1794243398531,1.0457807715270055,21.60889791505997
2021-06-27 14:50:00,-12.842271655940824,-12.816026508605518,-12.7558388473005,-12.817526315458409,-12.880559729441726,-12.863614826858766,-12.85068595446387,62,0.6805555555555556,69.54818229029615,587.000796114409,1.0672741747534709,21.431116276029314
2021-06-27 14:55:00,-12.79153987859207,-12.803653437547178,-12.803952761472653,-12.76300885103736,-12.855035025556756,-12.82842984323428,-12.823148757721698,62,0.7083333333333334,65.63949652769072,603.7532271149208,1.097733140208947,21.185177830703115
2021-06-27 15:00:00,-12.822180572280038,-12.824307909595651,-12.804687056479668,-12.788917828416142,-12.8819987778494,-12.809601605092809,-12.798437436608816,62,0.7361111111111112,61.30302393660706,627.0153502079979,1.1400279094690873,20.854688932533097
2021-06-27 15:05:00,-12.862796559254129,-12.816076117221378,-12.821344335469954,-12.810151672129429,-12.862501085037715,-12.854281889052766,-12.806990487637346,62,0.7638888888888888,56.58963198367853,658.8812958918048,1.1979659925305544,20.42121190802138
2021-06-27 15:10:00,-12.896440436362342,-12.848216487132683,-12.835485169711786,-12.84901580695444,-12.853886508380182,-12.892603516701056,-12.80910538751976,62,0.7916666666666666,51.55598805017223,702.2327649706286,1.276786845401143,19.863792666931527
2021-06-27 15:15:00,-12.856349859651054,-12.850092536968104,-12.83863036219255,-12.830816956225734,-12.86942324167551,-12.915051764677552,-12.836181490961016,62,0.8194444444444444,46.26470858801082,761.2019950774787,1.3840036274135976,19.158055250843958
2021-06-27 15:20:00,-12.90800510296254,-12.9305708946011,-12.888574692903935,-12.878774264992492,-12.926661150756678,-12.915442086059285,-12.863614826858766,62,0.8472222222222222,40.784883744963764,841.9816786935072,1.5308757794427403,18.27465717160573
2021-06-27 15:25:00,-12.849823025533077,-12.792064911137553,-12.878297063374722,-12.84274722928108,-12.79285936490784,-12.9734195820494,-12.82842984323428,62,0.875,35.19335896718734,954.3017862880093,1.7350941568872897,17.176784347000584
2021-06-27 15:30:00,-12.849948228443514,-12.83299699164689,-12.782985548202635,-12.8600144145067,-12.812549020008127,-13.01139738145432,-12.809601605092809,62,0.9027777777777778,29.577662225059694,1114.256147375883,2.025920267956151,15.816257000944784
2021-06-27 15:35:00,-12.918387872697084,-12.950307722893976,-12.886530913857316,-12.932942870955706,-12.963302628619369,-12.964764821828876,-12.854281889052766,62,0.9305555555555556,24.04301710572996,1349.950291052939,2.4544550746417078,14.128175499124907
2021-06-27 15:40:00,-12.953981495825358,-12.974889717154683,-12.950396784720771,-12.959662614231998,-12.99377305100136,-12.921288823550425,-12.892603516701056,62,0.9583333333333334,18.732096909021678,1712.6296804120188,3.113872146203671,12.028290858350662
2021-06-27 15:45:00,-12.888312249459991,-12.92796245276441,-12.900146337836349,-12.86230115581984,-12.951569609754552,-12.884685203139984,-12.915051764677552,62,0.9861111111111112,13.908664235895909,2288.093132953492,4.160169332642712,9.459771369219304
2021-06-27 15:50:00,-12.943841979121176,-12.959146208981789,-12.918178522730722,-12.902854977484472,-12.97394644613141,-12.851925538875811,-12.915442086059285,63,0.013888888888888888,13.908664235895905,2288.0931329534924,4.160169332642714,9.459771369219304
2021-06-27 15:55:00,-12.970282472803447,-12.96043158093886,-12.934526196381864,-12.910525327640942,-12.987363045795163,-12.824764125323265,-12.9734195820494,63,0.041666666666666664,18.732096909021678,1712.6296804120188,3.113872146203671,12.028290858350662
2021-06-27 16:00:00,-12.98194285886049,-12.974382703224066,-12.934469671890945,-12.93857740899483,-12.988475624560849,-12.818755723135874,-13.01139738145432,63,0.06944444444444445,24.04301710572997,1349.9502910529386,2.454455074641707,14.128175499124909
2021-06-27 16:05:00,-12.878386909401952,-12.89965524462118,-12.867301537919188,-12.826856694542595,-12.893910790935456,-12.840242473239082,-12.964764821828876,63,0.09722222222222222,29.57766222505968,1114.2561473758838,2.0259202679561525,15.81625700094478
2021-06-27 16:10:00,-12.904471682599713,-12.911485974401248,-12.872013831203716,-12.85300520317456,-12.863111165731356,-12.87071411682921,-12.921288823550425,63,0.125,35.193358967187336,954.3017862880095,1.73509415688729,17.176784347000584
2021-06-27 16:15:00,-12.920952002715651,-12.88360633702058,-12.845437550807148,-12.828038649561025,-12.819949017944143,-12.924662789022204,-12.884685203139984,63,0.1527777777777778,40.784883744963764,841.9816786935072,1.5308757794427403,18.27465717160573
2021-06-27 16:20:00,-12.85956024138523,-12.894044267328107,-12.827196655626864,-12.835762035042302,-12.844089918551456,-12.979006841887784,-12.851925538875811,63,0.18055555555555555,46.2647085880108,761.2019950774791,1.3840036274135983,19.15805525084395
2021-06-27 16:25:00,-12.91353665244877,-12.911033483692954,-12.877008630637294,-12.877731353243394,-12.831531479291485,-13.034479494606751,-12.824764125323265,63,0.20833333333333334,51.55598805017222,702.2327649706288,1.2767868454011433,19.863792666931527
2021-06-27 16:30:00,-12.97182026461192,-12.968959579535804,-12.917688469351129,-12.947872314890276,-12.886266958441396,-13.08705073125023,-12.818755723135874,63,0.2361111111111111,56.589631983678515,658.8812958918049,1.1979659925305546,20.421211908021377
2021-06-27 16:35:00,-12.995930344251962,-12.975627023762422,-12.97345296173848,-12.948687384092649,-12.934521137091007,-13.145481004695371,-12.840242473239082,63,0.2638888888888889,61.30302393660706,627.0153502079979,1.1400279094690873,20.854688932533097
2021-06-27 16:40:00,-12.996985293624126,-13.000828692079624,-12.969001425467612,-12.984057991353978,-12.963527854291511,-13.15295104764097,-12.87071411682921,63,0.2916666666666667,65.63949652769072,603.7532271149208,1.097733140208947,21.185177830703115
2021-06-27 16:45:00,-13.037963630498332,-13.027973335608536,-13.019744019231291,-13.042718520685735,-13.028769241663126,-13.163470708992406,-12.924662789022204,63,0.3194444444444444,69.54818229029615,587.000796114409,1.0672741747534709,21.431116276029314
2021-06-27 16:50:00,-13.067963364372618,-13.062115598190248,-13.057804482796543,-13.112778940748337,-13.108391924974043,-13.18209227219486,-12.979006841887784,63,0.3472222222222222,72.98405557930008,575.1794243398531,1.0457807715270055,21.60889791505997
2021-06-27 16:55:00,-13.105983993291492,-13.0748948470183,-13.098134852448473,-13.149243517889447,-13.144522065543894,-13.160920564714647,-13.034479494606751,63,0.375,75.90806788230319,567.06508111847,1.0310274202154,21.733044318665424
2021-06-27 17:00:00,-13.144387092968358,-13.129508035551698,-13.110150813608106,-13.215047446066508,-13.170555082777748,-13.11818269952593,-13.08705073125023,63,0.4027777777777778,78.28732091574973,561.6956771060345,1.0212648674655171,21.816168916637658
2021-06-27 17:05:00,-13.175949217272164,-13.153137579079246,-13.17054109703694,-13.227484113429378,-13.284148752519323,-13.134446284273915,-13.145481004695371,63,0.4305555555555556,80.09524395594458,558.321757226534,1.0151304676846076,21.86880622268163
2021-06-27 17:10:00,-13.149944636742076,-13.104471555830662,-13.102056704228058,-13.11416704733086,-13.165886520375084,-13.160670740421454,-13.15295104764097,63,0.4583333333333333,81.31175430298669,556.3845700490554,1.0116083091801007,21.899171826367546
2021-06-27 17:15:00,-13.191013721011425,-13.147757559380638,-13.16938978852748,-13.157511591276268,-13.192795870752857,-13.164165489193271,-13.163470708992406,63,0.4861111111111111,81.92338730807863,555.5100547469376,1.0100182813580683,21.91291439402028
2021-06-27 17:20:00,-13.225227030028142,-13.19669203578008,-13.204696107903304,-13.238534535098314,-13.260676056297706,-13.17228338305561,-13.18209227219486,63,0.5138888888888888,81.92338730807863,555.5100547469376,1.0100182813580683,21.91291439402028
2021-06-27 17:25:00,-13.196840337644684,-13.139686908279556,-13.16076070275422,-13.107879831695216,-13.153263008167237,-13.227105567983257,-13.160920564714647,63,0.5416666666666666,81.3117543029867,556.3845700490554,1.0116083091801007,21.899171826367546
2021-06-27 17:30:00,-13.212976974899178,-13.148444505726822,-13.155121803257463,-13.134835209989202,-13.11732753398972,-13.280140325805732,-13.11818269952593,63,0.5694444444444444,80.09524395594458,558.321757226534,1.0151304676846076,21.86880622268163
2021-06-27 17:35:00,-13.280620565905654,-13.267392639301216,-13.231481709189849,-13.281808132666232,-13.325536266810424,-13.273614814663237,-13.134446284273915,63,0.5972222222222222,78.28732091574973,561.6956771060345,1.0212648674655171,21.816168916637658
2021-06-27 17:40:00,-13.2962270825231,-13.241927981719169,-13.322801327572773,-13.296804917506648,-13.277992642300111,-13.260826962731793,-13.160670740421454,63,0.625,75.90806788230319,567.06508111847,1.0310274202154,21.733044318665424
2021-06-27 17:45:00,-13.285641941154408,-13.23077621927714,-13.247108346665176,-13.26749161891096,-13.23103436901867,-13.293276149365294,-13.164165489193271,63,0.6527777777777778,72.98405557930008,575.1794243398531,1.0457807715270055,21.60889791505997
2021-06-27 17:50:00,-13.346271290614274,-13.284844031040034,-13.295766047374956,-13.313771467457656,-13.328113931885843,-13.308669826850272,-13.17228338305561,63,0.6805555555555556,69.54818229029615,587.000796114409,1.0672741747534709,21.431116276029314
2021-06-27 17:55:00,-13.365149598289364,-13.297949335097671,-13.355341334292376,-13.339678729329773,-13.335672439730422,-13.324095531972468,-13.227105567983257,63,0.7083333333333334,65.63949652769072,603.7532271149208,1.097733140208947,21.185177830703115
2021-06-27 18:00:00,-13.383866575646628,-13.296194719406143,-13.355319701462518,-13.385038353930575,-13.351239645076408,-13.325916542301409,-13.280140325805732,63,0.7361111111111112,61.30302393660706,627.0153502079979,1.1400279094690873,20.854688932533097
2021-06-27 18:05:00,-13.375740220556484,-13.30399771236624,-13.36280749554068,-13.40310427469974,-13.385527142487458,-13.316709156322457,-13.273614814663237,63,0.7638888888888888,56.58963198367853,658.8812958918048,1.1979659925305544,20.42121190802138
2021-06-27 18:10:00,-13.339817627217178,-13.24976092486926,-13.315353440831949,-13.349114205004716,-13.266995779330903,-13.358936730968164,-13.260826962731793,63,0.7916666666666666,51.55598805017223,702.2327649706286,1.276786845401143,19.863792666931527
2021-06-27 18:15:00,-13.380599131508426,-13.308814807258315,-13.325551706370442,-13.350401212999316,-13.373662465754908,-13.318457635610963,-13.293276149365294,63,0.8194444444444444,46.26470858801082,761.2019950774787,1.3840036274135976,19.158055250843958
2021-06-27 18:20:00,-13.395418056106584,-13.337392839127284,-13.395530530829832,-13.421267644970603,-13.427830635572358,-13.317608023664144,-13.308669826850272,63,0.8472222222222222,40.784883744963764,841.9816786935072,1.5308757794427403,18.27465717160573
2021-06-27 18:25:00,-13.388453128107608,-13.35995893408916,-13.415001982204762,-13.43869917718892,-13.453970137794313,-13.265344575085791,-13.324095531972468,63,0.875,35.19335896718734,954.3017862880093,1.7350941568872897,17.176784347000584
2021-06-27 18:30:00,-13.420004377843718,-13.35128338166043,-13.427469710415073,-13.44484215215156,-13.416991846365946,-13.275496245718578,-13.325916542301409,63,0.9027777777777778,29.577662225059694,1114.256147375883,2.025920267956151,15.816257000944784
2021-06-27 18:35:00,-13.395860933052788,-13.338159734556893,-13.416775707063868,-13.411871495105316,-13.385157886946091,-13.286823910711025,-13.316709156322457,63,0.9305555555555556,24.04301710572996,1349.950291052939,2.4544550746417078,14.128175499124907
2021-06-27 18:40:00,-13.426835925199194,-13.378416468636782,-13.45124037415305,-13.415861778155156,-13.430663816643182,-13.322358305244649,-13.358936730968164,63,0.9583333333333334,18.732096909021678,1712.6296804120188,3.113872146203671,12.028290858350662
2021-06-27 18:45:00,-13.37274766455467,-13.301035491137606,-13.406752873889548,-13.362523942641792,-13.288502272298995,-13.37559308678325,-13.318457635610963,63,0.9861111111111112,13.908664235895909,2288.093132953492,4.160169332642712,9.459771369219304
2021-06-27 18:50:00,-13.429270578078844,-13.385140488656662,-13.393816834165944,-13.398291180860229,-13.422255267975116,-13.393759502805365,-13.317608023664144,64,0.013888888888888888,13.908664235895905,2288.0931329534924,4.160169332642714,9.459771369219304
2021-06-27 18:55:00,-13.389887931363186,-13.30220005050396,-13.409291969141306,-13.333406095500813,-13.276975724838504,-13.447018944752328,-13.265344575085791,64,0.041666666666666664,18.732096909021678,1712.6296804120188,3.113872146203671,12.028290858350662
2021-06-27 19:00:00,-13.421387759513806,-13.376907149626822,-13.38343924002779,-13.363672416203793,-13.401936196385682,-13.460919081051063,-13.275496245718578,64,0.06944444444444445,24.04301710572997,1349.9502910529386,2.454455074641707,14.128175499124909
2021-06-27 19:05:00,-13.428285099457671,-13.37278672911079,-13.459738121898798,-13.368965015964523,-13.395005273218048,-13.45957579934936,-13.286823910711025,64,0.09722222222222222,29.57766222505968,1114.2561473758838,2.0259202679561525,15.81625700094478
2021-06-27 19:10:00,-13.486710895139645,-13.465431628692745,-13.520009170345054,-13.491565699052316,-13.53538052443605,-13.458574132451272,-13.322358305244649,64,0.125,35.193358967187336,954.3017862880095,1.73509415688729,17.176784347000584
2021-06-27 19:15:00,-13.506346526318056,-13.42879152460192,-13.5685280240511,-13.539744046491892,-13.483123952422568,-13.463645253758871,-13.37559308678325,64,0.1527777777777778,40.784883744963764,841.9816786935072,1.5308757794427403,18.27465717160573
2021-06-27 19:20:00,-13.515596650947256,-13.455689487409357,-13.531249766104962,-13.561458152112388,-13.519367890691148,-13.476527582131736,-13.393759502805365,64,0.18055555555555555,46.2647085880108,761.2019950774791,1.3840036274135983,19.15805525084395
2021-06-27 19:25:00,-13.525298760700018,-13.440465156818082,-13.537432008724489,-13.547212068628786,-13.50809713545171,-13.462314102361209,-13.447018944752328,64,0.20833333333333334,51.55598805017222,702.2327649706288,1.2767868454011433,19.863792666931527
2021-06-27 19:30:00,-13.522381843277197,-13.458126655210696,-13.537051017227542,-13.538312576116857,-13.53046582680644,-13.46312382696071,-13.460919081051063,64,0.2361111111111111,56.589631983678515,658.8812958918049,1.1979659925305546,20.421211908021377
2021-06-27 19:35:00,-13.51941355515256,-13.424519235518718,-13.50461366104787,-13.505249212654086,-13.472235275409936,-13.484978161167506,-13.45957579934936,64,0.2638888888888889,61.30302393660706,627.0153502079979,1.1400279094690873,20.854688932533097
2021-06-27 19:40:00,-13.54894536277564,-13.50471626084097,-13.563021102262306,-13.565251202778988,-13.510972048402982,-13.459486774729982,-13.458574132451272,64,0.2916666666666667,65.63949652769072,603.7532271149208,1.097733140208947,21.185177830703115
2021-06-27 19:45:00,-13.553832565049424,-13.47349807346888,-13.568219589036422,-13.528269465799092,-13.512096781097268,-13.455288526476576,-13.463645253758871,64,0.3194444444444444,69.54818229029615,587.000796114409,1.0672741747534709,21.431116276029314
2021-06-27 19:50:00,-13.543724399956522,-13.524600577919372,-13.568451909346315,-13.549527566485914,-13.55959782324289,-13.446954889477896,-13.476527582131736,64,0.3472222222222222,72.98405557930008,575.1794243398531,1.0457807715270055,21.60889791505997
2021-06-27 19:55:00,-13.524490437218784,-13.47448084298752,-13.530248215512412,-13.50238578487458,-13.447055875394833,-13.453734030285371,-13.462314102361209,64,0.375,75.90806788230319,567.06508111847,1.0310274202154,21.733044318665424
2021-06-27 20:00:00,-13.527659007112456,-13.521135559926108,-13.499130131210176,-13.484984230408394,-13.519097153208604,-13.435772093935263,-13.46312382696071,64,0.4027777777777778,78.28732091574973,561.6956771060345,1.0212648674655171,21.816168916637658
2021-06-27 20:05:00,-13.543433043683024,-13.507878007864774,-13.58457496792938,-13.48928248143349,-13.524333671893276,-13.41034026729058,-13.484978161167506,64,0.4305555555555556,80.09524395594458,558.321757226534,1.0151304676846076,21.86880622268163
2021-06-27 20:10:00,-13.510236881104436,-13.496864627731584,-13.541029920507508,-13.465245923248215,-13.491777182498373,-13.44081502568837,-13.459486774729982,64,0.4583333333333333,81.31175430298669,556.3845700490554,1.0116083091801007,21.899171826367546
2021-06-27 20:15:00,-13.516591248649432,-13.49612459279452,-13.508954561676791,-13.461423996097542,-13.483190057582084,-13.464279942159935,-13.455288526476576,64,0.4861111111111111,81.92338730807863,555.5100547469376,1.0100182813580683,21.91291439402028
2021-06-27 20:20:00,-13.535835329968878,-13.525492069463946,-13.561016808945451,-13.494326705268415,-13.520857735542045,-13.463506986465552,-13.446954889477896,64,0.5138888888888888,81.92338730807863,555.5100547469376,1.0100182813580683,21.91291439402028
2021-06-27 20:25:00,-13.521437162457628,-13.4933689910173,-13.501401062239395,-13.492615058489614,-13.45502721701162,-13.52415831948916,-13.453734030285371,64,0.5416666666666666,81.3117543029867,556.3845700490554,1.0116083091801007,21.899171826367546
2021-06-27 20:30:00,-13.50064117274517,-13.481214359761658,-13.51292885271531,-13.471405929702913,-13.434160578954607,-13.555080014623297,-13.435772093935263,64,0.5694444444444444,80.09524395594458,558.321757226534,1.0151304676846076,21.86880622268163
2021-06-27 20:35:00,-13.500548201006636,-13.459236658831594,-13.468570546095982,-13.445015650936185,-13.400292297582103,-13.591037056208805,-13.41034026729058,64,0.5972222222222222,78.28732091574973,561.6956771060345,1.0212648674655171,21.816168916637658
2021-06-27 20:40:00,-13.555252503003569,-13.538169676280177,-13.601988000298238,-13.538234705925376,-13.488480803723323,-13.583218554605654,-13.44081502568837,64,0.625,75.90806788230319,567.06508111847,1.0310274202154,21.733044318665424
2021-06-27 20:45:00,-13.588627576208792,-13.530613367655237,-13.604845242077,-13.55711217765442,-13.524117852431424,-13.579092477572424,-13.464279942159935,64,0.6527777777777778,72.98405557930008,575.1794243398531,1.0457807715270055,21.60889791505997
2021-06-27 20:50:00,-13.56516520210357,-13.527184338313294,-13.587430283397692,-13.550619998951882,-13.507754186768963,-13.60788629748769,-13.463506986465552,64,0.6805555555555556,69.54818229029615,587.000796114409,1.0672741747534709,21.431116276029314
2021-06-27 20:55:00,-13.64007639173053,-13.606749771658372,-13.649287950170615,-13.639894533485444,-13.590632567358863,-13.599243182359048,-13.52415831948916,64,0.7083333333333334,65.63949652769072,603.7532271149208,1.097733140208947,21.185177830703115
2021-06-27 21:00:00,-13.62071323534862,-13.55913891441809,-13.645896742402993,-13.615799137419431,-13.558483652545172,-13.591178563701693,-13.555080014623297,64,0.7361111111111112,61.30302393660706,627.0153502079979,1.1400279094690873,20.854688932533097
2021-06-27 21:05:00,-13.610971207354876,-13.5617336098114,-13.581513602664318,-13.590741632876062,-13.552917538507208,-13.613375911558782,-13.591037056208805,64,0.7638888888888888,56.58963198367853,658.8812958918048,1.1979659925305544,20.42121190802138
2021-06-27 21:10:00,-13.624157783743089,-13.5750717578051,-13.634742314507712,-13.592830393089066,-13.57358489429589,-13.58003233534676,-13.583218554605654,64,0.7916666666666666,51.55598805017223,702.2327649706286,1.276786845401143,19.863792666931527
2021-06-27 21:15:00,-13.6107839845169,-13.567048554338504,-13.61338044747472,-13.583451689054309,-13.55481654623681,-13.583593872573127,-13.579092477572424,64,0.8194444444444444,46.26470858801082,761.2019950774787,1.3840036274135976,19.158055250843958
2021-06-27 21:20:00,-13.651141496973496,-13.619230125684924,-13.672148835653733,-13.63361932639648,-13.604105902317322,-13.569488039028798,-13.60788629748769,64,0.8472222222222222,40.784883744963764,841.9816786935072,1.5308757794427403,18.27465717160573
2021-06-27 21:25:00,-13.677013852646358,-13.640041836230871,-13.706482230137269,-13.666844416342816,-13.608880324565824,-13.555710078061994,-13.599243182359048,64,0.875,35.19335896718734,954.3017862880093,1.7350941568872897,17.176784347000584
2021-06-27 21:30:00,-13.623856755937288,-13.594065222960507,-13.658349576235487,-13.624574535558072,-13.552864379607763,-13.567852441532914,-13.591178563701693,64,0.9027777777777778,29.577662225059694,1114.256147375883,2.025920267956151,15.816257000944784
2021-06-27 21:35:00,-13.664132999899996,-13.639193864249291,-13.681969209964748,-13.647332388873712,-13.573103134954891,-13.555290782063391,-13.613375911558782,64,0.9305555555555556,24.04301710572996,1349.950291052939,2.4544550746417078,14.128175499124907
2021-06-27 21:40:00,-13.600594921654013,-13.550424991922112,-13.592835466918112,-13.58908145856642,-13.537272982710109,-13.604970474063824,-13.58003233534676,64,0.9583333333333334,18.732096909021678,1712.6296804120188,3.113872146203671,12.028290858350662
2021-06-27 21:45:00,-13.611891096922353,-13.599182506351957,-13.622397266831513,-13.59607091976458,-13.58116422810066,-13.634357648482712,-13.583593872573127,64,0.9861111111111112,13.908664235895909,2288.093132953492,4.160169332642712,9.459771369219304
2021-06-27 21:50:00,-13.655324847214535,-13.6061192565582,-13.675679246610793,-13.618525324665436,-13.601448887789372,-13.609998667724678,-13.569488039028798,65,0.013888888888888888,13.908664235895905,2288.0931329534924,4.160169332642714,9.459771369219304
2021-06-27 21:55:00,-13.639569444971706,-13.61642069089849,-13.668044427795838,-13.623398381278298,-13.58625889764493,-13.618187413466256,-13.555710078061994,65,0.041666666666666664,18.732096909021678,1712.6296804120188,3.113872146203671,12.028290858350662
2021-06-27 22:00:00,-13.646258830615649,-13.613882166566146,-13.666606833207377,-13.618832051442542,-13.580861273984407,-13.629669052451325,-13.567852441532914,65,0.06944444444444445,24.04301710572997,1349.9502910529386,2.454455074641707,14.128175499124909
2021-06-27 22:05:00,-13.65041998103734,-13.622223178841772,-13.670646051811854,-13.626909252905168,-13.573691822698846,-13.625591467557872,-13.555290782063391,65,0.09722222222222222,29.57766222505968,1114.2561473758838,2.0259202679561525,15.81625700094478
2021-06-27 22:10:00,-13.666409346405777,-13.6466492644397,-13.720103338549412,-13.654537429653551,-13.593729740191092,-13.62065181148696,-13.604970474063824,65,0.125,35.193358967187336,954.3017862880095,1.73509415688729,17.176784347000584
2021-06-27 22:15:00,-13.693771052631003,-13.665099708944762,-13.749832022370027,-13.690114217555369,-13.641597362850732,-13.624199682812744,-13.634357648482712,65,0.1527777777777778,40.784883744963764,841.9816786935072,1.5308757794427403,18.27465717160573
2021-06-27 22:20:00,-13.638826674198688,-13.584718653292434,-13.620456389108636,-13.64731761807053,-13.556947823392631,-13.68513549736226,-13.609998667724678,65,0.18055555555555555,46.2647085880108,761.2019950774791,1.3840036274135983,19.15805525084395
2021-06-27 22:25:00,-13.667538949394416,-13.64005354455804,-13.689412022876525,-13.6607021319443,-13.604413595884203,-13.6688188045985,-13.618187413466256,65,0.20833333333333334,51.55598805017222,702.2327649706288,1.2767868454011433,19.863792666931527
2021-06-27 22:30:00,-13.695979898310824,-13.635528623020386,-13.718875762684153,-13.669020769163271,-13.623465431420303,-13.692610570522325,-13.629669052451325,65,0.2361111111111111,56.589631983678515,658.8812958918049,1.1979659925305546,20.421211908021377
2021-06-27 22:35:00,-13.6508402801712,-13.622313014957031,-13.677665817871466,-13.64508795369961,-13.616010813496532,-13.684222513436035,-13.625591467557872,65,0.2638888888888889,61.30302393660706,627.0153502079979,1.1400279094690873,20.854688932533097
2021-06-27 22:40:00,-13.680673726204146,-13.651606281068814,-13.718816475936732,-13.65864497776094,-13.621832952366626,-13.697697600246642,-13.62065181148696,65,0.2916666666666667,65.63949652769072,603.7532271149208,1.097733140208947,21.185177830703115
2021-06-27 22:45:00,-13.711756889768935,-13.691216997356078,-13.767754792830592,-13.71014322313585,-13.659094600428284,-13.675211044133938,-13.624199682812744,65,0.3194444444444444,69.54818229029615,587.000796114409,1.0672741747534709,21.431116276029314
2021-06-27 22:50:00,-13.745233795740784,-13.719191848009665,-13.816714073797472,-13.75760617521815,-13.67284549128138,-13.654475307958672,-13.68513549736226,65,0.3472222222222222,72.98405557930008,575.1794243398531,1.0457807715270055,21.60889791505997
2021-06-27 22:55:00,-13.698352022426215,-13.64655699993066,-13.73839444864524,-13.701634484516866,-13.627389682001583,-13.685901616471805,-13.6688188045985,65,0.375,75.90806788230319,567.06508111847,1.0310274202154,21.733044318665424
2021-06-27 23:00:00,-13.731096101748449,-13.716282964715912,-13.742723166269176,-13.743129828578835,-13.645150089932685,-13.697061510727316,-13.692610570522325,65,0.4027777777777778,78.28732091574973,561.6956771060345,1.0212648674655171,21.816168916637658
2021-06-27 23:05:00,-13.698619525161012,-13.633256802817185,-13.716947126119033,-13.683996255552248,-13.648416065713484,-13.705035883557157,-13.684222513436035,65,0.4305555555555556,80.09524395594458,558.321757226534,1.0151304676846076,21.86880622268163
2021-06-27 23:10:00,-13.71944933797741,-13.683970323393236,-13.748236891931878,-13.72001134086975,-13.70434911390014,-13.734631499305404,-13.697697600246642,65,0.4583333333333333,81.31175430298669,556.3845700490554,1.0116083091801007,21.899171826367546
2021-06-27 23:15:00,-13.710173898721198,-13.660655314679529,-13.734224284544442,-13.701461887100152,-13.69898245658881,-13.77335874251352,-13.675211044133938,65,0.4861111111111111,81.92338730807863,555.5100547469376,1.0100182813580683,21.91291439402028
2021-06-27 23:20:00,-13.719911899635727,-13.687264208284718,-13.766141140735696,-13.716507331269556,-13.66966921614589,-13.77431884472037,-13.654475307958672,65,0.5138888888888888,81.92338730807863,555.5100547469376,1.0100182813580683,21.91291439402028
2021-06-27 23:25:00,-13.750218680127343,-13.70640993951223,-13.785127554407309,-13.738452048962374,-13.691899274935222,-13.754080576402677,-13.685901616471805,65,0.5416666666666666,81.3117543029867,556.3845700490554,1.0116083091801007,21.899171826367546
2021-06-27 23:30:00,-13.768272323393273,-13.746746817814332,-13.82730593181092,-13.789896168648063,-13.712893907235554,-13.792290434430036,-13.697061510727316,65,0.5694444444444444,80.09524395594458,558.321757226534,1.0151304676846076,21.86880622268163
2021-06-27 23:35:00,-13.714331327365713,-13.663702038229934,-13.761791284580436,-13.717267489720337,-13.685759578334904,-13.818088718014105,-13.705035883557157,65,0.5972222222222222,78.28732091574973,561.6956771060345,1.0212648674655171,21.816168916637658
2021-06-27 23:40:00,-13.781415546892616,-13.764211247715012,-13.805813540889176,-13.82304219990571,-13.695297053965678,-13.78837099599034,-13.734631499305404,65,0.625,75.90806788230319,567.06508111847,1.0310274202154,21.733044318665424
2021-06-27 23:45:00,-13.82328551108884,-13.75638650039394,-13.860824460626771,-13.83010979661736,-13.78230804650616,-13.779072048477488,-13.77335874251352,65,0.6527777777777778,72.98405557930008,575.1794243398531,1.0457807715270055,21.60889791505997
2021-06-27 23:50:00,-13.769116527132631,-13.717683483011545,-13.803408545921428,-13.772677162991087,-13.766382649183004,-13.792961924447145,-13.77431884472037,65,0.6805555555555556,69.54818229029615,587.000796114409,1.0672741747534709,21.431116276029314
2021-06-27 23:55:00,-13.775024441336164,-13.696526738182218,-13.751391098091748,-13.74459385360055,-13.761173004346444,-13.85192022502967,-13.754080576402677,65,0.7083333333333334,65.63949652769072,603.7532271149208,1.097733140208947,21.185177830703115
2021-06-28 00:00:00,-13.848602871277958,-13.841276786980044,-13.84237529130634,-13.918429110142071,-13.8651145066597,-13.82799341383935,-13.792290434430036,65,0.7361111111111112,61.30302393660706,627.0153502079979,1.1400279094690873,20.854688932533097
2021-06-28 00:05:00,-13.829624075619012,-13.751810568132113,-13.862952357652931,-13.839028163337192,-13.808910844565132,-13.859182517210035,-13.818088718014105,65,0.7638888888888888,56.58963198367853,658.8812958918048,1.1979659925305544,20.42121190802138
2021-06-28 00:10:00,-13.812972466523648,-13.759882231063935,-13.77492622131028,-13.808315680056593,-13.747991400019933,-13.908636183937755,-13.78837099599034,65,0.7916666666666666,51.55598805017223,702.2327649706286,1.276786845401143,19.863792666931527
2021-06-28 00:15:00,-13.838250573594074,-13.783044540063791,-13.842913146261589,-13.823442698021918,-13.80510180915631,-13.906239795579738,-13.779072048477488,65,0.8194444444444444,46.26470858801082,761.2019950774787,1.3840036274135976,19.158055250843958
2021-06-28 00:20:00,-13.83439623717864,-13.78099873393914,-13.84338758562286,-13.82307066568586,-13.805913098428736,-13.90528672985787,-13.792961924447145,65,0.8472222222222222,40.784883744963764,841.9816786935072,1.5308757794427403,18.27465717160573
2021-06-28 00:25:00,-13.87336432007723,-13.833979752755647,-13.890144068797838,-13.892735705075877,-13.823923795875173,-13.868315583950928,-13.85192022502967,65,0.875,35.19335896718734,954.3017862880093,1.7350941568872897,17.176784347000584
2021-06-28 00:30:00,-13.875323196081936,-13.83263820973761,-13.94416958987432,-13.90412259866297,-13.809245397441934,-13.831685445878083,-13.82799341383935,65,0.9027777777777778,29.577662225059694,1114.256147375883,2.025920267956151,15.816257000944784
2021-06-28 00:35:00,-13.896667413749707,-13.835306696501537,-13.915121089909697,-13.896360221750456,-13.870734710041404,-13.81924084066232,-13.859182517210035,65,0.9305555555555556,24.04301710572996,1349.950291052939,2.4544550746417078,14.128175499124907
2021-06-28 00:40:00,-13.923417716305815,-13.871105672923022,-13.940203396608805,-13.940396696411078,-13.83906482865769,-13.775044620346812,-13.908636183937755,65,0.9583333333333334,18.732096909021678,1712.6296804120188,3.113872146203671,12.028290858350662
2021-06-28 00:45:00,-13.879557618991852,-13.80906431690093,-13.894983658492466,-13.88289933875354,-13.844482747634396,-13.777599126082205,-13.906239795579738,65,0.9861111111111112,13.908664235895909,2288.093132953492,4.160169332642712,9.459771369219304
2021-06-28 00:50:00,-13.8726186271276,-13.816554899891743,-13.84809473238738,-13.870145767879087,-13.841780010492265,-13.81530369470464,-13.90528672985787,66,0.013888888888888888,13.908664235895905,2288.0931329534924,4.160169332642714,9.459771369219304
2021-06-28 00:55:00,-13.89515267951392,-13.80002146991247,-13.87438972784303,-13.859380120317176,-13.818308302867711,-13.803083995320796,-13.868315583950928,66,0.041666666666666664,18.732096909021678,1712.6296804120188,3.113872146203671,12.028290858350662
2021-06-28 01:00:00,-13.84694894839092,-13.779184203412902,-13.837129475447815,-13.82961061325312,-13.789315949401011,-13.821644730727469,-13.831685445878083,66,0.06944444444444445,24.04301710572997,1349.9502910529386,2.454455074641707,14.128175499124909
2021-06-28 01:05:00,-13.86265481901324,-13.811400720814984,-13.883438967368225,-13.85598594675836,-13.792910837240074,-13.8236790890256,-13.81924084066232,66,0.09722222222222222,29.57766222505968,1114.2561473758838,2.0259202679561525,15.81625700094478
2021-06-28 01:10:00,-13.854807306447738,-13.790282309916096,-13.8761467555885,-13.8402068327242,-13.768970650913014,-13.857336806492702,-13.775044620346812,66,0.125,35.193358967187336,954.3017862880095,1.73509415688729,17.176784347000584
2021-06-28 01:15:00,-13.855889645773834,-13.804602403509117,-13.87415758199144,-13.850360015328963,-13.76152020545038,-13.877471999028346,-13.777599126082205,66,0.1527777777777778,40.784883744963764,841.9816786935072,1.5308757794427403,18.27465717160573
2021-06-28 01:20:00,-13.910401760140187,-13.856579772956865,-13.933472824266616,-13.91947876761231,-13.731670302183964,-13.85438081404404,-13.81530369470464,66,0.18055555555555555,46.2647085880108,761.2019950774791,1.3840036274135983,19.15805525084395
2021-06-28 01:25:00,-13.85177562817096,-13.757557246382552,-13.867636330539233,-13.84907745602115,-13.79704808687394,-13.917550450887417,-13.803083995320796,66,0.20833333333333334,51.55598805017222,702.2327649706288,1.2767868454011433,19.863792666931527
2021-06-28 01:30:00,-13.869485646728208,-13.795466959552945,-13.852566505821663,-13.868723380239572,-13.768508772549726,-13.943006534505637,-13.821644730727469,66,0.2361111111111111,56.589631983678515,658.8812958918049,1.1979659925305546,20.421211908021377
2021-06-28 01:35:00,-13.899732588021106,-13.794534022698402,-13.89635583121644,-13.87779657870536,-13.828153508410848,-13.947239532672729,-13.8236790890256,66,0.2638888888888889,61.30302393660706,627.0153502079979,1.1400279094690873,20.854688932533097
2021-06-28 01:40:00,-13.896210856364732,-13.829457996802748,-13.92861416046394,-13.913370342663216,-13.816578112624873,-13.943837304955483,-13.857336806492702,66,0.2916666666666667,65.63949652769072,603.7532271149208,1.097733140208947,21.185177830703115
2021-06-28 01:45:00,-13.91015693698508,-13.822735971534902,-13.94119734372688,-13.916033826686654,-13.85692688762801,-13.94277531909834,-13.877471999028346,66,0.3194444444444444,69.54818229029615,587.000796114409,1.0672741747534709,21.431116276029314
2021-06-28 01:50:00,-13.899394662283736,-13.815526966585152,-13.911659837132492,-13.903089514731738,-13.858256259914416,-13.958347845422638,-13.85438081404404,66,0.3472222222222222,72.98405557930008,575.1794243398531,1.0457807715270055,21.60889791505997
2021-06-28 01:55:00,-13.944170404013075,-13.889766491494289,-13.964688416223323,-13.9707858212228,-13.824599879960989,-13.932778218524051,-13.917550450887417,66,0.375,75.90806788230319,567.06508111847,1.0310274202154,21.733044318665424
2021-06-28 02:00:00,-13.9673658278348,-13.880183818349687,-13.985774610057554,-13.976068302401822,-13.91503307569467,-13.956916676715087,-13.943006534505637,66,0.4027777777777778,78.28732091574973,561.6956771060345,1.0212648674655171,21.816168916637658
2021-06-28 02:05:00,-13.93845055586266,-13.85638243705252,-13.927660774901844,-13.946326563284694,-13.864317290357237,-13.964010994623832,-13.947239532672729,66,0.4305555555555556,80.09524395594458,558.321757226534,1.0151304676846076,21.86880622268163
2021-06-28 02:10:00,-13.95556968413985,-13.883637745955271,-13.947409803978704,-13.964302107382617,-13.872086122227048,-13.99238134607936,-13.943837304955483,66,0.4583333333333333,81.31175430298669,556.3845700490554,1.0116083091801007,21.899171826367546
2021-06-28 02:15:00,-13.961293457602135,-13.874587295781517,-13.963571127083396,-13.96057463123152,-13.871130090713988,-14.013708524985985,-13.94277531909834,66,0.4861111111111111,81.92338730807863,555.5100547469376,1.0100182813580683,21.91291439402028
2021-06-28 02:20:00,-13.94561648890573,-13.892589296901257,-13.961122575692093,-13.971966147963707,-13.88326401476439,-14.038595583765074,-13.958347845422638,66,0.5138888888888888,81.92338730807863,555.5100547469376,1.0100182813580683,21.91291439402028
2021-06-28 02:25:00,-13.950338028480436,-13.889167921336147,-13.960524765232588,-13.961306949044411,-13.865029487312247,-14.05193931800998,-13.932778218524051,66,0.5416666666666666,81.3117543029867,556.3845700490554,1.0116083091801007,21.899171826367546
2021-06-28 02:30:00,-13.985412434615746,-13.960260016626494,-14.01347288996829,-14.037042265167427,-13.889294892996777,-14.044222910860912,-13.956916676715087,66,0.5694444444444444,80.09524395594458,558.321757226534,1.0151304676846076,21.86880622268163
2021-06-28 02:35:00,-13.981457232223464,-13.901047999547025,-13.985756757157644,-13.981315106857412,-13.896391449787105,-14.10331566064406,-13.964010994623832,66,0.5972222222222222,78.28732091574973,561.6956771060345,1.0212648674655171,21.816168916637658
2021-06-28 02:40:00,-14.009434354658842,-13.968679286782734,-14.011083916088245,-14.045679463251885,-13.935056295074691,-14.118961546685735,-13.99238134607936,66,0.625,75.90806788230319,567.06508111847,1.0310274202154,21.733044318665424
2021-06-28 02:45:00,-14.018095046461744,-13.959289786581706,-14.039437170629853,-14.033605901775116,-13.932621322354818,-14.142294298270118,-14.013708524985985,66,0.6527777777777778,72.98405557930008,575.1794243398531,1.0457807715270055,21.60889791505997
2021-06-28 02:50:00,-14.041834053286404,-13.990283665532788,-14.053575039080496,-14.066403307186002,-14.000314430443614,-14.157025383111558,-14.038595583765074,66,0.6805555555555556,69.54818229029615,587.000796114409,1.0672741747534709,21.431116276029314
2021-06-28 02:55:00,-14.033099158550982,-13.959926372666336,-14.035031865809891,-14.047789303843444,-13.97716119645539,-14.168923904755337,-14.05193931800998,66,0.7083333333333334,65.63949652769072,603.7532271149208,1.097733140208947,21.185177830703115
2021-06-28 03:00:00,-14.029543756441685,-13.990525406352027,-14.029125463578335,-14.059224754992185,-13.925064021180184,-14.176268832019648,-14.044222910860912,66,0.7361111111111112,61.30302393660706,627.0153502079979,1.1400279094690873,20.854688932533097
2021-06-28 03:05:00,-14.076078299575933,-14.05737868247468,-14.071173636933429,-14.14276737104133,-14.0330515895864,-14.13815289071331,-14.10331566064406,66,0.7638888888888888,56.58963198367853,658.8812958918048,1.1979659925305544,20.42121190802138
2021-06-28 03:10:00,-14.09319196149289,-14.058503838260954,-14.120235557536592,-14.14659260199616,-14.06014508070542,-14.111897090223584,-14.118961546685735,66,0.7916666666666666,51.55598805017223,702.2327649706286,1.276786845401143,19.863792666931527
2021-06-28 03:15:00,-14.100392611738714,-14.071057362104956,-14.108997942106068,-14.14900070813702,-14.053101617392674,-14.093942597427835,-14.142294298270118,66,0.8194444444444444,46.26470858801082,761.2019950774787,1.3840036274135976,19.158055250843958
2021-06-28 03:20:00,-14.105337865013588,-14.088276177320122,-14.113081429505517,-14.161657541881182,-14.070638515158295,-14.053652091498671,-14.157025383111558,66,0.8472222222222222,40.784883744963764,841.9816786935072,1.5308757794427403,18.27465717160573
2021-06-28 03:25:00,-14.096066162072749,-14.05256410270474,-14.070385201698995,-14.120540859570871,-14.02391439399895,-14.064146921617988,-14.168923904755337,66,0.875,35.19335896718734,954.3017862880093,1.7350941568872897,17.176784347000584
2021-06-28 03:30:00,-14.070686898261632,-14.06834935612315,-14.067064620468637,-14.109771141315168,-13.999354735306143,-14.07312367371733,-14.176268832019648,66,0.9027777777777778,29.577662225059694,1114.256147375883,2.025920267956151,15.816257000944784
2021-06-28 03:35:00,-14.072672524539817,-14.042852030862829,-14.05752797351481,-14.089753853517523,-14.006671109561154,-14.056287051589193,-14.13815289071331,66,0.9305555555555556,24.04301710572996,1349.950291052939,2.4544550746417078,14.128175499124907
2021-06-28 03:40:00,-14.072278248769834,-14.04841339954004,-14.045445282053398,-14.10330740295094,-13.974380854443783,-14.051275562311073,-14.111897090223584,66,0.9583333333333334,18.732096909021678,1712.6296804120188,3.113872146203671,12.028290858350662
2021-06-28 03:45:00,-14.09483343968748,-14.059110821068986,-14.067515362576769,-14.123401917625063,-13.957800889559133,-14.061874136969276,-14.093942597427835,66,0.9861111111111112,13.908664235895909,2288.093132953492,4.160169332642712,9.459771369219304
2021-06-28 03:50:00,-14.048367807583826,-14.015808454770422,-14.029914422187684,-14.068946851124544,-13.940247941629424,-14.104410386509832,-14.053652091498671,67,0.013888888888888888,13.908664235895905,2288.0931329534924,4.160169332642714,9.459771369219304
2021-06-28 03:55:00,-14.074240613940644,-14.066469663697056,-14.053841785829304,-14.108490791812551,-13.917690424601036,-14.089433664374525,-14.064146921617988,67,0.041666666666666664,18.732096909021678,1712.6296804120188,3.113872146203671,12.028290858350662
2021-06-28 04:00:00,-14.094795640387998,-14.07545188756928,-14.098513579485068,-14.119614602275252,-13.98241599691664,-14.0413733089021,-14.07312367371733,67,0.06944444444444445,24.04301710572997,1349.9502910529386,2.454455074641707,14.128175499124909
2021-06-28 04:05:00,-14.045065253711682,-13.998143740201517,-14.030764383051118,-14.042264790842196,-13.937585533432202,-14.063583014222482,-14.056287051589193,67,0.09722222222222222,29.57766222505968,1114.2561473758838,2.0259202679561525,15.81625700094478
2021-06-28 04:10:00,-14.034793962834229,-14.009717407153946,-14.004862035087935,-14.030484958998793,-13.9240225632503,-14.041772818421244,-14.051275562311073,67,0.125,35.193358967187336,954.3017862880095,1.73509415688729,17.176784347000584
2021-06-28 04:15:00,-14.06681299343962,-14.042504481457314,-14.063805448561745,-14.091505996430444,-13.9559546263905,-14.040758517834217,-14.061874136969276,67,0.1527777777777778,40.784883744963764,841.9816786935072,1.5308757794427403,18.27465717160573
2021-06-28 04:20:00,-14.089565438547798,-14.0754488809865,-14.101886207443178,-14.15373626252892,-14.053861557770572,-14.031304622269872,-14.104410386509832,67,0.18055555555555555,46.2647085880108,761.2019950774791,1.3840036274135983,19.15805525084395
2021-06-28 04:25:00,-14.071923458729616,-14.027169290353411,-14.067737855068795,-14.092682485088638,-13.994004099082517,-14.016046033665964,-14.089433664374525,67,0.20833333333333334,51.55598805017222,702.2327649706288,1.2767868454011433,19.863792666931527
2021-06-28 04:30:00,-14.017393724074427,-13.97352497312066,-13.98173630735918,-14.020312760438747,-13.91875453303423,-13.957273269491129,-14.0413733089021,67,0.2361111111111111,56.589631983678515,658.8812958918049,1.1979659925305546,20.421211908021377
2021-06-28 04:35:00,-14.048497255646362,-14.025166559308964,-14.018192975723784,-14.066562122396595,-13.93661795859461,-13.933117336393178,-14.063583014222482,67,0.2638888888888889,61.30302393660706,627.0153502079979,1.1400279094690873,20.854688932533097
2021-06-28 04:40:00,-14.010713250342246,-13.957062833844596,-13.984111499033103,-14.005585862596636,-13.916605148560135,-13.973495158704146,-14.041772818421244,67,0.2916666666666667,65.63949652769072,603.7532271149208,1.097733140208947,21.185177830703115
2021-06-28 04:45:00,-14.017308646574207,-14.032425201784022,-13.97532790135412,-14.071209982413697,-13.89740054570136,-13.936407416496492,-14.040758517834217,67,0.3194444444444444,69.54818229029615,587.000796114409,1.0672741747534709,21.431116276029314
2021-06-28 04:50:00,-14.060111875474645,-14.043490524971142,-14.024325882988393,-14.08311286551511,-13.954949106871505,-13.924614820120416,-14.031304622269872,67,0.3472222222222222,72.98405557930008,575.1794243398531,1.0457807715270055,21.60889791505997
2021-06-28 04:55:00,-14.017862609846311,-13.97236587764032,-13.964090605763818,-13.985641149454,-13.926217423189309,-13.903114433193013,-14.016046033665964,67,0.375,75.90806788230319,567.06508111847,1.0310274202154,21.733044318665424
2021-06-28 05:00:00,-13.89627924402041,-13.824681086045896,-13.798795839252843,-13.77452694440221,-13.75620824081776,-13.977563846224028,-13.957273269491129,67,0.4027777777777778,78.28732091574973,561.6956771060345,1.0212648674655171,21.816168916637658
2021-06-28 05:05:00,-13.92624809877466,-13.923047570475864,-13.826653108832478,-13.913759762677037,-13.882549317240334,-13.984715764449906,-13.933117336393178,67,0.4305555555555556,80.09524395594458,558.321757226534,1.0151304676846076,21.86880622268163
2021-06-28 05:10:00,-13.977790060493238,-13.973906115306844,-13.914897637896988,-14.025868850393255,-13.93853461568943,-13.933015423666497,-13.973495158704146,67,0.4583333333333333,81.31175430298669,556.3845700490554,1.0116083091801007,21.899171826367546
2021-06-28 05:15:00,-13.95744601228976,-13.895701254625138,-13.894729850734636,-13.940994768558038,-13.847788558061572,-13.94692009951572,-13.936407416496492,67,0.4861111111111111,81.92338730807863,555.5100547469376,1.0100182813580683,21.91291439402028
2021-06-28 05:20:00,-14.002726142056115,-13.948197461968473,-13.95025635291717,-14.037233936692187,-13.927411590289106,-13.94642257350538,-13.924614820120416,67,0.5138888888888888,81.92338730807863,555.5100547469376,1.0100182813580683,21.91291439402028
2021-06-28 05:25:00,-13.946660767244886,-13.866222230843654,-13.891474778597916,-13.843646161907705,-13.831833706361206,-13.982167684595424,-13.903114433193013,67,0.5416666666666666,81.3117543029867,556.3845700490554,1.0116083091801007,21.899171826367546
2021-06-28 05:30:00,-13.982354936509784,-13.913330063657387,-13.891913512159368,-13.934499802157164,-13.886176130949268,-13.981858428172892,-13.977563846224028,67,0.5694444444444444,80.09524395594458,558.321757226534,1.0151304676846076,21.86880622268163
2021-06-28 05:35:00,-13.965396426179009,-13.899721171438934,-13.919827945910374,-13.891877806359547,-13.868091230570307,-13.95573922853622,-13.984715764449906,67,0.5972222222222222,78.28732091574973,561.6956771060345,1.0212648674655171,21.816168916637658
2021-06-28 05:40:00,-13.941955016146808,-13.847525940377482,-13.8743744918177,-13.820717833751395,-13.84976432744551,-14.00453806601499,-13.933015423666497,67,0.625,75.90806788230319,567.06508111847,1.0310274202154,21.733044318665424
2021-06-28 05:45:00,-13.975334036471189,-13.881557479766457,-13.888842580763896,-13.883902532161798,-13.840333111460854,-14.008133767992812,-13.94692009951572,67,0.6527777777777778,72.98405557930008,575.1794243398531,1.0457807715270055,21.60889791505997
2021-06-28 05:50:00,-14.005347145482212,-13.907827092068777,-13.948551255593912,-13.953029803825718,-13.84473161240691,-13.944163832750244,-13.94642257350538,67,0.6805555555555556,69.54818229029615,587.000796114409,1.0672741747534709,21.431116276029314
2021-06-28 05:55:00,-13.979185552477352,-13.920433693662613,-13.95191132255404,-13.964073276238826,-13.907355049372768,-13.930566407053044,-13.982167684595424,67,0.7083333333333334,65.63949652769072,603.7532271149208,1.097733140208947,21.185177830703115
2021-06-28 06:00:00,-13.990686541796116,-13.920083976048364,-13.920590532239236,-13.944021852766111,-13.852599333059445,-13.945310605343764,-13.981858428172892,67,0.7361111111111112,61.30302393660706,627.0153502079979,1.1400279094690873,20.854688932533097
2021-06-28 06:05:00,-13.957252160036187,-13.860375323530752,-13.858775535060149,-13.900415039835066,-13.764781587162474,-13.936593447202714,-13.95573922853622,67,0.7638888888888888,56.58963198367853,658.8812958918048,1.1979659925305544,20.42121190802138
2021-06-28 06:10:00,-13.96494771941777,-13.940493440509773,-13.920764612551542,-13.991977242491512,-13.820176896699422,-13.887334912089472,-14.00453806601499,67,0.7916666666666666,51.55598805017223,702.2327649706286,1.276786845401143,19.863792666931527
2021-06-28 06:15:00,-13.957810571995076,-13.906827981483636,-13.977979376830875,-13.951343111853667,-13.840732417445308,-13.865805041708471,-14.008133767992812,67,0.8194444444444444,46.26470858801082,761.2019950774787,1.3840036274135976,19.158055250843958
2021-06-28 06:20:00,-13.851757804347432,-13.818474429539664,-13.83294119675965,-13.816409876665793,-13.688261891960623,-13.861453092053548,-13.944163832750244,67,0.8472222222222222,40.784883744963764,841.9816786935072,1.5308757794427403,18.27465717160573
2021-06-28 06:25:00,-13.904687058509776,-13.890605472636976,-13.857918014336818,-13.875327441234033,-13.78180953189876,-13.85282566363419,-13.930566407053044,67,0.875,35.19335896718734,954.3017862880093,1.7350941568872897,17.176784347000584
2021-06-28 06:30:00,-13.907917095879686,-13.918208591130291,-13.882242968456223,-13.94155297698224,-13.803066404108344,-13.810277725387175,-13.945310605343764,67,0.9027777777777778,29.577662225059694,1114.256147375883,2.025920267956151,15.816257000944784
2021-06-28 06:35:00,-13.83046275484537,-13.827594175664592,-13.786207713004588,-13.83731277297392,-13.683064168441597,-13.784371946410658,-13.936593447202714,67,0.9305555555555556,24.04301710572996,1349.950291052939,2.4544550746417078,14.128175499124907
2021-06-28 06:40:00,-13.817000737869469,-13.83293973529904,-13.701208631793625,-13.811554004196005,-13.735330408352828,-13.752233760782742,-13.887334912089472,67,0.9583333333333334,18.732096909021678,1712.6296804120188,3.113872146203671,12.028290858350662
2021-06-28 06:45:00,-13.832789679721497,-13.838839431267278,-13.755446788467884,-13.82820930599216,-13.729190464603242,-13.692410394155182,-13.865805041708471,67,0.9861111111111112,13.908664235895909,2288.093132953492,4.160169332642712,9.459771369219304
2021-06-28 06:50:00,-13.752357422644817,-13.753065874261392,-13.668584448941711,-13.68613967936758,-13.67562516453615,-13.683562246903232,-13.861453092053548,68,0.013888888888888888,13.908664235895905,2288.0931329534924,4.160169332642714,9.459771369219304
2021-06-28 06:55:00,-13.76594231642042,-13.809848023175595,-13.647248445352478,-13.802229440388656,-13.67607360960993,-13.640843106905953,-13.85282566363419,68,0.041666666666666664,18.732096909021678,1712.6296804120188,3.113872146203671,12.028290858350662
2021-06-28 07:00:00,-13.735512193906953,-13.781465650462884,-13.6816362126745,-13.778384275685218,-13.719523366451629,-13.613207980901736,-13.810277725387175,68,0.06944444444444445,24.04301710572997,1349.9502910529386,2.454455074641707,14.128175499124909
2021-06-28 07:05:00,-13.684292238605387,-13.70003310752974,-13.585650554265245,-13.643488040196258,-13.619121623152958,-13.552325441557205,-13.784371946410658,68,0.09722222222222222,29.57766222505968,1114.2561473758838,2.0259202679561525,15.81625700094478
2021-06-28 07:10:00,-13.651963631737232,-13.677503178289568,-13.515167385383416,-13.610938990721165,-13.619927940363684,-13.510660871121816,-13.752233760782742,68,0.125,35.193358967187336,954.3017862880095,1.73509415688729,17.176784347000584
2021-06-28 07:15:00,-13.593671318466104,-13.634895086882713,-13.492750263676225,-13.564084331134875,-13.568247088026796,-13.486300441996391,-13.692410394155182,68,0.1527777777777778,40.784883744963764,841.9816786935072,1.5308757794427403,18.27465717160573
2021-06-28 07:20:00,-13.611659976013303,-13.649849323711852,-13.518421570690416,-13.60095241579796,-13.531114262885414,-13.51506211978618,-13.683562246903232,68,0.18055555555555555,46.2647085880108,761.2019950774791,1.3840036274135983,19.15805525084395
2021-06-28 07:25:00,-13.611064666122845,-13.63242951554694,-13.506344650891272,-13.589235207217063,-13.497179207596554,-13.47437441227587,-13.640843106905953,68,0.20833333333333334,51.55598805017222,702.2327649706288,1.2767868454011433,19.863792666931527
2021-06-28 07:30:00,-13.575498004071836,-13.626744616790726,-13.50832760214211,-13.604195602962632,-13.487513388805844,-13.404741631316869,-13.613207980901736,68,0.2361111111111111,56.589631983678515,658.8812958918049,1.1979659925305546,20.421211908021377
2021-06-28 07:35:00,-13.47041987682315,-13.473394209043104,-13.36435603107312,-13.297658600147262,-13.318370522763852,-13.498672202691957,-13.552325441557205,68,0.2638888888888889,61.30302393660706,627.0153502079979,1.1400279094690873,20.854688932533097
2021-06-28 07:40:00,-13.432260393631449,-13.484518334051122,-13.273608883080856,-13.351263633093389,-13.331189762652055,-13.511034744356447,-13.510660871121816,68,0.2916666666666667,65.63949652769072,603.7532271149208,1.097733140208947,21.185177830703115
2021-06-28 07:45:00,-13.386398009271144,-13.456304445611853,-13.295592199673722,-13.336676549044782,-13.356423193858133,-13.476973085947524,-13.486300441996391,68,0.3194444444444444,69.54818229029615,587.000796114409,1.0672741747534709,21.431116276029314
2021-06-28 07:50:00,-13.445453948351872,-13.578125715945315,-13.417707517948871,-13.606681074092796,-13.455957995684985,-13.414925816616304,-13.51506211978618,68,0.3472222222222222,72.98405557930008,575.1794243398531,1.0457807715270055,21.60889791505997
2021-06-28 07:55:00,-13.423663502684612,-13.459474128279624,-13.41253822386451,-13.392801661287388,-13.37836104225518,-13.417175303812163,-13.47437441227587,68,0.375,75.90806788230319,567.06508111847,1.0310274202154,21.733044318665424
2021-06-28 08:00:00,-13.347696455048482,-13.40225684155437,-13.251393086257982,-13.280047906518496,-13.319714171554908,-13.399764822896024,-13.404741631316869,68,0.4027777777777778,78.28732091574973,561.6956771060345,1.0212648674655171,21.816168916637658
2021-06-28 08:05:00,-13.448170961998652,-13.581816411944777,-13.369520796510642,-13.606640657918735,-13.470755578217128,-13.333209204765089,-13.498672202691957,68,0.4305555555555556,80.09524395594458,558.321757226534,1.0151304676846076,21.86880622268163
2021-06-28 08:10:00,-13.384518802559194,-13.47156350006602,-13.395079926834525,-13.395468663553316,-13.380086224090835,-13.361826749101036,-13.511034744356447,68,0.4583333333333333,81.31175430298669,556.3845700490554,1.0116083091801007,21.899171826367546
2021-06-28 08:15:00,-13.288787395322627,-13.36771351817556,-13.22033969691063,-13.193803803611742,-13.269170169495428,-13.469993433485852,-13.476973085947524,68,0.4861111111111111,81.92338730807863,555.5100547469376,1.0100182813580683,21.91291439402028
2021-06-28 08:20:00,-13.334738913338748,-13.43096940354799,-13.261967338520789,-13.345651178568076,-13.35247770297818,-13.493054562575248,-13.414925816616304,68,0.5138888888888888,81.92338730807863,555.5100547469376,1.0100182813580683,21.91291439402028
2021-06-28 08:25:00,-13.364403003971823,-13.422746493602164,-13.322520929461575,-13.38390742069736,-13.344856462834654,-13.480070546817682,-13.417175303812163,68,0.5416666666666666,81.3117543029867,556.3845700490554,1.0116083091801007,21.899171826367546
2021-06-28 08:30:00,-13.29497515518606,-13.326281969102002,-13.209925960826896,-13.212249105773072,-13.246203722199413,-13.56540303965737,-13.399764822896024,68,0.5694444444444444,80.09524395594458,558.321757226534,1.0151304676846076,21.86880622268163
2021-06-28 08:35:00,-13.3090923939421,-13.406164871570072,-13.244881270092453,-13.336563979823286,-13.290664101465536,-13.590289938516346,-13.333209204765089,68,0.5972222222222222,78.28732091574973,561.6956771060345,1.0212648674655171,21.816168916637658
2021-06-28 08:40:00,-13.338785779032277,-13.483229117137224,-13.316844972113133,-13.466969716686526,-13.342780699765395,-13.537004654932907,-13.361826749101036,68,0.625,75.90806788230319,567.06508111847,1.0310274202154,21.733044318665424
2021-06-28 08:45:00,-13.411512270916509,-13.565857962012604,-13.411560683096228,-13.60239268541377,-13.454512695854705,-13.472669211367991,-13.469993433485852,68,0.6527777777777778,72.98405557930008,575.1794243398531,1.0457807715270055,21.60889791505997
2021-06-28 08:50:00,-13.41489286580389,-13.49840026879559,-13.381600667562784,-13.509467519978053,-13.46265207716498,-13.479202795750291,-13.493054562575248,68,0.6805555555555556,69.54818229029615,587.000796114409,1.0672741747534709,21.431116276029314
2021-06-28 08:55:00,-13.360946374339711,-13.447809374878236,-13.287562407255562,-13.36917642308507,-13.414620318316432,-13.548307034374728,-13.480070546817682,68,0.7083333333333334,65.63949652769072,603.7532271149208,1.097733140208947,21.185177830703115
2021-06-28 09:00:00,-13.444446262642252,-13.54055878212122,-13.351795556466255,-13.514321640595696,-13.446693053003475,-13.529270772876924,-13.56540303965737,68,0.7361111111111112,61.30302393660706,627.0153502079979,1.1400279094690873,20.854688932533097
2021-06-28 09:05:00,-13.410167182844432,-13.501372413192868,-13.410123829955564,-13.491767576387934,-13.474805911269472,-13.540702996547015,-13.590289938516346,68,0.7638888888888888,56.58963198367853,658.8812958918048,1.1979659925305544,20.42121190802138
2021-06-28 09:10:00,-13.337899748914218,-13.42842139691611,-13.363507102421329,-13.318292278213924,-13.365930502740284,-13.576699447536782,-13.537004654932907,68,0.7916666666666666,51.55598805017223,702.2327649706286,1.276786845401143,19.863792666931527
2021-06-28 09:15:00,-13.353755450144408,-13.467019382653698,-13.320694074779407,-13.366704138095148,-13.3775774845842,-13.584750531137283,-13.472669211367991,68,0.8194444444444444,46.26470858801082,761.2019950774787,1.3840036274135976,19.158055250843958
2021-06-28 09:20:00,-13.40236207818531,-13.521472640497112,-13.386817334346132,-13.501451546111491,-13.389087196818233,-13.523513223559824,-13.479202795750291,68,0.8472222222222222,40.784883744963764,841.9816786935072,1.5308757794427403,18.27465717160573
2021-06-28 09:25:00,-13.413398426884283,-13.588224639589749,-13.41699462316064,-13.619881607145434,-13.450721833186018,-13.449878643485558,-13.548307034374728,68,0.875,35.19335896718734,954.3017862880093,1.7350941568872897,17.176784347000584
2021-06-28 09:30:00,-13.419099833338011,-13.543568588304227,-13.451580655077542,-13.510855837364362,-13.426062449764444,-13.387019291641808,-13.529270772876924,68,0.9027777777777778,29.577662225059694,1114.256147375883,2.025920267956151,15.816257000944784
2021-06-28 09:35:00,-13.430896318680478,-13.581352444184912,-13.449042221313526,-13.574310037510974,-13.407410974231723,-13.273177273233538,-13.540702996547015,68,0.9305555555555556,24.04301710572996,1349.950291052939,2.4544550746417078,14.128175499124907
2021-06-28 09:40:00,-13.459562086199652,-13.539639700120494,-13.440220904295114,-13.51645310856529,-13.436559918565628,-13.199746173330572,-13.576699447536782,68,0.9583333333333334,18.732096909021678,1712.6296804120188,3.113872146203671,12.028290858350662
2021-06-28 09:45:00,-13.371897609192986,-13.51027280706059,-13.380234506381248,-13.45403566869524,-13.453851862332412,-13.09259745860902,-13.584750531137283,68,0.9861111111111112,13.908664235895909,2288.093132953492,4.160169332642712,9.459771369219304
2021-06-28 09:50:00,-13.304262399454265,-13.40856507141248,-13.28440626751614,-13.273742169226107,-13.292558864043045,-13.026849618777112,-13.523513223559824,69,0.013888888888888888,13.908664235895905,2288.0931329534924,4.160169332642714,9.459771369219304
2021-06-28 09:55:00,-13.28164262988727,-13.40519161326042,-13.270456116202004,-13.29509707246508,-13.292299139241024,-12.941025815004217,-13.449878643485558,69,0.041666666666666664,18.732096909021678,1712.6296804120188,3.113872146203671,12.028290858350662
2021-06-28 10:00:00,-13.242438563054376,-13.318252933153907,-13.184791578323654,-13.196628719720351,-13.235051329651029,-12.904647594724226,-13.387019291641808,69,0.06944444444444445,24.04301710572997,1349.9502910529386,2.454455074641707,14.128175499124909
2021-06-28 10:05:00,-13.166061676513609,-13.227022703043264,-13.0878053797262,-13.045040095507163,-13.065754576845569,-12.91677442413688,-13.273177273233538,69,0.09722222222222222,29.57766222505968,1114.2561473758838,2.0259202679561525,15.81625700094478
2021-06-28 10:10:00,-13.13964383333464,-13.240499117708003,-13.083790861510115,-13.093837421013957,-13.09993971084598,-12.876855107328629,-13.199746173330572,69,0.125,35.193358967187336,954.3017862880095,1.73509415688729,17.176784347000584
2021-06-28 10:15:00,-13.121827511516694,-13.142321397530516,-13.01136400176524,-13.001715207197488,-13.059176859055208,-12.898144661394074,-13.09259745860902,69,0.1527777777777778,40.784883744963764,841.9816786935072,1.5308757794427403,18.27465717160573
2021-06-28 10:20:00,-13.048187933938893,-13.079188362865018,-12.953437534829426,-12.947031425858716,-12.976509064178,-12.906504935995246,-13.026849618777112,69,0.18055555555555555,46.2647085880108,761.2019950774791,1.3840036274135983,19.15805525084395
2021-06-28 10:25:00,-13.041875247390672,-13.040997274019707,-12.918416309400849,-12.911302190474457,-12.939612411967422,-12.930959687093797,-12.941025815004217,69,0.20833333333333334,51.55598805017222,702.2327649706288,1.2767868454011433,19.863792666931527
2021-06-28 10:30:00,-13.027469730823311,-13.059537973827048,-12.95327540491103,-12.96516729713921,-12.945173386754476,-12.975415792131438,-12.904647594724226,69,0.2361111111111111,56.589631983678515,658.8812958918049,1.1979659925305546,20.421211908021377
2021-06-28 10:35:00,-13.024560115207477,-13.06692274823159,-12.994958902255268,-12.999358857020535,-12.966192181530094,-12.98145152611999,-12.91677442413688,69,0.2638888888888889,61.30302393660706,627.0153502079979,1.1400279094690873,20.854688932533097
2021-06-28 10:40:00,-12.999744002805874,-12.999304036606544,-12.946244967818412,-12.943977591377164,-12.908192471182437,-13.000948928167832,-12.876855107328629,69,0.2916666666666667,65.63949652769072,603.7532271149208,1.097733140208947,21.185177830703115
2021-06-28 10:45:00,-12.957792421199157,-13.019544612062212,-12.965561223992582,-12.975805531985484,-12.939084094066198,-12.989365594528964,-12.898144661394074,69,0.3194444444444444,69.54818229029615,587.000796114409,1.0672741747534709,21.431116276029314
2021-06-28 10:50:00,-12.94146795050262,-12.97323297440546,-12.940308965827723,-12.948205472100634,-12.9324042018617,-12.994040786347233,-12.906504935995246,69,0.3472222222222222,72.98405557930008,575.1794243398531,1.0457807715270055,21.60889791505997
2021-06-28 10:55:00,-12.922964321114549,-12.982074871808347,-12.960954419829996,-12.975858102088148,-12.961171038892411,-12.964579198192034,-12.930959687093797,69,0.375,75.90806788230319,567.06508111847,1.0310274202154,21.733044318665424
2021-06-28 11:00:00,-12.962408122735312,-13.062802978178178,-13.03895862436624,-13.081261972069218,-12.9942569401875,-12.933436878723557,-12.975415792131438,69,0.4027777777777778,78.28732091574973,561.6956771060345,1.0212648674655171,21.816168916637658
2021-06-28 11:05:00,-13.001910774957732,-13.02443525259458,-13.06082482128348,-13.088147550615666,-13.010035996068892,-12.910148323243185,-12.98145152611999,69,0.4305555555555556,80.09524395594458,558.321757226534,1.0151304676846076,21.86880622268163
2021-06-28 11:10:00,-12.965528193220113,-12.99225591274494,-12.98160080427656,-13.036283916858494,-12.968216246788211,-12.886787658329954,-13.000948928167832,69,0.4583333333333333,81.31175430298669,556.3845700490554,1.0116083091801007,21.899171826367546
2021-06-28 11:15:00,-12.997120905880116,-12.981179430510196,-12.964000054771198,-13.013681418663726,-12.968867325183602,-12.87626788067298,-12.989365594528964,69,0.4861111111111111,81.92338730807863,555.5100547469376,1.0100182813580683,21.91291439402028
2021-06-28 11:20:00,-12.913881789129425,-12.951444037727876,-12.942477424409867,-12.96096575961984,-12.988396304184704,-12.866057243133,-12.994040786347233,69,0.5138888888888888,81.92338730807863,555.5100547469376,1.0100182813580683,21.91291439402028
2021-06-28 11:25:00,-12.917141019189089,-12.891040980226032,-12.865128543421108,-12.84497994667234,-12.90326739691821,-12.84150857531343,-12.964579198192034,69,0.5416666666666666,81.3117543029867,556.3845700490554,1.0116083091801007,21.899171826367546
2021-06-28 11:30:00,-12.92206807064744,-12.968218341242894,-12.969122615837028,-12.949619747428953,-12.954494868465096,-12.805238984404877,-12.933436878723557,69,0.5694444444444444,80.09524395594458,558.321757226534,1.0151304676846076,21.86880622268163
2021-06-28 11:35:00,-12.893145733113936,-12.91603805636699,-12.968690715225868,-12.94548299209362,-12.976021511367447,-12.79865492796276,-12.910148323243185,69,0.5972222222222222,78.28732091574973,561.6956771060345,1.0212648674655171,21.816168916637658
2021-06-28 11:40:00,-12.834751746996297,-12.859102282636538,-12.880031760457111,-12.8886184237858,-12.917322630284907,-12.80520281338291,-12.886787658329954,69,0.625,75.90806788230319,567.06508111847,1.0310274202154,21.733044318665424
2021-06-28 11:45:00,-12.86735719011858,-12.866324325748147,-12.874474274836164,-12.897262483896927,-12.905273783734724,-12.817584700837916,-12.87626788067298,69,0.6527777777777778,72.98405557930008,575.1794243398531,1.0457807715270055,21.60889791505997
2021-06-28 11:50:00,-12.811881309920963,-12.852990131121707,-12.893019948675812,-12.84188895257176,-12.909411062444974,-12.826095067734416,-12.866057243133,69,0.6805555555555556,69.54818229029615,587.000796114409,1.0672741747534709,21.431116276029314
2021-06-28 11:55:00,-12.798715232383628,-12.750916587943696,-12.76057283156765,-12.774103003588156,-12.805870349011768,-12.883910782722747,-12.84150857531343,69,0.7083333333333334,65.63949652769072,603.7532271149208,1.097733140208947,21.185177830703115
2021-06-28 12:00:00,-12.802600825912092,-12.80516204827562,-12.771545270374116,-12.803793306581603,-12.821139754030602,-12.923931576111915,-12.805238984404877,69,0.7361111111111112,61.30302393660706,627.0153502079979,1.1400279094690873,20.854688932533097
2021-06-28 12:05:00,-12.78934391375046,-12.816979421889874,-12.899073186647662,-12.80710621164653,-12.83595155491463,-12.934933614677512,-12.79865492796276,69,0.7638888888888888,56.58963198367853,658.8812958918048,1.1979659925305544,20.42121190802138
2021-06-28 12:10:00,-12.796351380499546,-12.8018152012721,-12.82373173922525,-12.814640019102717,-12.87624816688448,-12.960453840799314,-12.80520281338291,69,0.7916666666666666,51.55598805017223,702.2327649706286,1.276786845401143,19.863792666931527
2021-06-28 12:15:00,-12.837545638602949,-12.827228226576802,-12.873923161049714,-12.855020778128493,-12.902506177179406,-12.980459323584965,-12.817584700837916,69,0.8194444444444444,46.26470858801082,761.2019950774787,1.3840036274135976,19.158055250843958
2021-06-28 12:20:00,-12.838833955034838,-12.826639341084343,-12.873989222594656,-12.860729286489065,-12.879404117627404,-12.974840952015466,-12.826095067734416,69,0.8472222222222222,40.784883744963764,841.9816786935072,1.5308757794427403,18.27465717160573
2021-06-28 12:25:00,-12.865177217288288,-12.855356832139156,-12.872136300934036,-12.884716314871095,-12.948194713838474,-12.962482674584448,-12.883910782722747,69,0.875,35.19335896718734,954.3017862880093,1.7350941568872897,17.176784347000584
2021-06-28 12:30:00,-12.884229110977156,-12.883559734987502,-12.830449139965388,-12.89943571100608,-12.998224994341609,-12.939588976401742,-12.923931576111915,69,0.9027777777777778,29.577662225059694,1114.256147375883,2.025920267956151,15.816257000944784
2021-06-28 12:35:00,-12.832527636214762,-12.844720467368193,-12.913928834719089,-12.853186290895463,-12.93233808216399,-12.915822114401,-12.934933614677512,69,0.9305555555555556,24.04301710572996,1349.950291052939,2.4544550746417078,14.128175499124907
2021-06-28 12:40:00,-12.890272986353288,-12.887021063412234,-12.835911603962714,-12.888613946022629,-12.975908113469002,-12.911623310061747,-12.960453840799314,69,0.9583333333333334,18.732096909021678,1712.6296804120188,3.113872146203671,12.028290858350662
2021-06-28 12:45:00,-12.9162124939355,-12.909659417543889,-12.880934407728748,-12.903858112739965,-13.007446307908598,-12.89526801839794,-12.980459323584965,69,0.9861111111111112,13.908664235895909,2288.093132953492,4.160169332642712,9.459771369219304
2021-06-28 12:50:00,-12.801230630382246,-12.836012015985588,-12.882496856311038,-12.81133007982898,-12.92670598654114,-12.885952759033543,-12.974840952015466,70,0.013888888888888888,13.908664235895905,2288.0931329534924,4.160169332642714,9.459771369219304
2021-06-28 12:55:00,-12.835324377307067,-12.85180848627052,-12.7890129663453,-12.820800839696169,-12.934132153222953,-12.908794236030191,-12.962482674584448,70,0.041666666666666664,18.732096909021678,1712.6296804120188,3.113872146203671,12.028290858350662
2021-06-28 13:00:00,-12.84898393923734,-12.856786635707438,-12.852578187395949,-12.84528111986006,-12.908656995496688,-12.936964018587393,-12.939588976401742,70,0.06944444444444445,24.04301710572997,1349.9502910529386,2.454455074641707,14.128175499124909
2021-06-28 13:05:00,-12.853275090172865,-12.827024125861204,-12.835293905256409,-12.789208010730627,-12.867661794319638,-12.986681495349115,-12.915822114401,70,0.09722222222222222,29.57766222505968,1114.2561473758838,2.0259202679561525,15.81625700094478
2021-06-28 13:10:00,-12.923778052803248,-12.90687474370121,-12.813912935038982,-12.855822704805195,-12.919159967003583,-12.981067950459398,-12.911623310061747,70,0.125,35.193358967187336,954.3017862880095,1.73509415688729,17.176784347000584
2021-06-28 13:15:00,-12.87222981058568,-12.888780319070454,-12.90916571591495,-12.835761686125691,-12.918228475958806,-12.997279314021329,-12.89526801839794,70,0.1527777777777778,40.784883744963764,841.9816786935072,1.5308757794427403,18.27465717160573
2021-06-28 13:20:00,-12.869162310203544,-12.84682779280202,-12.865565968545267,-12.847356010637792,-12.867192152561763,-13.026953799461763,-12.885952759033543,70,0.18055555555555555,46.2647085880108,761.2019950774791,1.3840036274135983,19.15805525084395
2021-06-28 13:25:00,-12.962197086338666,-12.938082957313116,-12.869287106044604,-12.930099084273738,-12.882877291722137,-13.031678043140202,-12.908794236030191,70,0.20833333333333334,51.55598805017222,702.2327649706288,1.2767868454011433,19.863792666931527
2021-06-28 13:30:00,-12.926330610420898,-12.944924089514144,-12.929898573528178,-12.899046436374183,-12.994873650296745,-13.002129836436424,-12.936964018587393,70,0.2361111111111111,56.589631983678515,658.8812958918049,1.1979659925305546,20.421211908021377
2021-06-28 13:35:00,-12.958259446082453,-12.967726822777369,-12.951175799206716,-12.925266240300248,-13.014106195560752,-13.001775744229429,-12.986681495349115,70,0.2638888888888889,61.30302393660706,627.0153502079979,1.1400279094690873,20.854688932533097
2021-06-28 13:40:00,-12.93418466517285,-12.920687852273062,-12.956196999997164,-12.896173631460766,-12.974899918922658,-13.009601216895694,-12.981067950459398,70,0.2916666666666667,65.63949652769072,603.7532271149208,1.097733140208947,21.185177830703115
2021-06-28 13:45:00,-12.939196212603738,-12.951020514288285,-12.9487537945542,-12.928390846700983,-12.99624867250637,-12.996797750945928,-12.997279314021329,70,0.3194444444444444,69.54818229029615,587.000796114409,1.0672741747534709,21.431116276029314
2021-06-28 13:50:00,-12.97212562479897,-12.94742678058346,-12.905177250139124,-12.954388623357168,-12.983975705186642,-12.980800680335674,-13.026953799461763,70,0.3472222222222222,72.98405557930008,575.1794243398531,1.0457807715270055,21.60889791505997
2021-06-28 13:55:00,-12.937943776429972,-12.967647321790414,-12.953387058226424,-12.950673650051286,-13.012171278496645,-12.958889066106288,-13.031678043140202,70,0.375,75.90806788230319,567.06508111847,1.0310274202154,21.733044318665424
2021-06-28 14:00:00,-12.868759951198747,-12.901204791130542,-12.894765404020363,-12.87388280302842,-12.925937381400749,-12.975772094143634,-13.002129836436424,70,0.4027777777777778,78.28732091574973,561.6956771060345,1.0212648674655171,21.816168916637658
2021-06-28 14:05:00,-12.974472961296817,-12.987338646609304,-12.88229803199576,-12.97075589449127,-12.986352234374245,-12.92884147250358,-13.001775744229429,70,0.4305555555555556,80.09524395594458,558.321757226534,1.0151304676846076,21.86880622268163
2021-06-28 14:10:00,-12.982990073914452,-12.970073402817755,-12.95091085519373,-12.95642932030706,-12.997729881671155,-12.892889104946835,-13.009601216895694,70,0.4583333333333333,81.31175430298669,556.3845700490554,1.0116083091801007,21.899171826367546
2021-06-28 14:15:00,-12.88609889694062,-12.9283280994855,-12.884265805374037,-12.855982915682231,-12.972089918999153,-12.874072264747978,-12.996797750945928,70,0.4861111111111111,81.92338730807863,555.5100547469376,1.0100182813580683,21.91291439402028
2021-06-28 14:20:00,-12.91930348803608,-12.91444312202144,-12.837577390014513,-12.812410558266484,-12.94350463491149,-12.885181653324109,-12.980800680335674,70,0.5138888888888888,81.92338730807863,555.5100547469376,1.0100182813580683,21.91291439402028
2021-06-28 14:25:00,-12.90079282216303,-12.921418740982944,-12.870437251498696,-12.80775653405593,-12.926421386892423,-12.907593962889711,-12.958889066106288,70,0.5416666666666666,81.3117543029867,556.3845700490554,1.0116083091801007,21.899171826367546
2021-06-28 14:30:00,-12.957512415619146,-12.949417947847987,-12.847399276297509,-12.864437746684878,-12.956328890475971,-12.882188472180031,-12.975772094143634,70,0.5694444444444444,80.09524395594458,558.321757226534,1.0151304676846076,21.86880622268163
2021-06-28 14:35:00,-12.92254759837595,-12.89642224303098,-12.878527115726648,-12.82461862709664,-12.861367745733702,-12.91651471387305,-12.92884147250358,70,0.5972222222222222,78.28732091574973,561.6956771060345,1.0212648674655171,21.816168916637658
2021-06-28 14:40:00,-12.879302001366034,-12.87484226385656,-12.847100661831597,-12.804094130852716,-12.825166600633596,-12.93626327772776,-12.892889104946835,70,0.625,75.90806788230319,567.06508111847,1.0310274202154,21.733044318665424
2021-06-28 14:45:00,-12.913191399462574,-12.89160511922946,-12.86072602993403,-12.872085766178268,-12.865331903652322,-12.969243748053676,-12.874072264747978,70,0.6527777777777778,72.98405557930008,575.1794243398531,1.0457807715270055,21.60889791505997
2021-06-28 14:50:00,-12.940573502771333,-12.9422799734164,-12.9058421688934,-12.914328402391,-12.895470564490395,-12.962480522932012,-12.885181653324109,70,0.6805555555555556,69.54818229029615,587.000796114409,1.0672741747534709,21.431116276029314
2021-06-28 14:55:00,-12.95656818911808,-12.983529074952262,-12.960332475971592,-12.942335066432742,-12.9339725238736,-12.916859094567718,-12.907593962889711,70,0.7083333333333334,65.63949652769072,603.7532271149208,1.097733140208947,21.185177830703115
2021-06-28 15:00:00,-12.948692792300111,-12.923082595456815,-12.9448791337462,-12.886550336881974,-12.892806179099049,-12.917326003145476,-12.882188472180031,70,0.7361111111111112,61.30302393660706,627.0153502079979,1.1400279094690873,20.854688932533097
2021-06-28 15:05:00,-12.990120301157704,-12.986575205858946,-12.953882054591336,-12.965769817972957,-12.963192545428722,-12.917921080424865,-12.91651471387305,70,0.7638888888888888,56.58963198367853,658.8812958918048,1.1979659925305544,20.42121190802138
2021-06-28 15:10:00,-12.976168696024356,-12.946505147323789,-12.974623286203215,-12.919868965556336,-12.923824342406922,-12.937210062950635,-12.93626327772776,70,0.7916666666666666,51.55598805017223,702.2327649706286,1.276786845401143,19.863792666931527
2021-06-28 15:15:00,-12.991981015289293,-13.008027116170746,-12.976950094773803,-12.981306900184894,-12.997742093752528,-12.941396364444676,-12.969243748053676,70,0.8194444444444444,46.26470858801082,761.2019950774787,1.3840036274135976,19.158055250843958
2021-06-28 15:20:00,-12.972210818604726,-12.969793385886978,-12.987624616947585,-12.93861456861386,-12.950779081020457,-12.980529630282003,-12.962480522932012,70,0.8472222222222222,40.784883744963764,841.9816786935072,1.5308757794427403,18.27465717160573
2021-06-28 15:25:00,-12.946417332624051,-12.925963826861834,-12.895829657835478,-12.888014739896684,-12.885872217449265,-13.037854041606217,-12.916859094567718,70,0.875,35.19335896718734,954.3017862880093,1.7350941568872897,17.176784347000584
2021-06-28 15:30:00,-12.955563716348916,-12.946651371320884,-12.896809241219753,-12.93440076086035,-12.903400799368995,-13.063683233386708,-12.917326003145476,70,0.9027777777777778,29.577662225059694,1114.256147375883,2.025920267956151,15.816257000944784
2021-06-28 15:35:00,-12.987694807339082,-13.015265175117548,-12.97928225339909,-13.006465270705114,-12.950262800742298,-13.081599258126136,-12.917921080424865,70,0.9305555555555556,24.04301710572996,1349.950291052939,2.4544550746417078,14.128175499124907
2021-06-28 15:40:00,-12.994392436137952,-13.028705872157056,-13.018206808950504,-13.022322193143438,-12.994938723244625,-13.082116003626442,-12.937210062950635,70,0.9583333333333334,18.732096909021678,1712.6296804120188,3.113872146203671,12.028290858350662
2021-06-28 15:45:00,-13.027644596197993,-13.058402584095544,-13.06477842447463,-13.066197032184196,-13.011866877830274,-13.083892716084028,-12.941396364444676,70,0.9861111111111112,13.908664235895909,2288.093132953492,4.160169332642712,9.459771369219304
2021-06-28 15:50:00,-13.074573880324373,-13.09639781141845,-13.083343375957014,-13.133556692298791,-13.060378615091285,-13.073103284039824,-12.980529630282003,71,0.013888888888888888,13.908664235895905,2288.0931329534924,4.160169332642714,9.459771369219304
2021-06-28 15:55:00,-13.09621121702144,-13.103279590305895,-13.10946120900363,-13.148931353828496,-13.12045272191814,-13.07727714084142,-13.037854041606217,71,0.041666666666666664,18.732096909021678,1712.6296804120188,3.113872146203671,12.028290858350662
2021-06-28 16:00:00,-13.070468411178457,-13.069795220073315,-13.061163212243,-13.06027254444166,-13.065463813003396,-13.081124935070402,-13.063683233386708,71,0.06944444444444445,24.04301710572997,1349.9502910529386,2.454455074641707,14.128175499124909
2021-06-28 16:05:00,-13.056570829966985,-13.106574053386376,-13.061537076391264,-13.0729972133902,-13.098992024255192,-13.054570461962,-13.081599258126136,71,0.09722222222222222,29.57766222505968,1114.2561473758838,2.0259202679561525,15.81625700094478
2021-06-28 16:10:00,-13.03462394608354,-13.074284452895192,-13.00661053632066,-13.008957669283818,-13.077184038259157,-13.021412393081286,-13.082116003626442,71,0.125,35.193358967187336,954.3017862880095,1.73509415688729,17.176784347000584
2021-06-28 16:15:00,-13.04839132324649,-13.104657530321235,-13.048615095099423,-13.059543803024027,-13.11688502049832,-12.972842125058849,-13.083892716084028,71,0.1527777777777778,40.784883744963764,841.9816786935072,1.5308757794427403,18.27465717160573
2021-06-28 16:20:00,-13.060526032359263,-13.11679970160401,-13.080320246137196,-13.067423328688552,-13.1267552026555,-12.90795014859637,-13.073103284039824,71,0.18055555555555555,46.2647085880108,761.2019950774791,1.3840036274135983,19.15805525084395
2021-06-28 16:25:00,-13.047726084651988,-13.140113669577524,-13.05249356491376,-13.06899679722046,-13.159846890151046,-12.844821887447736,-13.07727714084142,71,0.20833333333333334,51.55598805017222,702.2327649706288,1.2767868454011433,19.863792666931527
2021-06-28 16:30:00,-13.0528031702529,-13.111200606094808,-13.028363335339456,-12.995334394681048,-13.09175360378627,-12.794996130231189,-13.081124935070402,71,0.2361111111111111,56.589631983678515,658.8812958918049,1.1979659925305546,20.421211908021377
2021-06-28 16:35:00,-13.000051979867502,-13.083042686350352,-12.99527862617612,-12.945333016103827,-13.057225659215936,-12.7803819324543,-13.054570461962,71,0.2638888888888889,61.30302393660706,627.0153502079979,1.1400279094690873,20.854688932533097
2021-06-28 16:40:00,-12.98140878383519,-13.029165763684498,-12.932256842746488,-12.85489115560765,-12.992644422071589,-12.790652118429154,-13.021412393081286,71,0.2916666666666667,65.63949652769072,603.7532271149208,1.097733140208947,21.185177830703115
2021-06-28 16:45:00,-12.917437772766409,-12.993911961667369,-12.880935628936886,-12.825321984830852,-12.918789650174196,-12.816035627392369,-12.972842125058849,71,0.3194444444444444,69.54818229029615,587.000796114409,1.0672741747534709,21.431116276029314
2021-06-28 16:50:00,-12.92068170864797,-12.948663237751468,-12.874719795824491,-12.810745760811752,-12.865285265132036,-12.855213438250312,-12.90795014859637,71,0.3472222222222222,72.98405557930008,575.1794243398531,1.0457807715270055,21.60889791505997
2021-06-28 16:55:00,-12.907626121370656,-12.955659729335729,-12.863131228436467,-12.822995583329645,-12.828733575143811,-12.86120997727294,-12.844821887447736,71,0.375,75.90806788230319,567.06508111847,1.0310274202154,21.733044318665424
2021-06-28 17:00:00,-12.925532579979675,-12.936129141057734,-12.9032012772205,-12.833936794099458,-12.824399740076254,-12.898030623815174,-12.794996130231189,71,0.4027777777777778,78.28732091574973,561.6956771060345,1.0212648674655171,21.816168916637658
2021-06-28 17:05:00,-12.95489844867803,-12.990149454594604,-12.949987621842068,-12.90278536862066,-12.894149682508184,-12.92023538615024,-12.7803819324543,71,0.4305555555555556,80.09524395594458,558.321757226534,1.0151304676846076,21.86880622268163
2021-06-28 17:10:00,-12.994382608320086,-12.998942350480077,-12.996137368107588,-12.933777363182736,-12.8961999165121,-12.96301581916545,-12.790652118429154,71,0.4583333333333333,81.31175430298669,556.3845700490554,1.0116083091801007,21.899171826367546
2021-06-28 17:15:00,-12.97314132105244,-13.016850482616311,-12.960902896477164,-12.94511756009678,-12.962162543594216,-13.022697511110913,-12.816035627392369,71,0.4861111111111111,81.92338730807863,555.5100547469376,1.0100182813580683,21.91291439402028
2021-06-28 17:20:00,-13.015448070692372,-13.01455706705411,-12.989636702735403,-12.962344212842805,-12.971168372077774,-13.054352272774835,-12.855213438250312,71,0.5138888888888888,81.92338730807863,555.5100547469376,1.0100182813580683,21.91291439402028
2021-06-28 17:25:00,-12.979248175876789,-12.97271040719085,-12.940833271187929,-12.890643942863129,-12.902389755337,-13.11120983367406,-12.86120997727294,71,0.5416666666666666,81.3117543029867,556.3845700490554,1.0116083091801007,21.899171826367546
2021-06-28 17:30:00,-13.013297843003134,-13.012724497031192,-12.972006062707068,-12.960678833860388,-12.954446194597915,-13.136382742386388,-12.898030623815174,71,0.5694444444444444,80.09524395594458,558.321757226534,1.0151304676846076,21.86880622268163
2021-06-28 17:35:00,-13.040320416821048,-13.04444833958976,-13.023210244070198,-12.995708607745922,-13.02606371318811,-13.169620073490478,-12.92023538615024,71,0.5972222222222222,78.28732091574973,561.6956771060345,1.0212648674655171,21.816168916637658
2021-06-28 17:40:00,-13.090399254885822,-13.098884717928174,-13.06495154526626,-13.095846977156352,-13.104464868521688,-13.210967389680398,-12.96301581916545,71,0.625,75.90806788230319,567.06508111847,1.0310274202154,21.733044318665424
2021-06-28 17:45:00,-13.164473640713206,-13.179931666619863,-13.1271757925532,-13.231669339097202,-13.193512167478044,-13.185618016392256,-13.022697511110913,71,0.6527777777777778,72.98405557930008,575.1794243398531,1.0457807715270055,21.60889791505997
2021-06-28 17:50:00,-13.179271572161962,-13.149766130133946,-13.177083923166236,-13.152114578219813,-13.18930632665381,-13.179609439746564,-13.054352272774835,71,0.6805555555555556,69.54818229029615,587.000796114409,1.0672741747534709,21.431116276029314
2021-06-28 17:55:00,-13.226619410839149,-13.185547847613902,-13.187805432776909,-13.198520080360906,-13.202436523933024,-13.181276301624576,-13.11120983367406,71,0.7083333333333334,65.63949652769072,603.7532271149208,1.097733140208947,21.185177830703115
2021-06-28 18:00:00,-13.249642746080882,-13.18123415297122,-13.186295728755589,-13.199251264194812,-13.20579470092818,-13.210854689615172,-13.136382742386388,71,0.7361111111111112,61.30302393660706,627.0153502079979,1.1400279094690873,20.854688932533097
2021-06-28 18:05:00,-13.266392502511168,-13.225997834138353,-13.228295809771184,-13.25238214854351,-13.295932713209288,-13.250252536010684,-13.169620073490478,71,0.7638888888888888,56.58963198367853,658.8812958918048,1.1979659925305544,20.42121190802138
2021-06-28 18:10:00,-13.332697155100831,-13.288871507674957,-13.308605742499456,-13.33724605364425,-13.367398235000984,-13.224236746534476,-13.210967389680398,71,0.7916666666666666,51.55598805017223,702.2327649706286,1.276786845401143,19.863792666931527
2021-06-28 18:15:00,-13.308715229624228,-13.228327184146655,-13.2866067537355,-13.295900205811732,-13.28146875310965,-13.278371405819115,-13.185618016392256,71,0.8194444444444444,46.26470858801082,761.2019950774787,1.3840036274135976,19.158055250843958
2021-06-28 18:20:00,-13.295634680271062,-13.225005314907769,-13.23069612344107,-13.272698472414634,-13.23332797235848,-13.341104315371553,-13.179609439746564,71,0.8472222222222222,40.784883744963764,841.9816786935072,1.5308757794427403,18.27465717160573
2021-06-28 18:25:00,-13.343834020860044,-13.25962448222813,-13.28666095211568,-13.318448592855477,-13.213011546720011,-13.34633373214938,-13.181276301624576,71,0.875,35.19335896718734,954.3017862880093,1.7350941568872897,17.176784347000584
2021-06-28 18:30:00,-13.354628832035328,-13.30197574208295,-13.336086240292406,-13.34689317631991,-13.291526448868646,-13.358859664011796,-13.210854689615172,71,0.9027777777777778,29.577662225059694,1114.256147375883,2.025920267956151,15.816257000944784
2021-06-28 18:35:00,-13.404747199444444,-13.36313453596678,-13.40552022419524,-13.418842907137972,-13.36404789409138,-13.348916034908084,-13.250252536010684,71,0.9305555555555556,24.04301710572996,1349.950291052939,2.4544550746417078,14.128175499124907
2021-06-28 18:40:00,-13.399640775771855,-13.307126018383986,-13.401615861860764,-13.422005443681922,-13.284519171116058,-13.40998051245776,-13.224236746534476,71,0.9583333333333334,18.732096909021678,1712.6296804120188,3.113872146203671,12.028290858350662
2021-06-28 18:45:00,-13.439454483518082,-13.38362473729412,-13.389521597998431,-13.462145094060674,-13.368510268584464,-13.419342693837184,-13.278371405819115,71,0.9861111111111112,13.908664235895909,2288.093132953492,4.160169332642712,9.459771369219304
2021-06-28 18:50:00,-13.48323818990161,-13.395675410168275,-13.462152702986968,-13.476526649870166,-13.42014600891124,-13.440659688740237,-13.341104315371553,72,0.013888888888888888,13.908664235895905,2288.0931329534924,4.160169332642714,9.459771369219304
2021-06-28 18:55:00,-13.405296277884002,-13.324815999812015,-13.422360669867905,-13.423726969162264,-13.314781537430784,-13.478693439286127,-13.34633373214938,72,0.041666666666666664,18.732096909021678,1712.6296804120188,3.113872146203671,12.028290858350662
2021-06-28 19:00:00,-13.445307570564626,-13.369557406248076,-13.393908402968938,-13.40033401492436,-13.392728243417238,-13.495178939541642,-13.358859664011796,72,0.06944444444444445,24.04301710572997,1349.9502910529386,2.454455074641707,14.128175499124909
2021-06-28 19:05:00,-13.47491873490933,-13.378484615437328,-13.466331504591151,-13.415921966270488,-13.419600535943326,-13.500725802287343,-13.348916034908084,72,0.09722222222222222,29.57766222505968,1114.2561473758838,2.0259202679561525,15.81625700094478
2021-06-28 19:10:00,-13.511342343425085,-13.451484972917534,-13.518826117693123,-13.515362415230552,-13.494470226300914,-13.473658980573113,-13.40998051245776,72,0.125,35.193358967187336,954.3017862880095,1.73509415688729,17.176784347000584
2021-06-28 19:15:00,-13.547146683109778,-13.460498657498505,-13.575820490249187,-13.535266036173196,-13.541905468589054,-13.467085366187476,-13.419342693837184,72,0.1527777777777778,40.784883744963764,841.9816786935072,1.5308757794427403,18.27465717160573
2021-06-28 19:20:00,-13.55710379638667,-13.49595590254125,-13.578623017541952,-13.592034078154512,-13.529793315481337,-13.45008644876901,-13.440659688740237,72,0.18055555555555555,46.2647085880108,761.2019950774791,1.3840036274135983,19.15805525084395
2021-06-28 19:25:00,-13.55790693700242,-13.46095139032344,-13.570309570457562,-13.596854753661209,-13.500958388827884,-13.455993396182768,-13.478693439286127,72,0.20833333333333334,51.55598805017222,702.2327649706288,1.2767868454011433,19.863792666931527
2021-06-28 19:30:00,-13.562611234281286,-13.468434272559564,-13.547963166151334,-13.578283885134637,-13.51180527217275,-13.449463599908148,-13.495178939541642,72,0.2361111111111111,56.589631983678515,658.8812958918049,1.1979659925305546,20.421211908021377
2021-06-28 19:35:00,-13.54353955411296,-13.46421521300081,-13.558306955358283,-13.553906884287482,-13.50480619759506,-13.459623288353882,-13.500725802287343,72,0.2638888888888889,61.30302393660706,627.0153502079979,1.1400279094690873,20.854688932533097
2021-06-28 19:40:00,-13.550943477360844,-13.467669462224022,-13.55032606941838,-13.526384807265105,-13.496808541850555,-13.458103095026956,-13.473658980573113,72,0.2916666666666667,65.63949652769072,603.7532271149208,1.097733140208947,21.185177830703115
2021-06-28 19:45:00,-13.575592480513253,-13.488171872825092,-13.556034570509857,-13.528008770572752,-13.519216506313994,-13.441873529648504,-13.467085366187476,72,0.3194444444444444,69.54818229029615,587.000796114409,1.0672741747534709,21.431116276029314
2021-06-28 19:50:00,-13.57006399858556,-13.50082307221406,-13.581577832397052,-13.532500126951804,-13.524999106753372,-13.476404184683028,-13.45008644876901,72,0.3472222222222222,72.98405557930008,575.1794243398531,1.0457807715270055,21.60889791505997
2021-06-28 19:55:00,-13.55894759533174,-13.4998542225955,-13.583509042222175,-13.518002452784668,-13.510399690683313,-13.498592420728214,-13.455993396182768,72,0.375,75.90806788230319,567.06508111847,1.0310274202154,21.733044318665424
2021-06-28 20:00:00,-13.53776337046812,-13.49128615188745,-13.53857848328507,-13.490766527363013,-13.464666518139923,-13.496804987262584,-13.449463599908148,72,0.4027777777777778,78.28732091574973,561.6956771060345,1.0212648674655171,21.816168916637658
2021-06-28 20:05:00,-13.554508889015407,-13.51300932318042,-13.548885101969349,-13.496256115992267,-13.47090554512055,-13.504104298223243,-13.459623288353882,72,0.4305555555555556,80.09524395594458,558.321757226534,1.0151304676846076,21.86880622268163
2021-06-28 20:10:00,-13.537714449451675,-13.494901177402054,-13.531364436095217,-13.487254209186029,-13.472628478988252,-13.53293347411308,-13.458103095026956,72,0.4583333333333333,81.31175430298669,556.3845700490554,1.0116083091801007,21.899171826367546
2021-06-28 20:15:00,-13.514835238577408,-13.480199927168124,-13.50595492557542,-13.465056454259562,-13.45011474735995,-13.57739380613008,-13.441873529648504,72,0.4861111111111111,81.92338730807863,555.5100547469376,1.0100182813580683,21.91291439402028
2021-06-28 20:20:00,-13.575738058699931,-13.56938586890023,-13.636955259957707,-13.58424286473795,-13.538208515372292,-13.540981544673269,-13.476404184683028,72,0.5138888888888888,81.92338730807863,555.5100547469376,1.0100182813580683,21.91291439402028
2021-06-28 20:25:00,-13.592929732555744,-13.555025453852098,-13.649015373606774,-13.58413398821725,-13.580465108249449,-13.510780318725454,-13.498592420728214,72,0.5416666666666666,81.3117543029867,556.3845700490554,1.0116083091801007,21.899171826367546
2021-06-28 20:30:00,-13.548165403307207,-13.508295330227384,-13.551925474085008,-13.536035535412404,-13.490117884114802,-13.578552252891864,-13.496804987262584,72,0.5694444444444444,80.09524395594458,558.321757226534,1.0151304676846076,21.86880622268163
2021-06-28 20:35:00,-13.580146343849275,-13.543688258971684,-13.577679837790718,-13.537855200958576,-13.54225156479039,-13.57025332946139,-13.504104298223243,72,0.5972222222222222,78.28732091574973,561.6956771060345,1.0212648674655171,21.816168916637658
2021-06-28 20:40:00,-13.5966559874987,-13.567576954034614,-13.627659481770737,-13.56831551929705,-13.566161584368825,-13.542302626555625,-13.53293347411308,72,0.625,75.90806788230319,567.06508111847,1.0310274202154,21.733044318665424
2021-06-28 20:45:00,-13.613955025903232,-13.591218805760414,-13.663242666477077,-13.606943524805835,-13.596848058823742,-13.486055910968082,-13.57739380613008,72,0.6527777777777778,72.98405557930008,575.1794243398531,1.0457807715270055,21.60889791505997
2021-06-28 20:50:00,-13.58981855217542,-13.550533416813591,-13.6015608464068,-13.568110559864705,-13.527860909889911,-13.484606253314718,-13.540981544673269,72,0.6805555555555556,69.54818229029615,587.000796114409,1.0672741747534709,21.431116276029314
2021-06-28 20:55:00,-13.5700147359216,-13.535504253917928,-13.54217568269668,-13.533584374415616,-13.477738766185391,-13.489087442499985,-13.510780318725454,72,0.7083333333333334,65.63949652769072,603.7532271149208,1.097733140208947,21.185177830703115
2021-06-28 21:00:00,-13.667220184994244,-13.649528226452908,-13.69273272041242,-13.672235265205815,-13.590328660991029,-13.444527356677831,-13.578552252891864,72,0.7361111111111112,61.30302393660706,627.0153502079979,1.1400279094690873,20.854688932533097
2021-06-28 21:05:00,-13.61656224712321,-13.566584984083574,-13.645432290779702,-13.617219620555783,-13.517689092957411,-13.435361618984723,-13.57025332946139,72,0.7638888888888888,56.58963198367853,658.8812958918048,1.1979659925305544,20.42121190802138
2021-06-28 21:10:00,-13.58896742098752,-13.5607067750639,-13.55169898359015,-13.563672914836395,-13.490340805483498,-13.430141782875497,-13.542302626555625,72,0.7916666666666666,51.55598805017223,702.2327649706286,1.276786845401143,19.863792666931527
2021-06-28 21:15:00,-13.591388509733932,-13.513919707050436,-13.529473591560484,-13.512525446960684,-13.466519192651274,-13.452022114550012,-13.486055910968082,72,0.8194444444444444,46.26470858801082,761.2019950774787,1.3840036274135976,19.158055250843958
2021-06-28 21:20:00,-13.586272541738223,-13.539693319922511,-13.582319200234531,-13.523786374382254,-13.508738260637326,-13.458007706313984,-13.484606253314718,72,0.8472222222222222,40.784883744963764,841.9816786935072,1.5308757794427403,18.27465717160573
2021-06-28 21:25:00,-13.571557674250082,-13.531741960052356,-13.566690680063328,-13.519316345531024,-13.498882102383709,-13.47099249804755,-13.489087442499985,72,0.875,35.19335896718734,954.3017862880093,1.7350941568872897,17.176784347000584
2021-06-28 21:30:00,-13.590633323344854,-13.564635540382472,-13.620792017811654,-13.54527601758569,-13.512921794423043,-13.448532657680122,-13.444527356677831,72,0.9027777777777778,29.577662225059694,1114.256147375883,2.025920267956151,15.816257000944784
2021-06-28 21:35:00,-13.576934530103175,-13.525976103995651,-13.588731691471576,-13.53411237974571,-13.474276866458643,-13.45114883079189,-13.435361618984723,72,0.9305555555555556,24.04301710572996,1349.950291052939,2.4544550746417078,14.128175499124907
2021-06-28 21:40:00,-13.56948829344716,-13.511723969291753,-13.539774147818653,-13.511870770362748,-13.430776044217165,-13.46435034335522,-13.430141782875497,72,0.9583333333333334,18.732096909021678,1712.6296804120188,3.113872146203671,12.028290858350662
2021-06-28 21:45:00,-13.564533183278035,-13.522416548487858,-13.578518967701031,-13.51412798824226,-13.460302730762074,-13.52804020214409,-13.452022114550012,72,0.9861111111111112,13.908664235895909,2288.093132953492,4.160169332642712,9.459771369219304
2021-06-28 21:50:00,-13.565216543729,-13.540541291904091,-13.608389297127358,-13.53209021172166,-13.471328748258282,-13.579708925994211,-13.458007706313984,73,0.013888888888888888,13.908664235895905,2288.0931329534924,4.160169332642714,9.459771369219304
2021-06-28 21:55:00,-13.587396598406576,-13.534413402807523,-13.617547820242631,-13.540097389981996,-13.489733030910578,-13.585231658066924,-13.47099249804755,73,0.041666666666666664,18.732096909021678,1712.6296804120188,3.113872146203671,12.028290858350662
2021-06-28 22:00:00,-13.538377790812108,-13.500132573619233,-13.55086811864205,-13.507430115928672,-13.453222554879703,-13.60950834538853,-13.448532657680122,73,0.06944444444444445,24.04301710572997,1349.9502910529386,2.454455074641707,14.128175499124909
2021-06-28 22:05:00,-13.53514742269833,-13.509015963309947,-13.562617020481746,-13.495866325254548,-13.46064735497146,-13.640123262861888,-13.45114883079189,73,0.09722222222222222,29.57766222505968,1114.2561473758838,2.0259202679561525,15.81625700094478
2021-06-28 22:10:00,-13.536661651731944,-13.526930509730356,-13.56890572628208,-13.501943120549436,-13.451591740449024,-13.653035750714276,-13.46435034335522,73,0.125,35.193358967187336,954.3017862880095,1.73509415688729,17.176784347000584
2021-06-28 22:15:00,-13.627958372462295,-13.64412195697388,-13.688958954657654,-13.664320382658085,-13.537103118473512,-13.621951191483046,-13.52804020214409,73,0.1527777777777778,40.784883744963764,841.9816786935072,1.5308757794427403,18.27465717160573
2021-06-28 22:20:00,-13.687209806612303,-13.662474644174436,-13.744823091813718,-13.71419990210905,-13.6055762587217,-13.572790832781113,-13.579708925994211,73,0.18055555555555555,46.2647085880108,761.2019950774791,1.3840036274135983,19.15805525084395
2021-06-28 22:25:00,-13.650286389590056,-13.597478554471207,-13.67314128533802,-13.653569694895848,-13.562836060153147,-13.604009913903925,-13.585231658066924,73,0.20833333333333334,51.55598805017222,702.2327649706288,1.2767868454011433,19.863792666931527
2021-06-28 22:30:00,-13.648692145981624,-13.598095959135891,-13.648497319669175,-13.624342898543206,-13.575975154805937,-13.624946262592095,-13.60950834538853,73,0.2361111111111111,56.589631983678515,658.8812958918049,1.1979659925305546,20.421211908021377
2021-06-28 22:35:00,-13.660428319634129,-13.625133016147368,-13.678692810300204,-13.629446443653755,-13.593935113961914,-13.637347558533564,-13.640123262861888,73,0.2638888888888889,61.30302393660706,627.0153502079979,1.1400279094690873,20.854688932533097
2021-06-28 22:40:00,-13.637043768471264,-13.607922136576171,-13.671340439481536,-13.614491528806614,-13.587974964034135,-13.633172349680104,-13.653035750714276,73,0.2916666666666667,65.63949652769072,603.7532271149208,1.097733140208947,21.185177830703115
2021-06-28 22:45:00,-13.667007200479857,-13.643830448536807,-13.692646974155364,-13.642341383908272,-13.591945816790222,-13.650500333625123,-13.621951191483046,73,0.3194444444444444,69.54818229029615,587.000796114409,1.0672741747534709,21.431116276029314
2021-06-28 22:50:00,-13.654226937484692,-13.607202681553686,-13.684921684170918,-13.633156633894432,-13.54865286161951,-13.684768320782366,-13.572790832781113,73,0.3472222222222222,72.98405557930008,575.1794243398531,1.0457807715270055,21.60889791505997
2021-06-28 22:55:00,-13.691526021391027,-13.670145752224538,-13.732023100491864,-13.684594996456047,-13.555185372901509,-13.645391641994566,-13.604009913903925,73,0.375,75.90806788230319,567.06508111847,1.0310274202154,21.733044318665424
2021-06-28 23:00:00,-13.702633607231334,-13.66335508146814,-13.76329680160243,-13.69110359968112,-13.603231386447415,-13.664973685396864,-13.624946262592095,73,0.4027777777777778,78.28732091574973,561.6956771060345,1.0212648674655171,21.816168916637658
2021-06-28 23:05:00,-13.692158549053286,-13.684606143377446,-13.741747624502308,-13.699074178042824,-13.601858864806834,-13.71071447231837,-13.637347558533564,73,0.4305555555555556,80.09524395594458,558.321757226534,1.0151304676846076,21.86880622268163
2021-06-28 23:10:00,-13.683712615424213,-13.628111947037988,-13.700033146270686,-13.661676016357267,-13.592829302724658,-13.779631332727904,-13.633172349680104,73,0.4583333333333333,81.31175430298669,556.3845700490554,1.0116083091801007,21.899171826367546
2021-06-28 23:15:00,-13.709725628105724,-13.681805395880676,-13.7482300299052,-13.716270198818076,-13.609415504493724,-13.819713855280764,-13.650500333625123,73,0.4861111111111111,81.92338730807863,555.5100547469376,1.0100182813580683,21.91291439402028
2021-06-28 23:20:00,-13.716395547110434,-13.678332937317771,-13.77727780296022,-13.723126628289345,-13.672204357009392,-13.825013084457098,-13.684768320782366,73,0.5138888888888888,81.92338730807863,555.5100547469376,1.0100182813580683,21.91291439402028
2021-06-28 23:25:00,-13.652829090313457,-13.616058556675553,-13.699221813383684,-13.655311675612486,-13.623940437771063,-13.905743432624767,-13.645391641994566,73,0.5416666666666666,81.3117543029867,556.3845700490554,1.0116083091801007,21.899171826367546
2021-06-28 23:30:00,-13.716237924031594,-13.698846360160664,-13.7634175267497,-13.7312977319348,-13.610387353559796,-13.94127532658935,-13.664973685396864,73,0.5694444444444444,80.09524395594458,558.321757226534,1.0151304676846076,21.86880622268163
2021-06-28 23:35:00,-13.793453518875102,-13.769730090591567,-13.846759108678368,-13.840760243545004,-13.68798102862728,-13.951446594705098,-13.71071447231837,73,0.5972222222222222,78.28732091574973,561.6956771060345,1.0212648674655171,21.816168916637658
2021-06-28 23:40:00,-13.833155809551556,-13.78754938398856,-13.896434744523203,-13.865661084530212,-13.74646843716741,-13.93529352929352,-13.779631332727904,73,0.625,75.90806788230319,567.06508111847,1.0310274202154,21.733044318665424
2021-06-28 23:45:00,-13.87490568828096,-13.83539779017786,-13.92269647659531,-13.902265286468335,-13.765833832430909,-13.912720630857883,-13.819713855280764,73,0.6527777777777778,72.98405557930008,575.1794243398531,1.0457807715270055,21.60889791505997
2021-06-28 23:50:00,-13.857065029529425,-13.78450305071573,-13.857133649796175,-13.853627299547057,-13.764123501358489,-13.916968574286464,-13.825013084457098,73,0.6805555555555556,69.54818229029615,587.000796114409,1.0672741747534709,21.431116276029314
2021-06-28 23:55:00,-13.889103686694163,-13.8541571610635,-13.872345919720026,-13.918915616202794,-13.816898970524708,-13.887799116563498,-13.905743432624767,73,0.7083333333333334,65.63949652769072,603.7532271149208,1.097733140208947,21.185177830703115
2021-06-29 00:00:00,-13.929139163657364,-13.872653022314198,-13.940149343610544,-13.948477401578002,-13.85724722215293,-13.882798908922451,-13.94127532658935,73,0.7361111111111112,61.30302393660706,627.0153502079979,1.1400279094690873,20.854688932533097
2021-06-29 00:05:00,-13.920184335151722,-13.900877260336497,-13.972628885989169,-13.974565082414182,-13.922765038709294,-13.860871099147058,-13.951446594705098,73,0.7638888888888888,56.58963198367853,658.8812958918048,1.1979659925305544,20.42121190802138
2021-06-29 00:10:00,-13.916340727922066,-13.855226752887257,-13.920403338477644,-13.919473301252076,-13.87963260698675,-13.862963144991475,-13.93529352929352,73,0.7916666666666666,51.55598805017223,702.2327649706286,1.276786845401143,19.863792666931527
2021-06-29 00:15:00,-13.910757596930235,-13.861994368357434,-13.899102967997267,-13.916659317863932,-13.850580181710257,-13.86235213385354,-13.912720630857883,73,0.8194444444444444,46.26470858801082,761.2019950774787,1.3840036274135976,19.158055250843958
2021-06-29 00:20:00,-13.88534896597106,-13.853292334872688,-13.890629382726804,-13.89441643638916,-13.836436672441076,-13.913833529463794,-13.916968574286464,73,0.8472222222222222,40.784883744963764,841.9816786935072,1.5308757794427403,18.27465717160573
2021-06-29 00:25:00,-13.881478666620692,-13.857383166566848,-13.897199308046194,-13.888145183688447,-13.80330038177214,-13.934079154106694,-13.887799116563498,73,0.875,35.19335896718734,954.3017862880093,1.7350941568872897,17.176784347000584
2021-06-29 00:30:00,-13.912433792327583,-13.8981170149789,-13.946018906063294,-13.926466520572898,-13.779194808971653,-13.903668338312348,-13.882798908922451,73,0.9027777777777778,29.577662225059694,1114.256147375883,2.025920267956151,15.816257000944784
2021-06-29 00:35:00,-13.916655508857598,-13.87694168137335,-13.944027784348492,-13.923690220178695,-13.81116807334829,-13.916211018172072,-13.860871099147058,73,0.9305555555555556,24.04301710572996,1349.950291052939,2.4544550746417078,14.128175499124907
2021-06-29 00:40:00,-13.90276383015212,-13.854683081774288,-13.917060019514826,-13.903114171505552,-13.829441097933136,-13.92897229428834,-13.862963144991475,73,0.9583333333333334,18.732096909021678,1712.6296804120188,3.113872146203671,12.028290858350662
2021-06-29 00:45:00,-13.889958445160996,-13.855788665863049,-13.90116337873566,-13.893580112349923,-13.812183798678143,-13.917053448251997,-13.86235213385354,73,0.9861111111111112,13.908664235895909,2288.093132953492,4.160169332642712,9.459771369219304
2021-06-29 00:50:00,-13.941408351047142,-13.93305156994187,-13.9602110019705,-13.977920468076451,-13.841545044231408,-13.888214937934189,-13.913833529463794,74,0.013888888888888888,13.908664235895905,2288.0931329534924,4.160169332642714,9.459771369219304
2021-06-29 00:55:00,-13.949752749942531,-13.890134161876864,-13.97668655355943,-13.95651126468995,-13.91272342219077,-13.91723241339685,-13.934079154106694,74,0.041666666666666664,18.732096909021678,1712.6296804120188,3.113872146203671,12.028290858350662
2021-06-29 01:00:00,-13.90847457739428,-13.836362527427186,-13.914765572959872,-13.906233282469673,-13.865029865305244,-13.929375990806813,-13.903668338312348,74,0.06944444444444445,24.04301710572997,1349.9502910529386,2.454455074641707,14.128175499124909
2021-06-29 01:05:00,-13.930796081411977,-13.887911545557223,-13.930984321923397,-13.938713377299598,-13.87589088340739,-13.923219124601612,-13.916211018172072,74,0.09722222222222222,29.57766222505968,1114.2561473758838,2.0259202679561525,15.81625700094478
2021-06-29 01:10:00,-13.94316790843804,-13.882329766808452,-13.95708622111146,-13.946745059682732,-13.908126242311358,-13.919264212973172,-13.92897229428834,74,0.125,35.193358967187336,954.3017862880095,1.73509415688729,17.176784347000584
2021-06-29 01:15:00,-13.898149088136645,-13.838250198861424,-13.914682501730164,-13.90177212191563,-13.840754515497313,-13.95399662267732,-13.917053448251997,74,0.1527777777777778,40.784883744963764,841.9816786935072,1.5308757794427403,18.27465717160573
2021-06-29 01:20:00,-13.92552531801579,-13.885903524083464,-13.920848323461705,-13.933411996470833,-13.805752509558705,-13.975900647970429,-13.888214937934189,74,0.18055555555555555,46.2647085880108,761.2019950774791,1.3840036274135983,19.15805525084395
2021-06-29 01:25:00,-13.977473622203805,-13.942181896925428,-13.98989828101999,-14.017533348871437,-13.891144180109368,-13.954441375050305,-13.91723241339685,74,0.20833333333333334,51.55598805017222,702.2327649706288,1.2767868454011433,19.863792666931527
2021-06-29 01:30:00,-13.947568415654606,-13.877626372782448,-13.96884340245156,-13.954993448357436,-13.89076138951115,-13.969693014398384,-13.929375990806813,74,0.2361111111111111,56.589631983678515,658.8812958918049,1.1979659925305546,20.421211908021377
2021-06-29 01:35:00,-13.948689542877249,-13.899680640390311,-13.927997566660231,-13.965148811691016,-13.84611064715756,-13.93909006185713,-13.923219124601612,74,0.2638888888888889,61.30302393660706,627.0153502079979,1.1400279094690873,20.854688932533097
2021-06-29 01:40:00,-13.945395828225903,-13.89022493754924,-13.95387458909276,-13.955914530056663,-13.879898045298267,-13.957605699791882,-13.919264212973172,74,0.2916666666666667,65.63949652769072,603.7532271149208,1.097733140208947,21.185177830703115
2021-06-29 01:45:00,-13.963071216809553,-13.909136516688084,-13.970309550049322,-13.973616959677631,-13.880761817444204,-13.945078808408788,-13.95399662267732,74,0.3194444444444444,69.54818229029615,587.000796114409,1.0672741747534709,21.431116276029314
2021-06-29 01:50:00,-13.983203210942932,-13.93467541373722,-14.005612031342432,-14.004663850453111,-13.88468884482018,-13.91417363592998,-13.975900647970429,74,0.3472222222222222,72.98405557930008,575.1794243398531,1.0457807715270055,21.60889791505997
2021-06-29 01:55:00,-13.959503631695268,-13.918695426264948,-13.992099421457992,-13.989315299516438,-13.90633717239048,-13.916287343680642,-13.954441375050305,74,0.375,75.90806788230319,567.06508111847,1.0310274202154,21.733044318665424
2021-06-29 02:00:00,-13.971868131472512,-13.917665989666968,-13.961704394140275,-13.978271739874176,-13.886153247834889,-13.930282708772236,-13.969693014398384,74,0.4027777777777778,78.28732091574973,561.6956771060345,1.0212648674655171,21.816168916637658
2021-06-29 02:05:00,-13.925644763802154,-13.849892265572084,-13.914420174591758,-13.91451307363933,-13.820919711087017,-13.963852353871545,-13.93909006185713,74,0.4305555555555556,80.09524395594458,558.321757226534,1.0151304676846076,21.86880622268163
2021-06-29 02:10:00,-13.949197827149748,-13.931081159662302,-13.945901292089136,-13.981879828391676,-13.83586380951923,-13.944277550488916,-13.957605699791882,74,0.4583333333333333,81.31175430298669,556.3845700490554,1.0116083091801007,21.899171826367546
2021-06-29 02:15:00,-13.953209524956565,-13.89972915044708,-13.981092963281991,-13.96403379050906,-13.884508251397808,-13.962650772293774,-13.945078808408788,74,0.4861111111111111,81.92338730807863,555.5100547469376,1.0100182813580683,21.91291439402028
2021-06-29 02:20:00,-13.937361616197345,-13.875946762658431,-13.942537677810137,-13.94251281750163,-13.82923014876564,-14.001719982856669,-13.91417363592998,74,0.5138888888888888,81.92338730807863,555.5100547469376,1.0100182813580683,21.91291439402028
2021-06-29 02:25:00,-13.949005167027924,-13.90988281413471,-13.973539122197083,-13.962480966209943,-13.84389932998508,-14.010699061066749,-13.916287343680642,74,0.5416666666666666,81.3117543029867,556.3845700490554,1.0116083091801007,21.899171826367546
2021-06-29 02:30:00,-13.969776870690463,-13.932858917368394,-14.01384314864491,-13.991603087579406,-13.890382407919263,-13.980199736758845,-13.930282708772236,74,0.5694444444444444,80.09524395594458,558.321757226534,1.0151304676846076,21.86880622268163
2021-06-29 02:35:00,-13.96187818368874,-13.91941171570268,-13.982006775885168,-13.973537668377872,-13.875208751433656,-13.981513291492234,-13.963852353871545,74,0.5972222222222222,78.28732091574973,561.6956771060345,1.0212648674655171,21.816168916637658
2021-06-29 02:40:00,-13.955585763380322,-13.906672593190953,-13.950209772549655,-13.955139150118749,-13.858498088201948,-14.00625828305804,-13.944277550488916,74,0.625,75.90806788230319,567.06508111847,1.0310274202154,21.733044318665424
2021-06-29 02:45:00,-13.976760640186416,-13.940048292801729,-13.992155422573994,-13.992660188604004,-13.853643698627751,-13.988470921318774,-13.962650772293774,74,0.6527777777777778,72.98405557930008,575.1794243398531,1.0457807715270055,21.60889791505997
2021-06-29 02:50:00,-14.008434824874994,-13.972338702757506,-14.034876481612637,-14.038357157414495,-13.901859438297434,-13.977021397200074,-14.001719982856669,74,0.6805555555555556,69.54818229029615,587.000796114409,1.0672741747534709,21.431116276029314
2021-06-29 02:55:00,-14.005871450842417,-13.96244536866534,-14.023971907086931,-14.026754517056508,-13.932344340718766,-14.001503189335946,-14.010699061066749,74,0.7083333333333334,65.63949652769072,603.7532271149208,1.097733140208947,21.185177830703115
2021-06-29 03:00:00,-13.952201155951917,-13.912738981046749,-13.938906299108876,-13.949878679762575,-13.887584300236902,-13.99628397836898,-13.980199736758845,74,0.7361111111111112,61.30302393660706,627.0153502079979,1.1400279094690873,20.854688932533097
2021-06-29 03:05:00,-13.988378923639113,-13.947315983934574,-13.960363885598715,-13.985453432317492,-13.84439514048875,-14.002878560462182,-13.981513291492234,74,0.7638888888888888,56.58963198367853,658.8812958918048,1.1979659925305544,20.42121190802138
2021-06-29 03:10:00,-14.00803729254998,-13.976622331572392,-14.012968182091049,-14.02657395271052,-13.888462988567944,-13.99879559643765,-14.00625828305804,74,0.7916666666666666,51.55598805017223,702.2327649706286,1.276786845401143,19.863792666931527
2021-06-29 03:15:00,-13.98510556245672,-13.947035012991954,-13.983415643006024,-14.010732673366904,-13.870635850335066,-14.000355253687056,-13.988470921318774,74,0.8194444444444444,46.26470858801082,761.2019950774787,1.3840036274135976,19.158055250843958
2021-06-29 03:20:00,-14.002587564008936,-13.977424337528786,-14.009273097031974,-14.03680529263606,-13.864793765065402,-13.996116265784815,-13.977021397200074,74,0.8472222222222222,40.784883744963764,841.9816786935072,1.5308757794427403,18.27465717160573
2021-06-29 03:25:00,-14.048554303512196,-14.022378358513407,-14.040932801681212,-14.08835277886764,-13.950177933908938,-13.97876225847592,-14.001503189335946,74,0.875,35.19335896718734,954.3017862880093,1.7350941568872897,17.176784347000584
2021-06-29 03:30:00,-13.964102178164737,-13.912569571670913,-13.949456083594365,-13.929088774283516,-13.8598135619767,-14.025728934832404,-13.99628397836898,74,0.9027777777777778,29.577662225059694,1114.256147375883,2.025920267956151,15.816257000944784
2021-06-29 03:35:00,-13.965574548108725,-13.963060966489412,-13.941829144479533,-13.95612382187026,-13.859242356408751,-14.039736541081751,-14.002878560462182,74,0.9305555555555556,24.04301710572996,1349.950291052939,2.4544550746417078,14.128175499124907
2021-06-29 03:40:00,-13.9889642312534,-13.968942883146024,-14.004832784245414,-13.975039609004606,-13.91101637674977,-14.046752091065652,-13.99879559643765,74,0.9583333333333334,18.732096909021678,1712.6296804120188,3.113872146203671,12.028290858350662
2021-06-29 03:45:00,-13.983508280366138,-13.94113150097634,-13.972399327935774,-13.99400846054015,-13.903540402221791,-14.041809105748747,-14.000355253687056,74,0.9861111111111112,13.908664235895909,2288.093132953492,4.160169332642712,9.459771369219304
2021-06-29 03:50:00,-14.007386446765665,-13.966707084117276,-13.992093373570077,-14.028733862835702,-13.865601797782794,-14.040555332061306,-13.996116265784815,75,0.013888888888888888,13.908664235895905,2288.0931329534924,4.160169332642714,9.459771369219304
2021-06-29 03:55:00,-14.019326605791642,-14.001045092583594,-14.045409052878664,-14.064184953528544,-13.922768847715624,-14.04034865712229,-13.97876225847592,75,0.041666666666666664,18.732096909021678,1712.6296804120188,3.113872146203671,12.028290858350662
2021-06-29 04:00:00,-14.03819578348209,-14.017926534519578,-14.07408848629842,-14.08545665469408,-13.964660648276396,-14.03435560726577,-14.025728934832404,75,0.06944444444444445,24.04301710572997,1349.9502910529386,2.454455074641707,14.128175499124909
2021-06-29 04:05:00,-14.049854948330994,-14.017173385533347,-14.073433337209242,-14.0930585590421,-13.95564353815576,-14.037441658381034,-14.039736541081751,75,0.09722222222222222,29.57766222505968,1114.2561473758838,2.0259202679561525,15.81625700094478
2021-06-29 04:10:00,-14.02884202698499,-14.014562226208378,-14.039471771527072,-14.074702637685856,-13.938304301650048,-14.04363661464956,-14.046752091065652,75,0.125,35.193358967187336,954.3017862880095,1.73509415688729,17.176784347000584
2021-06-29 04:15:00,-13.987615087025729,-13.951423843294668,-13.9493596663043,-13.969127565954514,-13.89719494658856,-14.074315572859156,-14.041809105748747,75,0.1527777777777778,40.784883744963764,841.9816786935072,1.5308757794427403,18.27465717160573
2021-06-29 04:20:00,-13.997457966458128,-13.965938613122653,-13.94901726280376,-13.96867868473497,-13.86348454271326,-14.076021833237784,-14.040555332061306,75,0.18055555555555555,46.2647085880108,761.2019950774791,1.3840036274135983,19.15805525084395
2021-06-29 04:25:00,-13.991523418286652,-13.99243279403103,-13.989503365569554,-13.985135743743538,-13.923878635148425,-14.071352805612973,-14.04034865712229,75,0.20833333333333334,51.55598805017222,702.2327649706288,1.2767868454011433,19.863792666931527
2021-06-29 04:30:00,-14.028601797898588,-14.005394692762929,-14.011940738978351,-14.04994159595596,-13.946868169093506,-14.058146777123715,-14.03435560726577,75,0.2361111111111111,56.589631983678515,658.8812958918049,1.1979659925305546,20.421211908021377
2021-06-29 04:35:00,-14.061760448306986,-14.029709101156271,-14.040432397108836,-14.104296581542004,-13.941797945519268,-14.022885380761508,-14.037441658381034,75,0.2638888888888889,61.30302393660706,627.0153502079979,1.1400279094690873,20.854688932533097
2021-06-29 04:40:00,-14.055709536445873,-14.039632905808531,-14.070492609862294,-14.105032795590382,-13.960197277917151,-14.017628486800596,-14.04363661464956,75,0.2916666666666667,65.63949652769072,603.7532271149208,1.097733140208947,21.185177830703115
2021-06-29 04:45:00,-14.056330142790603,-14.04087838272488,-14.065894354156669,-14.115990812510276,-13.95798104683574,-14.004862791073926,-14.074315572859156,75,0.3194444444444444,69.54818229029615,587.000796114409,1.0672741747534709,21.431116276029314
2021-06-29 04:50:00,-14.037973058378986,-14.01947290098946,-14.03653825512341,-14.072895773017835,-13.950628705093456,-14.003189794078844,-14.076021833237784,75,0.3472222222222222,72.98405557930008,575.1794243398531,1.0457807715270055,21.60889791505997
2021-06-29 04:55:00,-14.03186544756865,-14.02593034697272,-14.029417506781414,-14.079963195271178,-13.93430403086223,-13.993379538349537,-14.071352805612973,75,0.375,75.90806788230319,567.06508111847,1.0310274202154,21.733044318665424
2021-06-29 05:00:00,-14.011424749464036,-13.994807936607822,-13.986514836646954,-14.047004822997266,-13.936669656405748,-14.014296507627623,-14.058146777123715,75,0.4027777777777778,78.28732091574973,561.6956771060345,1.0212648674655171,21.816168916637658
2021-06-29 05:05:00,-13.978734345147071,-13.951724270297005,-13.917115584485066,-13.988353394573767,-13.865789485842916,-14.00087537204793,-14.022885380761508,75,0.4305555555555556,80.09524395594458,558.321757226534,1.0151304676846076,21.86880622268163
2021-06-29 05:10:00,-14.001884148121958,-14.00373274631274,-13.97874149793759,-14.013881820235918,-13.888360261702504,-13.974215409817589,-14.017628486800596,75,0.4583333333333333,81.31175430298669,556.3845700490554,1.0116083091801007,21.899171826367546
2021-06-29 05:15:00,-14.009460058182489,-13.986866163833954,-13.964166582355778,-13.921793160566835,-13.9069996196521,-13.959700391587264,-14.004862791073926,75,0.4861111111111111,81.92338730807863,555.5100547469376,1.0100182813580683,21.91291439402028
2021-06-29 05:20:00,-14.007123072877423,-13.983208655882867,-13.948157445046077,-13.911761110178722,-13.93005326702438,-13.967080384970942,-14.003189794078844,75,0.5138888888888888,81.92338730807863,555.5100547469376,1.0100182813580683,21.91291439402028
2021-06-29 05:25:00,-14.016425131563388,-13.979537849584874,-13.947375871838322,-13.92629802292636,-13.899563566999651,-13.97091428068827,-13.993379538349537,75,0.5416666666666666,81.3117543029867,556.3845700490554,1.0116083091801007,21.899171826367546
2021-06-29 05:30:00,-14.04987442950842,-14.017877851006112,-14.010461681466,-14.00318845656517,-13.92027333796381,-13.947688995419956,-14.014296507627623,75,0.5694444444444444,80.09524395594458,558.321757226534,1.0151304676846076,21.86880622268163
2021-06-29 05:35:00,-13.984946340176746,-13.921877691770746,-13.917141142626791,-13.89493797949286,-13.860990864773648,-13.988380319305554,-14.00087537204793,75,0.5972222222222222,78.28732091574973,561.6956771060345,1.0212648674655171,21.816168916637658
2021-06-29 05:40:00,-13.98139576474723,-13.941903643471088,-13.892207852396798,-13.897084892474298,-13.822343552545744,-14.010001983831527,-13.974215409817589,75,0.625,75.90806788230319,567.06508111847,1.0310274202154,21.733044318665424
2021-06-29 05:45:00,-13.987746337824085,-13.935600458311969,-13.912303413820752,-13.918525498355752,-13.817974273365826,-14.02678039503846,-13.959700391587264,75,0.6527777777777778,72.98405557930008,575.1794243398531,1.0457807715270055,21.60889791505997
2021-06-29 05:50:00,-14.001866934902502,-13.969405260886148,-13.945482563080024,-13.990045581982434,-13.81804257379235,-13.991363963395605,-13.967080384970942,75,0.6805555555555556,69.54818229029615,587.000796114409,1.0672741747534709,21.431116276029314
2021-06-29 05:55:00,-14.0094440080184,-13.962161766962788,-13.962979306359042,-14.026167930081312,-13.83308157754265,-13.937553142340183,-13.97091428068827,75,0.7083333333333334,65.63949652769072,603.7532271149208,1.097733140208947,21.185177830703115
2021-06-29 06:00:00,-13.97049334187396,-13.949565196948033,-13.90923812324382,-13.975080955622962,-13.815018019229706,-13.960770751443064,-13.947688995419956,75,0.7361111111111112,61.30302393660706,627.0153502079979,1.1400279094690873,20.854688932533097
2021-06-29 06:05:00,-13.998293040212843,-13.974177806316078,-13.914226525872872,-13.995705125711986,-13.827892024487584,-13.914956226811183,-13.988380319305554,75,0.7638888888888888,56.58963198367853,658.8812958918048,1.1979659925305544,20.42121190802138
2021-06-29 06:10:00,-13.981848891118869,-13.970604771777312,-13.915543046397453,-13.991227304389785,-13.828269435954722,-13.85225559204523,-14.010001983831527,75,0.7916666666666666,51.55598805017223,702.2327649706286,1.276786845401143,19.863792666931527
2021-06-29 06:15:00,-13.963608984535648,-13.96587793218752,-13.902083966136358,-13.982742873628007,-13.83308212999395,-13.809519122522952,-14.02678039503846,75,0.8194444444444444,46.26470858801082,761.2019950774787,1.3840036274135976,19.158055250843958
2021-06-29 06:20:00,-13.88518948200363,-13.895592150361589,-13.807255351553348,-13.83788380408356,-13.775589540863423,-13.83430996754667,-13.991363963395605,75,0.8472222222222222,40.784883744963764,841.9816786935072,1.5308757794427403,18.27465717160573
2021-06-29 06:25:00,-13.826311025172163,-13.82407476815521,-13.7213723191858,-13.718684251079504,-13.68636410543916,-13.87734301618796,-13.937553142340183,75,0.875,35.19335896718734,954.3017862880093,1.7350941568872897,17.176784347000584
2021-06-29 06:30:00,-13.895037100886658,-13.957422929951326,-13.83381023173113,-13.967277697314238,-13.749984586158014,-13.872707106564771,-13.960770751443064,75,0.9027777777777778,29.577662225059694,1114.256147375883,2.025920267956151,15.816257000944784
2021-06-29 06:35:00,-13.845925692277554,-13.861416208270857,-13.844811572463508,-13.844638858741256,-13.765094216445576,-13.882168300301553,-13.914956226811183,75,0.9305555555555556,24.04301710572996,1349.950291052939,2.4544550746417078,14.128175499124907
2021-06-29 06:40:00,-13.764207619338029,-13.814012602876202,-13.662054052966663,-13.740410256210245,-13.682023117581084,-13.9122445632191,-13.85225559204523,75,0.9583333333333334,18.732096909021678,1712.6296804120188,3.113872146203671,12.028290858350662
2021-06-29 06:45:00,-13.791606528796864,-13.820438884472576,-13.67930504264628,-13.741070522743044,-13.726507819242606,-13.902748070751876,-13.809519122522952,75,0.9861111111111112,13.908664235895909,2288.093132953492,4.160169332642712,9.459771369219304
2021-06-29 06:50:00,-13.817305807292676,-13.880634111939797,-13.763884580709377,-13.873215565295576,-13.726765813999764,-13.900017362128128,-13.83430996754667,76,0.013888888888888888,13.908664235895905,2288.0931329534924,4.160169332642714,9.459771369219304
2021-06-29 06:55:00,-13.818647129972993,-13.870634795804657,-13.7707539927862,-13.875932200949364,-13.71361287898809,-13.868958113889356,-13.87734301618796,76,0.041666666666666664,18.732096909021678,1712.6296804120188,3.113872146203671,12.028290858350662
2021-06-29 07:00:00,-13.858326886451678,-13.914222093640465,-13.808912472842648,-13.950187034817198,-13.751338615218236,-13.798759348390652,-13.872707106564771,76,0.06944444444444445,24.04301710572997,1349.9502910529386,2.454455074641707,14.128175499124909
2021-06-29 07:05:00,-13.828060115064742,-13.836163977325947,-13.74375095829848,-13.85032137281434,-13.742592700533192,-13.790312920463046,-13.882168300301553,76,0.09722222222222222,29.57766222505968,1114.2561473758838,2.0259202679561525,15.81625700094478
2021-06-29 07:10:00,-13.810920168096454,-13.831373045485948,-13.698516623837268,-13.83085127349128,-13.717623733579764,-13.747373992077469,-13.9122445632191,76,0.125,35.193358967187336,954.3017862880095,1.73509415688729,17.176784347000584
2021-06-29 07:15:00,-13.750735425627653,-13.7751430381535,-13.658390995544805,-13.72183358694502,-13.714143871916663,-13.73703422631518,-13.902748070751876,76,0.1527777777777778,40.784883744963764,841.9816786935072,1.5308757794427403,18.27465717160573
2021-06-29 07:20:00,-13.746237716058648,-13.853533988963578,-13.675738824122051,-13.807423616588812,-13.70473597519215,-13.669294668702598,-13.900017362128128,76,0.18055555555555555,46.2647085880108,761.2019950774791,1.3840036274135983,19.15805525084395
2021-06-29 07:25:00,-13.756989028963142,-13.779382608966888,-13.700726996027258,-13.77297580653338,-13.7030514930253,-13.657677984451034,-13.868958113889356,76,0.20833333333333334,51.55598805017222,702.2327649706288,1.2767868454011433,19.863792666931527
2021-06-29 07:30:00,-13.669374890446653,-13.735224002584102,-13.551753065664794,-13.675910999931196,-13.657082427411307,-13.639576888526063,-13.798759348390652,76,0.2361111111111111,56.589631983678515,658.8812958918049,1.1979659925305546,20.421211908021377
2021-06-29 07:35:00,-13.674084465089257,-13.77027598773217,-13.581449954459266,-13.70516008333234,-13.673658496060474,-13.583963993136924,-13.790312920463046,76,0.2638888888888889,61.30302393660706,627.0153502079979,1.1400279094690873,20.854688932533097
2021-06-29 07:40:00,-13.621326121913338,-13.699237895294052,-13.541749939009875,-13.60032151641322,-13.585217730478885,-13.57759393161355,-13.747373992077469,76,0.2916666666666667,65.63949652769072,603.7532271149208,1.097733140208947,21.185177830703115
2021-06-29 07:45:00,-13.594058419638282,-13.69777650815186,-13.47195468830224,-13.597192424980218,-13.586139110211052,-13.570995824008758,-13.73703422631518,76,0.3194444444444444,69.54818229029615,587.000796114409,1.0672741747534709,21.431116276029314
2021-06-29 07:50:00,-13.570779488441088,-13.648742597699828,-13.48517826438937,-13.545034033012591,-13.543212975434528,-13.57808089562732,-13.669294668702598,76,0.3472222222222222,72.98405557930008,575.1794243398531,1.0457807715270055,21.60889791505997
2021-06-29 07:55:00,-13.548843217437884,-13.661536879441776,-13.465698148251946,-13.602689896944142,-13.538096076994524,-13.560989731562652,-13.657677984451034,76,0.375,75.90806788230319,567.06508111847,1.0310274202154,21.733044318665424
2021-06-29 08:00:00,-13.52692186988888,-13.608023088374878,-13.471239351097733,-13.52226059475501,-13.526813596703152,-13.541074836252028,-13.639576888526063,76,0.4027777777777778,78.28732091574973,561.6956771060345,1.0212648674655171,21.816168916637658
2021-06-29 08:05:00,-13.446770316225436,-13.555387884396897,-13.408410329557269,-13.422268323271629,-13.468065969062472,-13.493313332626933,-13.583963993136924,76,0.4305555555555556,80.09524395594458,558.321757226534,1.0151304676846076,21.86880622268163
2021-06-29 08:10:00,-13.446265768268308,-13.56944984551264,-13.447491941198033,-13.49848297085756,-13.46811357437253,-13.466249465573084,-13.57759393161355,76,0.4583333333333333,81.31175430298669,556.3845700490554,1.0116083091801007,21.899171826367546
2021-06-29 08:15:00,-13.472561410673508,-13.57193102072394,-13.48010686322157,-13.543653817033835,-13.492824124961231,-13.448545145987143,-13.570995824008758,76,0.4861111111111111,81.92338730807863,555.5100547469376,1.0100182813580683,21.91291439402028
2021-06-29 08:20:00,-13.44433604133878,-13.56226060017183,-13.492584055794945,-13.530285978466411,-13.527845037818675,-13.394332372996304,-13.57808089562732,76,0.5138888888888888,81.92338730807863,555.5100547469376,1.0100182813580683,21.91291439402028
2021-06-29 08:25:00,-13.4695060206054,-13.559037044744352,-13.47911282887434,-13.554303478899108,-13.479366672977651,-13.383506471897196,-13.560989731562652,76,0.5416666666666666,81.3117543029867,556.3845700490554,1.0116083091801007,21.899171826367546
2021-06-29 08:30:00,-13.449344186832716,-13.505069599363807,-13.345964040462253,-13.430287935320765,-13.411194538727974,-13.392948402529434,-13.541074836252028,76,0.5694444444444444,80.09524395594458,558.321757226534,1.0151304676846076,21.86880622268163
2021-06-29 08:35:00,-13.306068057452336,-13.378594630348546,-13.195380092552918,-13.167867000133262,-13.284999585674283,-13.430523195980012,-13.493313332626933,76,0.5972222222222222,78.28732091574973,561.6956771060345,1.0212648674655171,21.816168916637658
2021-06-29 08:40:00,-13.338188273874804,-13.427620157060138,-13.279588019887528,-13.28278664022429,-13.309716053307172,-13.437546847371465,-13.466249465573084,76,0.625,75.90806788230319,567.06508111847,1.0310274202154,21.733044318665424
2021-06-29 08:45:00,-13.35276494857786,-13.454765277594973,-13.371127099549426,-13.381357210997734,-13.352594444660811,-13.39430887200876,-13.448545145987143,76,0.6527777777777778,72.98405557930008,575.1794243398531,1.0457807715270055,21.60889791505997
2021-06-29 08:50:00,-13.33111297192134,-13.36823297762432,-13.294684914718804,-13.298075875337162,-13.301897951504303,-13.401230010973109,-13.394332372996304,76,0.6805555555555556,69.54818229029615,587.000796114409,1.0672741747534709,21.431116276029314
2021-06-29 08:55:00,-13.36141707738561,-13.453475876383331,-13.33662777341026,-13.435599198485615,-13.3030219282126,-13.392796434807323,-13.383506471897196,76,0.7083333333333334,65.63949652769072,603.7532271149208,1.097733140208947,21.185177830703115
2021-06-29 09:00:00,-13.354511712359702,-13.451216364378384,-13.372780244643184,-13.414006842954931,-13.326628957329302,-13.384670137869948,-13.392948402529434,76,0.7361111111111112,61.30302393660706,627.0153502079979,1.1400279094690873,20.854688932533097
2021-06-29 09:05:00,-13.261042098898614,-13.399573379695449,-13.29860015162098,-13.321988293717292,-13.29083395116394,-13.389467014356162,-13.430523195980012,76,0.7638888888888888,56.58963198367853,658.8812958918048,1.1979659925305544,20.42121190802138
2021-06-29 09:10:00,-13.28128541196897,-13.402479516591466,-13.339608320865391,-13.342478218140386,-13.296780435191137,-13.38848203003352,-13.437546847371465,76,0.7916666666666666,51.55598805017223,702.2327649706286,1.276786845401143,19.863792666931527
2021-06-29 09:15:00,-13.227026596523723,-13.311605768906324,-13.263421957332207,-13.221453322426145,-13.242567458665608,-13.409968285838197,-13.39430887200876,76,0.8194444444444444,46.26470858801082,761.2019950774787,1.3840036274135976,19.158055250843958
2021-06-29 09:20:00,-13.260521399010054,-13.324794346634116,-13.26092692734073,-13.258663519825928,-13.257340704264164,-13.412531688947158,-13.401230010973109,76,0.8472222222222222,40.784883744963764,841.9816786935072,1.5308757794427403,18.27465717160573
2021-06-29 09:25:00,-13.3153002892016,-13.38219025039497,-13.365525148867912,-13.365727069818108,-13.264472472555775,-13.381380035959344,-13.392796434807323,76,0.875,35.19335896718734,954.3017862880093,1.7350941568872897,17.176784347000584
2021-06-29 09:30:00,-13.321216155796217,-13.380124092017658,-13.388623821021154,-13.357450564279867,-13.329968670820476,-13.392219254042423,-13.384670137869948,76,0.9027777777777778,29.577662225059694,1114.256147375883,2.025920267956151,15.816257000944784
2021-06-29 09:35:00,-13.35936852981198,-13.383211794713157,-13.272539250134662,-13.36787414271966,-13.318549793210742,-13.360428291325732,-13.389467014356162,76,0.9305555555555556,24.04301710572996,1349.950291052939,2.4544550746417078,14.128175499124907
2021-06-29 09:40:00,-13.36211146505529,-13.393757383811744,-13.29396789108401,-13.361988879019432,-13.271758985364196,-13.353816859467871,-13.38848203003352,76,0.9583333333333334,18.732096909021678,1712.6296804120188,3.113872146203671,12.028290858350662
2021-06-29 09:45:00,-13.26413533188078,-13.365709587388949,-13.2610168896735,-13.269627773630235,-13.261275291500036,-13.3496414906943,-13.409968285838197,76,0.9861111111111112,13.908664235895909,2288.093132953492,4.160169332642712,9.459771369219304
2021-06-29 09:50:00,-13.278084974358194,-13.346360246906483,-13.249878613709653,-13.26757367246722,-13.240041157022906,-13.352243361859582,-13.412531688947158,77,0.013888888888888888,13.908664235895905,2288.0931329534924,4.160169332642714,9.459771369219304
2021-06-29 09:55:00,-13.25628479537132,-13.321668136551482,-13.25666021510614,-13.240141557777608,-13.219345720716168,-13.371397240966092,-13.381380035959344,77,0.041666666666666664,18.732096909021678,1712.6296804120188,3.113872146203671,12.028290858350662
2021-06-29 10:00:00,-13.28991395982912,-13.395740304655716,-13.29441515856423,-13.349910708935766,-13.220807826696523,-13.346399851847089,-13.392219254042423,77,0.06944444444444445,24.04301710572997,1349.9502910529386,2.454455074641707,14.128175499124909
2021-06-29 10:05:00,-13.261172957165783,-13.29353331545742,-13.255652980080477,-13.242346943367703,-13.218496951984488,-13.351841017392978,-13.360428291325732,77,0.09722222222222222,29.57766222505968,1114.2561473758838,2.0259202679561525,15.81625700094478
2021-06-29 10:10:00,-13.245448928341522,-13.345388976121503,-13.242280125836777,-13.28796642361426,-13.241733838730104,-13.326224388519304,-13.353816859467871,77,0.125,35.193358967187336,954.3017862880095,1.73509415688729,17.176784347000584
2021-06-29 10:15:00,-13.271890119857016,-13.335964885763788,-13.269077270447854,-13.264125649444836,-13.235646058013804,-13.299219376837458,-13.3496414906943,77,0.1527777777777778,40.784883744963764,841.9816786935072,1.5308757794427403,18.27465717160573
2021-06-29 10:20:00,-13.26986044285674,-13.343347014953675,-13.283653363623223,-13.298566626549976,-13.253404430598009,-13.269972227015865,-13.352243361859582,77,0.18055555555555555,46.2647085880108,761.2019950774791,1.3840036274135983,19.15805525084395
2021-06-29 10:25:00,-13.278219990548306,-13.36421428946214,-13.298984585034905,-13.328406425772876,-13.252975699312726,-13.251917420694568,-13.371397240966092,77,0.20833333333333334,51.55598805017222,702.2327649706288,1.2767868454011433,19.863792666931527
2021-06-29 10:30:00,-13.236685422444028,-13.342752289752358,-13.26630611657366,-13.309533104697678,-13.247923881089696,-13.219843101344583,-13.346399851847089,77,0.2361111111111111,56.589631983678515,658.8812958918049,1.1979659925305546,20.421211908021377
2021-06-29 10:35:00,-13.250973703030226,-13.314844682479013,-13.241526436881484,-13.283010019546037,-13.241725319349529,-13.210619781507082,-13.351841017392978,77,0.2638888888888889,61.30302393660706,627.0153502079979,1.1400279094690873,20.854688932533097
2021-06-29 10:40:00,-13.238515490066652,-13.301993897217423,-13.217567845203217,-13.24942692661903,-13.178831442934069,-13.179268141148624,-13.326224388519304,77,0.2916666666666667,65.63949652769072,603.7532271149208,1.097733140208947,21.185177830703115
2021-06-29 10:45:00,-13.167168352773292,-13.263812189488576,-13.155608745463947,-13.205603145708956,-13.149266575462132,-13.209472776302489,-13.299219376837458,77,0.3194444444444444,69.54818229029615,587.000796114409,1.0672741747534709,21.431116276029314
2021-06-29 10:50:00,-13.160280273657802,-13.249192810816483,-13.13357913926741,-13.188967470472145,-13.149525704198275,-13.214703268906533,-13.269972227015865,77,0.3472222222222222,72.98405557930008,575.1794243398531,1.0457807715270055,21.60889791505997
2021-06-29 10:55:00,-13.18535865504504,-13.276497728335094,-13.17266541766784,-13.233159852704938,-13.143320425813354,-13.140414183058088,-13.251917420694568,77,0.375,75.90806788230319,567.06508111847,1.0310274202154,21.733044318665424
2021-06-29 11:00:00,-13.147157258245487,-13.230957452617949,-13.156243802771634,-13.17999525428874,-13.128569423648726,-13.137249015101368,-13.219843101344583,77,0.4027777777777778,78.28732091574973,561.6956771060345,1.0212648674655171,21.816168916637658
2021-06-29 11:05:00,-13.158488674091496,-13.241136440983604,-13.14413337243968,-13.20113872859988,-13.157477804517807,-13.114185888827832,-13.210619781507082,77,0.4305555555555556,80.09524395594458,558.321757226534,1.0151304676846076,21.86880622268163
2021-06-29 11:10:00,-13.128512143171818,-13.177769442140862,-13.09805146137854,-13.125968715538813,-13.0583513514309,-13.144066874748976,-13.179268141148624,77,0.4583333333333333,81.31175430298669,556.3845700490554,1.0116083091801007,21.899171826367546
2021-06-29 11:15:00,-13.152830758639464,-13.264036801458808,-13.165766231373578,-13.232667095221611,-13.171342122345736,-13.072544203324098,-13.209472776302489,77,0.4861111111111111,81.92338730807863,555.5100547469376,1.0100182813580683,21.91291439402028
2021-06-29 11:20:00,-13.153259170084516,-13.21982881773576,-13.155573214122436,-13.180733329225708,-13.170945258777556,-13.065166594203928,-13.214703268906533,77,0.5138888888888888,81.92338730807863,555.5100547469376,1.0100182813580683,21.91291439402028
2021-06-29 11:25:00,-13.059252603036091,-13.091445738305254,-13.044475751965896,-13.005221121300847,-12.942971955552633,-13.12169213187178,-13.140414183058088,77,0.5416666666666666,81.3117543029867,556.3845700490554,1.0116083091801007,21.899171826367546
2021-06-29 11:30:00,-13.066336889592282,-13.169414119687584,-13.043211627085672,-13.091588798840528,-13.12133664399834,-13.135764578457934,-13.137249015101368,77,0.5694444444444444,80.09524395594458,558.321757226534,1.0151304676846076,21.86880622268163
2021-06-29 11:35:00,-13.038523525352815,-13.12549988488397,-13.04566756387857,-13.054841919085051,-13.083095557934332,-13.11753176651246,-13.114185888827832,77,0.5972222222222222,78.28732091574973,561.6956771060345,1.0212648674655171,21.816168916637658
2021-06-29 11:40:00,-13.045538203045188,-13.176601355821632,-13.080055941804662,-13.121373890846522,-13.173268549105654,-13.091488252703904,-13.144066874748976,77,0.625,75.90806788230319,567.06508111847,1.0310274202154,21.733044318665424
2021-06-29 11:45:00,-12.993976527538113,-13.05754524545223,-13.005735540690416,-13.045941725105353,-13.035470883003017,-13.12468729020998,-13.072544203324098,77,0.6527777777777778,72.98405557930008,575.1794243398531,1.0457807715270055,21.60889791505997
2021-06-29 11:50:00,-13.045567570193247,-13.138444698131035,-13.00963642839698,-13.10083886895151,-13.081965562414505,-13.10759310947045,-13.065166594203928,77,0.6805555555555556,69.54818229029615,587.000796114409,1.0672741747534709,21.431116276029314
2021-06-29 11:55:00,-13.068898286430734,-13.137182338096004,-13.04837623260308,-13.109382993530083,-13.12564829378474,-13.094910077904109,-13.12169213187178,77,0.7083333333333334,65.63949652769072,603.7532271149208,1.097733140208947,21.185177830703115
2021-06-29 12:00:00,-13.078442406015302,-13.154861969941006,-13.060143794212348,-13.11872003110626,-13.14680046193476,-13.016718766835426,-13.135764578457934,77,0.7361111111111112,61.30302393660706,627.0153502079979,1.1400279094690873,20.854688932533097
2021-06-29 12:05:00,-13.048765478158597,-13.066470459889446,-13.013860151197507,-13.054928479480866,-13.005782673509232,-13.023167123792405,-13.11753176651246,77,0.7638888888888888,56.58963198367853,658.8812958918048,1.1979659925305544,20.42121190802138
2021-06-29 12:10:00,-13.02201628050509,-13.088513886453637,-12.976618100618817,-13.03967410695267,-13.056607059141715,-13.01447366290449,-13.091488252703904,77,0.7916666666666666,51.55598805017223,702.2327649706286,1.276786845401143,19.863792666931527
2021-06-29 12:15:00,-13.043282806074238,-13.100400700566317,-13.017646303491953,-13.04195887107168,-13.086265378112529,-12.98215971053398,-13.12468729020998,77,0.8194444444444444,46.26470858801082,761.2019950774787,1.3840036274135976,19.158055250843958
2021-06-29 12:20:00,-12.98323117529238,-13.059428898472946,-13.015608950326245,-13.020103461492983,-13.049404955076682,-12.951642417020633,-13.10759310947045,77,0.8472222222222222,40.784883744963764,841.9816786935072,1.5308757794427403,18.27465717160573
2021-06-29 12:25:00,-13.045533986969478,-13.086998597642287,-12.969943849232855,-13.05997343567722,-13.101594767712,-12.929736618068087,-13.094910077904109,77,0.875,35.19335896718734,954.3017862880093,1.7350941568872897,17.176784347000584
2021-06-29 12:30:00,-12.95635651304098,-12.948442600830584,-12.899099878768371,-12.92843039058352,-12.924867370461556,-12.956748055630849,-13.016718766835426,77,0.9027777777777778,29.577662225059694,1114.256147375883,2.025920267956151,15.816257000944784
2021-06-29 12:35:00,-12.938468488859552,-13.0079610291685,-12.896520570877245,-12.958708734371372,-12.932705200591116,-12.95659528830817,-13.023167123792405,77,0.9305555555555556,24.04301710572996,1349.950291052939,2.4544550746417078,14.128175499124907
2021-06-29 12:40:00,-12.957607262784462,-13.002713559297232,-12.935647788826651,-12.980050684081178,-13.008325548690935,-12.94068992461374,-13.01447366290449,77,0.9583333333333334,18.732096909021678,1712.6296804120188,3.113872146203671,12.028290858350662
2021-06-29 12:45:00,-12.907076752167258,-12.96439003626238,-12.939336302622896,-12.946456643895514,-12.945859531269232,-12.934815971626971,-12.98215971053398,77,0.9861111111111112,13.908664235895909,2288.093132953492,4.160169332642712,9.459771369219304
2021-06-29 12:50:00,-12.943504460453184,-12.93815239781154,-12.89414793792513,-12.94296986205297,-12.92728321092062,-12.905380784828644,-12.951642417020633,78,0.013888888888888888,13.908664235895905,2288.0931329534924,4.160169332642714,9.459771369219304
2021-06-29 12:55:00,-12.96457309215135,-12.970377472410767,-12.925459016727606,-12.944411701793523,-12.968095405335408,-12.880707902695695,-12.929736618068087,78,0.041666666666666664,18.732096909021678,1712.6296804120188,3.113872146203671,12.028290858350662
2021-06-29 13:00:00,-12.935425354487393,-12.935660518876452,-12.901478559608403,-12.910164896782186,-12.933828770230033,-12.842556197436773,-12.956748055630849,78,0.06944444444444445,24.04301710572997,1349.9502910529386,2.454455074641707,14.128175499124909
2021-06-29 13:05:00,-12.95414449803528,-12.966279442263607,-12.955012544409696,-12.923560096227156,-12.919580353366596,-12.80228342810198,-12.95659528830817,78,0.09722222222222222,29.57766222505968,1114.2561473758838,2.0259202679561525,15.81625700094478
2021-06-29 13:10:00,-12.89588972964527,-12.922568122888151,-12.92285545913204,-12.89215137892648,-12.937869050122533,-12.751990297085523,-12.94068992461374,78,0.125,35.193358967187336,954.3017862880095,1.73509415688729,17.176784347000584
2021-06-29 13:15:00,-12.869323218913802,-12.900500903846774,-12.88449405499014,-12.873596924018798,-12.929430967117195,-12.682737967893086,-12.934815971626971,78,0.1527777777777778,40.784883744963764,841.9816786935072,1.5308757794427403,18.27465717160573
2021-06-29 13:20:00,-12.844535659521505,-12.811653954323042,-12.821730876921736,-12.817917858048276,-12.842202105229775,-12.705544146159296,-12.905380784828644,78,0.18055555555555555,46.2647085880108,761.2019950774791,1.3840036274135983,19.15805525084395
2021-06-29 13:25:00,-12.814203233659006,-12.841997312834687,-12.803115826829346,-12.828591042708378,-12.878326372370012,-12.705630270409348,-12.880707902695695,78,0.20833333333333334,51.55598805017222,702.2327649706288,1.2767868454011433,19.863792666931527
2021-06-29 13:30:00,-12.839173392744188,-12.794084640938484,-12.809930168234462,-12.8009560330097,-12.816701360285402,-12.701513170709744,-12.842556197436773,78,0.2361111111111111,56.589631983678515,658.8812958918049,1.1979659925305546,20.421211908021377
2021-06-29 13:35:00,-12.781680483773435,-12.79131632984439,-12.78587510111336,-12.783869819199444,-12.788802627781871,-12.677714731755742,-12.80228342810198,78,0.2638888888888889,61.30302393660706,627.0153502079979,1.1400279094690873,20.854688932533097
2021-06-29 13:40:00,-12.752289318620813,-12.724328046591165,-12.736633081386351,-12.707256803342451,-12.75418602931606,-12.665342439507528,-12.751990297085523,78,0.2916666666666667,65.63949652769072,603.7532271149208,1.097733140208947,21.185177830703115
2021-06-29 13:45:00,-12.714015143631563,-12.662522418222752,-12.681951800616623,-12.651823432818562,-12.684601938579709,-12.723130183014243,-12.682737967893086,78,0.3194444444444444,69.54818229029615,587.000796114409,1.0672741747534709,21.431116276029314
2021-06-29 13:50:00,-12.829742583828912,-12.795168051479244,-12.717720172814044,-12.760377380112944,-12.752800655913656,-12.72739243202386,-12.705544146159296,78,0.3472222222222222,72.98405557930008,575.1794243398531,1.0457807715270055,21.60889791505997
2021-06-29 13:55:00,-12.774755535802756,-12.784022302202777,-12.78741335814398,-12.775041472965148,-12.81097238215034,-12.706349969071487,-12.705630270409348,78,0.375,75.90806788230319,567.06508111847,1.0310274202154,21.733044318665424
2021-06-29 14:00:00,-12.732241733230817,-12.714257844485113,-12.752394575131678,-12.709472830889172,-12.74666292196927,-12.706415681699818,-12.701513170709744,78,0.4027777777777778,78.28732091574973,561.6956771060345,1.0212648674655171,21.816168916637658
2021-06-29 14:05:00,-12.715640222745458,-12.67932013839211,-12.70024648710771,-12.684562918072087,-12.702939134744518,-12.729875264472154,-12.677714731755742,78,0.4305555555555556,80.09524395594458,558.321757226534,1.0151304676846076,21.86880622268163
2021-06-29 14:10:00,-12.70564056344936,-12.64588254364931,-12.679715361448183,-12.662623739430463,-12.681974712807389,-12.760182684644226,-12.665342439507528,78,0.4583333333333333,81.31175430298669,556.3845700490554,1.0116083091801007,21.899171826367546
2021-06-29 14:15:00,-12.747601275040724,-12.755219470452149,-12.712118956311231,-12.736180943611778,-12.836847572770663,-12.772179019244511,-12.723130183014243,78,0.4861111111111111,81.92338730807863,555.5100547469376,1.0100182813580683,21.91291439402028
2021-06-29 14:20:00,-12.76488869742976,-12.77048470068753,-12.774117425474728,-12.776238547703365,-12.83728924304692,-12.74246842093488,-12.72739243202386,78,0.5138888888888888,81.92338730807863,555.5100547469376,1.0100182813580683,21.91291439402028
2021-06-29 14:25:00,-12.711074823353997,-12.708310939385347,-12.762538336987957,-12.716297058264924,-12.783635230931582,-12.753708420628913,-12.706349969071487,78,0.5416666666666666,81.3117543029867,556.3845700490554,1.0116083091801007,21.899171826367546
2021-06-29 14:30:00,-12.771791779959509,-12.704488300656994,-12.73120760254975,-12.725100340656024,-12.763204186186528,-12.759329002003613,-12.706415681699818,78,0.5694444444444444,80.09524395594458,558.321757226534,1.0151304676846076,21.86880622268163
2021-06-29 14:35:00,-12.748336907561416,-12.733601504260688,-12.751695055480184,-12.736010323389191,-12.774624459462704,-12.743361821916334,-12.729875264472154,78,0.5972222222222222,78.28732091574973,561.6956771060345,1.0212648674655171,21.816168916637658
2021-06-29 14:40:00,-12.759143262061231,-12.729302553437408,-12.761165233819687,-12.742834725223249,-12.778019999611576,-12.726519384511356,-12.760182684644226,78,0.625,75.90806788230319,567.06508111847,1.0310274202154,21.733044318665424
2021-06-29 14:45:00,-12.806349237059823,-12.812037640540808,-12.78334894485258,-12.8065283475866,-12.835967721384254,-12.717340493388935,-12.772179019244511,78,0.6527777777777778,72.98405557930008,575.1794243398531,1.0457807715270055,21.60889791505997
2021-06-29 14:50:00,-12.784690471067588,-12.732298381901437,-12.79615924375264,-12.733763009653051,-12.771330395894752,-12.71947028038007,-12.74246842093488,78,0.6805555555555556,69.54818229029615,587.000796114409,1.0672741747534709,21.431116276029314
2021-06-29 14:55:00,-12.809677029233468,-12.770985412358092,-12.77699488260962,-12.76698638409272,-12.786625853353843,-12.735184902994035,-12.753708420628913,78,0.7083333333333334,65.63949652769072,603.7532271149208,1.097733140208947,21.185177830703115
2021-06-29 15:00:00,-12.801096588251006,-12.754482510757809,-12.768394553380352,-12.745429094681402,-12.780089656640149,-12.741877472502052,-12.759329002003613,78,0.7361111111111112,61.30302393660706,627.0153502079979,1.1400279094690873,20.854688932533097
2021-06-29 15:05:00,-12.767079370369444,-12.744310605207357,-12.760810385626703,-12.721525108452692,-12.731377059716968,-12.74532360555946,-12.743361821916334,78,0.7638888888888888,56.58963198367853,658.8812958918048,1.1979659925305544,20.42121190802138
2021-06-29 15:10:00,-12.775659462435296,-12.737076535764627,-12.746063425079482,-12.737602429883385,-12.706694698682766,-12.75712489577442,-12.726519384511356,78,0.7916666666666666,51.55598805017223,702.2327649706286,1.276786845401143,19.863792666931527
2021-06-29 15:15:00,-12.830529390785829,-12.821110929179904,-12.792613320544596,-12.802033313044944,-12.81927764423257,-12.76985046609087,-12.717340493388935,78,0.8194444444444444,46.26470858801082,761.2019950774787,1.3840036274135976,19.158055250843958
2021-06-29 15:20:00,-12.773619754082468,-12.763732609591894,-12.808278338847089,-12.745948864125666,-12.783462342751026,-12.77593900279316,-12.71947028038007,78,0.8472222222222222,40.784883744963764,841.9816786935072,1.5308757794427403,18.27465717160573
2021-06-29 15:25:00,-12.81259269273722,-12.836541290192551,-12.814148337445603,-12.803730385286158,-12.854132669048964,-12.74699642809624,-12.735184902994035,78,0.875,35.19335896718734,954.3017862880093,1.7350941568872897,17.176784347000584
2021-06-29 15:30:00,-12.80427103157429,-12.795363132446504,-12.825640836460176,-12.765735227279858,-12.819751821906385,-12.754481852449086,-12.741877472502052,78,0.9027777777777778,29.577662225059694,1114.256147375883,2.025920267956151,15.816257000944784
2021-06-29 15:35:00,-12.793921118153913,-12.779025245985688,-12.78909025137455,-12.76697114806739,-12.773796887415118,-12.802084196717324,-12.74532360555946,78,0.9305555555555556,24.04301710572996,1349.950291052939,2.4544550746417078,14.128175499124907
2021-06-29 15:40:00,-12.834345084686635,-12.790554218928722,-12.7882891388366,-12.798331656723034,-12.759159195919784,-12.82454215620615,-12.75712489577442,78,0.9583333333333334,18.732096909021678,1712.6296804120188,3.113872146203671,12.028290858350662
2021-06-29 15:45:00,-12.856469072826345,-12.874722231820984,-12.850126234067693,-12.857409403091925,-12.88829038401906,-12.811581299788614,-12.76985046609087,78,0.9861111111111112,13.908664235895909,2288.093132953492,4.160169332642712,9.459771369219304
2021-06-29 15:50:00,-12.797573519080958,-12.805474039057875,-12.829442108474414,-12.771707342139742,-12.8130164519608,-12.832470006821245,-12.77593900279316,79,0.013888888888888888,13.908664235895905,2288.0931329534924,4.160169332642714,9.459771369219304
2021-06-29 15:55:00,-12.751716164935123,-12.787102604079124,-12.777432482192086,-12.735154896165524,-12.768858089097542,-12.847548961523456,-12.74699642809624,79,0.041666666666666664,18.732096909021678,1712.6296804120188,3.113872146203671,12.028290858350662
2021-06-29 16:00:00,-12.805412163349274,-12.82739312607847,-12.792309356023992,-12.786986458670906,-12.811032861029512,-12.834554899875146,-12.754481852449086,79,0.06944444444444445,24.04301710572997,1349.9502910529386,2.454455074641707,14.128175499124909
2021-06-29 16:05:00,-12.899223104484689,-12.908174743839885,-12.902952499677138,-12.894649040330728,-12.8954399761342,-12.82160334790056,-12.802084196717324,79,0.09722222222222222,29.57766222505968,1114.2561473758838,2.0259202679561525,15.81625700094478
2021-06-29 16:10:00,-12.908439387837207,-12.880072214601247,-12.87704515057587,-12.831427269530453,-12.878589339188872,-12.815670369853832,-12.82454215620615,79,0.125,35.193358967187336,954.3017862880095,1.73509415688729,17.176784347000584
2021-06-29 16:15:00,-12.886973165661258,-12.891450048940722,-12.877655696491662,-12.858489416307284,-12.884761325113864,-12.810201043829828,-12.811581299788614,79,0.1527777777777778,40.784883744963764,841.9816786935072,1.5308757794427403,18.27465717160573
2021-06-29 16:20:00,-12.907371819314294,-12.899025134253309,-12.896424328045486,-12.861867510625624,-12.902285894492575,-12.797654002512472,-12.832470006821245,79,0.18055555555555555,46.2647085880108,761.2019950774791,1.3840036274135983,19.15805525084395
2021-06-29 16:25:00,-12.846320251679211,-12.873478084739329,-12.855058344816898,-12.814886877604716,-12.84626454132705,-12.81112799895867,-12.847548961523456,79,0.20833333333333334,51.55598805017222,702.2327649706288,1.2767868454011433,19.863792666931527
2021-06-29 16:30:00,-12.846632066823554,-12.854729959629662,-12.8115654822356,-12.77913740505704,-12.829606797114618,-12.82249093360517,-12.834554899875146,79,0.2361111111111111,56.589631983678515,658.8812958918049,1.1979659925305546,20.421211908021377
2021-06-29 16:35:00,-12.893367120703363,-12.92258413872334,-12.896894435025509,-12.851915711057948,-12.880364568750862,-12.808906097982335,-12.82160334790056,79,0.2638888888888889,61.30302393660706,627.0153502079979,1.1400279094690873,20.854688932533097
2021-06-29 16:40:00,-12.900228449545375,-12.896230978111095,-12.890539093421642,-12.803924382921654,-12.859093739876853,-12.812057047587174,-12.815670369853832,79,0.2916666666666667,65.63949652769072,603.7532271149208,1.097733140208947,21.185177830703115
2021-06-29 16:45:00,-12.88206443232496,-12.903851855992166,-12.873173281100756,-12.828495846626453,-12.881703361785751,-12.8046332070161,-12.810201043829828,79,0.3194444444444444,69.54818229029615,587.000796114409,1.0672741747534709,21.431116276029314
2021-06-29 16:50:00,-12.88360059585592,-12.903838499826357,-12.871322801856412,-12.835920850252895,-12.872901126144484,-12.782794981580476,-12.797654002512472,79,0.3472222222222222,72.98405557930008,575.1794243398531,1.0457807715270055,21.60889791505997
2021-06-29 16:55:00,-12.904291932392482,-12.942452736288413,-12.917995050746311,-12.876394711860934,-12.90213051029532,-12.76955109563897,-12.81112799895867,79,0.375,75.90806788230319,567.06508111847,1.0310274202154,21.733044318665424
2021-06-29 17:00:00,-12.8703792150358,-12.907221657098829,-12.89094436006486,-12.813450155307782,-12.879056480377704,-12.761512696611083,-12.82249093360517,79,0.4027777777777778,78.28732091574973,561.6956771060345,1.0212648674655171,21.816168916637658
2021-06-29 17:05:00,-12.84786711531956,-12.907618121293403,-12.854032937051098,-12.788779890049415,-12.8721581082222,-12.771174255711506,-12.808906097982335,79,0.4305555555555556,80.09524395594458,558.321757226534,1.0151304676846076,21.86880622268163
2021-06-29 17:10:00,-12.860165553551862,-12.915173490361228,-12.867925517124489,-12.794057253784818,-12.872539997452506,-12.7657596514426,-12.812057047587174,79,0.4583333333333333,81.31175430298669,556.3845700490554,1.0116083091801007,21.899171826367546
2021-06-29 17:15:00,-12.880094856210864,-12.907017787658829,-12.879453082258426,-12.813434454060303,-12.859980569595471,-12.76745387419816,-12.8046332070161,79,0.4861111111111111,81.92338730807863,555.5100547469376,1.0100182813580683,21.91291439402028
2021-06-29 17:20:00,-12.876004855701352,-12.873428476123468,-12.85767923193746,-12.805893493813604,-12.755317275120412,-12.785196516458502,-12.782794981580476,79,0.5138888888888888,81.92338730807863,555.5100547469376,1.0100182813580683,21.91291439402028
2021-06-29 17:25:00,-12.854760660795284,-12.918515596214975,-12.859522500238516,-12.8201987259318,-12.817568127298912,-12.799542281056295,-12.76955109563897,79,0.5416666666666666,81.3117543029867,556.3845700490554,1.0116083091801007,21.899171826367546
2021-06-29 17:30:00,-12.895846987360471,-12.902112547854308,-12.92537498597722,-12.82370911779833,-12.827431418353031,-12.819431690916154,-12.761512696611083,79,0.5694444444444444,80.09524395594458,558.321757226534,1.0151304676846076,21.86880622268163
2021-06-29 17:35:00,-12.9323362212754,-12.9505228092005,-12.91623697625101,-12.877865860596785,-12.9017624614239,-12.818153085996592,-12.771174255711506,79,0.5972222222222222,78.28732091574973,561.6956771060345,1.0212648674655171,21.816168916637658
2021-06-29 17:40:00,-12.91143565107801,-12.930941860660951,-12.90026834234452,-12.819491879031483,-12.862701595783276,-12.843796886751315,-12.7657596514426,79,0.625,75.90806788230319,567.06508111847,1.0310274202154,21.733044318665424
2021-06-29 17:45:00,-12.943129724013394,-12.940585532744636,-12.93198823510909,-12.85261639376481,-12.86546193324254,-12.861820755799805,-12.76745387419816,79,0.6527777777777778,72.98405557930008,575.1794243398531,1.0457807715270055,21.60889791505997
2021-06-29 17:50:00,-12.961850612144335,-12.937302633444077,-12.90797247925945,-12.85849616202842,-12.867573751028228,-12.87425934220403,-12.785196516458502,79,0.6805555555555556,69.54818229029615,587.000796114409,1.0672741747534709,21.431116276029314
2021-06-29 17:55:00,-12.971348529354383,-12.977672309516976,-12.968265851099687,-12.90198646588791,-12.89531750640388,-12.893986854756568,-12.799542281056295,79,0.7083333333333334,65.63949652769072,603.7532271149208,1.097733140208947,21.185177830703115
2021-06-29 18:00:00,-12.94890126997495,-12.974671103895286,-12.95351644813619,-12.863156466737967,-12.926705870235605,-12.878144993885266,-12.819431690916154,79,0.7361111111111112,61.30302393660706,627.0153502079979,1.1400279094690873,20.854688932533097
2021-06-29 18:05:00,-12.965688811166528,-12.97911945875514,-12.964863274465836,-12.883730799904445,-12.941295818308054,-12.91366732171944,-12.818153085996592,79,0.7638888888888888,56.58963198367853,658.8812958918048,1.1979659925305544,20.42121190802138
2021-06-29 18:10:00,-13.020206072052888,-13.01665979588542,-13.002757479266132,-12.961091195141352,-12.983953781592945,-12.90789449639698,-12.843796886751315,79,0.7916666666666666,51.55598805017223,702.2327649706286,1.276786845401143,19.863792666931527
2021-06-29 18:15:00,-13.014541410879714,-13.015885543000836,-12.992511310384645,-12.944099014357654,-12.99277026466248,-12.92205254385827,-12.861820755799805,79,0.8194444444444444,46.26470858801082,761.2019950774787,1.3840036274135976,19.158055250843958
2021-06-29 18:20:00,-13.034700387897647,-13.007816192824995,-13.000039302563984,-12.944951301331828,-12.97427111303758,-12.968761312686746,-12.87425934220403,79,0.8472222222222222,40.784883744963764,841.9816786935072,1.5308757794427403,18.27465717160573
2021-06-29 18:25:00,-13.05994462098046,-13.06734945171066,-13.06793056621122,-13.004375550971432,-13.047872804086747,-12.996059501550654,-12.893986854756568,79,0.875,35.19335896718734,954.3017862880093,1.7350941568872897,17.176784347000584
2021-06-29 18:30:00,-13.03505500347956,-12.995937126444865,-13.014901928967625,-12.89429163341593,-12.972484194769134,-13.036680198898988,-12.878144993885266,79,0.9027777777777778,29.577662225059694,1114.256147375883,2.025920267956151,15.816257000944784
2021-06-29 18:35:00,-13.096108228468545,-13.10388501200364,-13.097784452942271,-13.05180230295538,-13.10966488907507,-13.04591136936023,-12.91366732171944,79,0.9305555555555556,24.04301710572996,1349.950291052939,2.4544550746417078,14.128175499124907
2021-06-29 18:40:00,-13.104514938055308,-13.058719980944916,-13.130718052136832,-12.97370993882219,-13.046202162278783,-13.100602914093589,-12.90789449639698,79,0.9583333333333334,18.732096909021678,1712.6296804120188,3.113872146203671,12.028290858350662
2021-06-29 18:45:00,-13.130610876584608,-13.100453084489354,-13.144043991634597,-13.054439879920482,-13.113328658868344,-13.145305005341708,-12.92205254385827,79,0.9861111111111112,13.908664235895909,2288.093132953492,4.160169332642712,9.459771369219304
2021-06-29 18:50:00,-13.203594054788708,-13.158159410694816,-13.194045719128429,-13.118366636732484,-13.21452055290811,-13.190003927263946,-12.968761312686746,80,0.013888888888888888,13.908664235895905,2288.0931329534924,4.160169332642714,9.459771369219304
2021-06-29 18:55:00,-13.218345842015712,-13.183760838883872,-13.25338321937572,-13.163725679805609,-13.24946740094586,-13.24690994395747,-12.996059501550654,80,0.041666666666666664,18.732096909021678,1712.6296804120188,3.113872146203671,12.028290858350662
2021-06-29 19:00:00,-13.211091691222926,-13.147620788773628,-13.221124090527654,-13.174350713973446,-13.15527573363551,-13.292056816654958,-13.036680198898988,80,0.06944444444444445,24.04301710572997,1349.9502910529386,2.454455074641707,14.128175499124909
2021-06-29 19:05:00,-13.27267204198138,-13.198190036740444,-13.261150786422816,-13.228510538868626,-13.209057274772023,-13.349009835323567,-13.04591136936023,80,0.09722222222222222,29.57766222505968,1114.2561473758838,2.0259202679561525,15.81625700094478
2021-06-29 19:10:00,-13.317264326264503,-13.241175671106983,-13.313784188375752,-13.292550606349923,-13.288450022036557,-13.366444122529286,-13.100602914093589,80,0.125,35.193358967187336,954.3017862880095,1.73509415688729,17.176784347000584
2021-06-29 19:15:00,-13.347984980009068,-13.262841569166214,-13.375538808443013,-13.318336270783243,-13.301316045826969,-13.41423177059414,-13.145305005341708,80,0.1527777777777778,40.784883744963764,841.9816786935072,1.5308757794427403,18.27465717160573
2021-06-29 19:20:00,-13.43804736098028,-13.325854398339438,-13.469677193279283,-13.406966163705974,-13.388235375066207,-13.439245882268612,-13.190003927263946,80,0.18055555555555555,46.2647085880108,761.2019950774791,1.3840036274135983,19.15805525084395
2021-06-29 19:25:00,-13.488226522565611,-13.382184923828843,-13.493971954299592,-13.469344773882176,-13.48530653576698,-13.435769509771616,-13.24690994395747,80,0.20833333333333334,51.55598805017222,702.2327649706288,1.2767868454011433,19.863792666931527
2021-06-29 19:30:00,-13.473163989660025,-13.329326799083445,-13.50324993501351,-13.505308281328624,-13.38471607855701,-13.485608384071996,-13.292056816654958,80,0.2361111111111111,56.589631983678515,658.8812958918049,1.1979659925305546,20.421211908021377
2021-06-29 19:35:00,-13.517677100766196,-13.4019337856802,-13.510250021812828,-13.545577038122394,-13.470334021529654,-13.503214544510731,-13.349009835323567,80,0.2638888888888889,61.30302393660706,627.0153502079979,1.1400279094690873,20.854688932533097
2021-06-29 19:40:00,-13.510052994781551,-13.379330795033017,-13.535047505338516,-13.54140869129561,-13.449700648765026,-13.50004945106225,-13.366444122529286,80,0.2916666666666667,65.63949652769072,603.7532271149208,1.097733140208947,21.185177830703115
2021-06-29 19:45:00,-13.54877521140975,-13.447793561409194,-13.567479086221374,-13.564096761289129,-13.55432056854393,-13.50864686447536,-13.41423177059414,80,0.3194444444444444,69.54818229029615,587.000796114409,1.0672741747534709,21.431116276029314
2021-06-29 19:50:00,-13.594460124424431,-13.469071816269716,-13.627486826201254,-13.575460422845236,-13.601924948159064,-13.49624372945259,-13.439245882268612,80,0.3472222222222222,72.98405557930008,575.1794243398531,1.0457807715270055,21.60889791505997
2021-06-29 19:55:00,-13.571020844237378,-13.480526881526773,-13.584571042617512,-13.545833059319976,-13.5470986525576,-13.54373746615668,-13.435769509771616,80,0.375,75.90806788230319,567.06508111847,1.0310274202154,21.733044318665424
2021-06-29 20:00:00,-13.610543501012138,-13.525976826731895,-13.613170137987677,-13.557726808802194,-13.578755576777596,-13.545473944167604,-13.485608384071996,80,0.4027777777777778,78.28732091574973,561.6956771060345,1.0212648674655171,21.816168916637658
2021-06-29 20:05:00,-13.616357433072784,-13.542681111559498,-13.63654752182183,-13.565977443627578,-13.590862597903502,-13.54899128892451,-13.503214544510731,80,0.4305555555555556,80.09524395594458,558.321757226534,1.0151304676846076,21.86880622268163
2021-06-29 20:10:00,-13.539561250533415,-13.480671136745164,-13.53619257696356,-13.519671404527797,-13.43701416437806,-13.619989509607263,-13.50004945106225,80,0.4583333333333333,81.31175430298669,556.3845700490554,1.0116083091801007,21.899171826367546
2021-06-29 20:15:00,-13.59737622407395,-13.559903121268867,-13.615361741371656,-13.565539364284772,-13.555899401668729,-13.631410713327735,-13.50864686447536,80,0.4861111111111111,81.92338730807863,555.5100547469376,1.0100182813580683,21.91291439402028
2021-06-29 20:20:00,-13.59266128483846,-13.526895063131215,-13.617515574532536,-13.56347967318689,-13.533852982053013,-13.65095694916287,-13.49624372945259,80,0.5138888888888888,81.92338730807863,555.5100547469376,1.0100182813580683,21.91291439402028
2021-06-29 20:25:00,-13.64015616279063,-13.628371929720052,-13.695033214855291,-13.670366060770036,-13.598503021191512,-13.637980187963167,-13.54373746615668,80,0.5416666666666666,81.3117543029867,556.3845700490554,1.0116083091801007,21.899171826367546
2021-06-29 20:30:00,-13.656648302456754,-13.589181600197078,-13.696475461665228,-13.644450773815878,-13.594255426679544,-13.66987302706106,-13.545473944167604,80,0.5694444444444444,80.09524395594458,558.321757226534,1.0151304676846076,21.86880622268163
2021-06-29 20:35:00,-13.637626401058206,-13.601869639711005,-13.668930138073668,-13.625119804991296,-13.59785117954104,-13.693212102759007,-13.54899128892451,80,0.5972222222222222,78.28732091574973,561.6956771060345,1.0212648674655171,21.816168916637658
2021-06-29 20:40:00,-13.703021369891252,-13.65584616988615,-13.73791035592441,-13.6835180944138,-13.650771107453146,-13.695915872112778,-13.619989509607263,80,0.625,75.90806788230319,567.06508111847,1.0310274202154,21.733044318665424
2021-06-29 20:45:00,-13.686862300206336,-13.636327029750278,-13.737317488450223,-13.667878983169643,-13.653484457475516,-13.704193031869664,-13.631410713327735,80,0.6527777777777778,72.98405557930008,575.1794243398531,1.0457807715270055,21.60889791505997
2021-06-29 20:50:00,-13.666156905238005,-13.622263565343143,-13.68258466978947,-13.634829892576976,-13.632742120961035,-13.719717727541926,-13.65095694916287,80,0.6805555555555556,69.54818229029615,587.000796114409,1.0672741747534709,21.431116276029314
2021-06-29 20:55:00,-13.704848544413649,-13.657713012061809,-13.73284363605447,-13.65928949943169,-13.66310251830515,-13.71745616637752,-13.637980187963167,80,0.7083333333333334,65.63949652769072,603.7532271149208,1.097733140208947,21.185177830703115
2021-06-29 21:00:00,-13.733898018437142,-13.689001955312287,-13.776840145224984,-13.70476252193094,-13.70924234952365,-13.683750749102112,-13.66987302706106,80,0.7361111111111112,61.30302393660706,627.0153502079979,1.1400279094690873,20.854688932533097
2021-06-29 21:05:00,-13.726313850683493,-13.690851408453888,-13.775205587209836,-13.70071128024159,-13.700289861666938,-13.679255554640342,-13.693212102759007,80,0.7638888888888888,56.58963198367853,658.8812958918048,1.1979659925305544,20.42121190802138
2021-06-29 21:10:00,-13.742598050587889,-13.711032343714615,-13.772382648295352,-13.708325949122282,-13.684811731824002,-13.687829700585622,-13.695915872112778,80,0.7916666666666666,51.55598805017223,702.2327649706286,1.276786845401143,19.863792666931527
2021-06-29 21:15:00,-13.730525535860954,-13.711326309454922,-13.743617730305996,-13.69902803382107,-13.715399215728851,-13.688139320462955,-13.704193031869664,80,0.8194444444444444,46.26470858801082,761.2019950774787,1.3840036274135976,19.158055250843958
2021-06-29 21:20:00,-13.73504807666208,-13.702947093341384,-13.759903587564294,-13.686032998113888,-13.692516741030456,-13.711538264436008,-13.719717727541926,80,0.8472222222222222,40.784883744963764,841.9816786935072,1.5308757794427403,18.27465717160573
2021-06-29 21:25:00,-13.7144181203726,-13.703288976494736,-13.750085277676558,-13.68022013461036,-13.705584089705187,-13.713699599304018,-13.71745616637752,80,0.875,35.19335896718734,954.3017862880093,1.7350941568872897,17.176784347000584
2021-06-29 21:30:00,-13.689970405759029,-13.679133671258372,-13.69936719530477,-13.653806129514107,-13.675773279637353,-13.74719075270413,-13.683750749102112,80,0.9027777777777778,29.577662225059694,1114.256147375883,2.025920267956151,15.816257000944784
2021-06-29 21:35:00,-13.723166564703067,-13.716963102886666,-13.745326869246664,-13.677893049814122,-13.669067814752935,-13.774003714868224,-13.679255554640342,80,0.9305555555555556,24.04301710572996,1349.950291052939,2.4544550746417078,14.128175499124907
2021-06-29 21:40:00,-13.753415076120714,-13.746845283400356,-13.822273856452776,-13.735893763297032,-13.719623476442486,-13.778363427917734,-13.687829700585622,80,0.9583333333333334,18.732096909021678,1712.6296804120188,3.113872146203671,12.028290858350662
2021-06-29 21:45:00,-13.739874872747654,-13.732458119883796,-13.757635367907904,-13.722298780016107,-13.72107777541368,-13.816014873986203,-13.688139320462955,80,0.9861111111111112,13.908664235895909,2288.093132953492,4.160169332642712,9.459771369219304
2021-06-29 21:50:00,-13.777554726443505,-13.771335172153996,-13.821122373485007,-13.756797531896687,-13.689397048538652,-13.782028418919143,-13.711538264436008,81,0.013888888888888888,13.908664235895905,2288.0931329534924,4.160169332642714,9.459771369219304
2021-06-29 21:55:00,-13.76742195546046,-13.738519650952025,-13.78821924634111,-13.739998214769502,-13.711962067274165,-13.807621713994484,-13.713699599304018,81,0.041666666666666664,18.732096909021678,1712.6296804120188,3.113872146203671,12.028290858350662
2021-06-29 22:00:00,-13.77546899017446,-13.764492218657631,-13.797394473839118,-13.759773557974077,-13.76136464679482,-13.805259141471309,-13.74719075270413,81,0.06944444444444445,24.04301710572997,1349.9502910529386,2.454455074641707,14.128175499124909
2021-06-29 22:05:00,-13.80332913831613,-13.78670187455818,-13.866052888807538,-13.800751865771897,-13.788938886850485,-13.793741142467775,-13.774003714868224,81,0.09722222222222222,29.57766222505968,1114.2561473758838,2.0259202679561525,15.81625700094478
2021-06-29 22:10:00,-13.799868059997234,-13.782510033246414,-13.842810448472536,-13.801899365275023,-13.7980848053532,-13.803858066821425,-13.778363427917734,81,0.125,35.193358967187336,954.3017862880095,1.73509415688729,17.176784347000584
2021-06-29 22:15:00,-13.835803446945595,-13.823346886028109,-13.882979618650364,-13.852646349572725,-13.81611882205978,-13.782746169463543,-13.816014873986203,81,0.1527777777777778,40.784883744963764,841.9816786935072,1.5308757794427403,18.27465717160573
2021-06-29 22:20:00,-13.781096288193911,-13.738470013426715,-13.795426235238695,-13.7781626845611,-13.763281478347944,-13.815090332197252,-13.782028418919143,81,0.18055555555555555,46.2647085880108,761.2019950774791,1.3840036274135983,19.15805525084395
2021-06-29 22:25:00,-13.805105240169649,-13.81130560872514,-13.813206444187443,-13.81513368508612,-13.776841860731654,-13.800729593261586,-13.807621713994484,81,0.20833333333333334,51.55598805017222,702.2327649706288,1.2767868454011433,19.863792666931527
2021-06-29 22:30:00,-13.822256352469475,-13.796458871685084,-13.830925825340412,-13.801733280968376,-13.820157619056689,-13.797983532306972,-13.805259141471309,81,0.2361111111111111,56.589631983678515,658.8812958918049,1.1979659925305546,20.421211908021377
2021-06-29 22:35:00,-13.820418259764809,-13.80895503918068,-13.827282147328631,-13.80314235162392,-13.77702076772374,-13.7898699417495,-13.793741142467775,81,0.2638888888888889,61.30302393660706,627.0153502079979,1.1400279094690873,20.854688932533097
2021-06-29 22:40:00,-13.849538345787376,-13.8433872635439,-13.87318497693938,-13.847546700697656,-13.825062630615804,-13.767344495972903,-13.803858066821425,81,0.2916666666666667,65.63949652769072,603.7532271149208,1.097733140208947,21.185177830703115
2021-06-29 22:45:00,-13.838831258063276,-13.817316519346765,-13.876408384893685,-13.830241396332324,-13.8008539238805,-13.746254842048952,-13.782746169463543,81,0.3194444444444444,69.54818229029615,587.000796114409,1.0672741747534709,21.431116276029314
2021-06-29 22:50:00,-13.834304850103049,-13.825947695770047,-13.830173910044556,-13.825545763815954,-13.811070667461165,-13.74432475166462,-13.815090332197252,81,0.3472222222222222,72.98405557930008,575.1794243398531,1.0457807715270055,21.60889791505997
2021-06-29 22:55:00,-13.82954373756942,-13.812193128834044,-13.84966884059974,-13.805358495476176,-13.813611129302975,-13.733998012122465,-13.800729593261586,81,0.375,75.90806788230319,567.06508111847,1.0310274202154,21.733044318665424
2021-06-29 23:00:00,-13.81643799352933,-13.80336250611658,-13.804277784427596,-13.791364933120404,-13.796119707002273,-13.741380535151569,-13.797983532306972,81,0.4027777777777778,78.28732091574973,561.6956771060345,1.0212648674655171,21.816168916637658
2021-06-29 23:05:00,-13.810707183582064,-13.796777511640796,-13.82351056230268,-13.784255262880794,-13.768438901998453,-13.748234769355829,-13.7898699417495,81,0.4305555555555556,80.09524395594458,558.321757226534,1.0151304676846076,21.86880622268163
2021-06-29 23:10:00,-13.810291914662676,-13.79120770140424,-13.81705150523631,-13.784101158044445,-13.758300054051109,-13.730487780176048,-13.767344495972903,81,0.4583333333333333,81.31175430298669,556.3845700490554,1.0116083091801007,21.899171826367546
2021-06-29 23:15:00,-13.769595676868144,-13.765689416792812,-13.80139552968931,-13.752842881955706,-13.74143522783028,-13.726323867497856,-13.746254842048952,81,0.4861111111111111,81.92338730807863,555.5100547469376,1.0100182813580683,21.91291439402028
2021-06-29 23:20:00,-13.80080367988857,-13.79673171907231,-13.83410436843387,-13.77787215333,-13.702927831163226,-13.699301395447288,-13.74432475166462,81,0.5138888888888888,81.92338730807863,555.5100547469376,1.0100182813580683,21.91291439402028
2021-06-29 23:25:00,-13.77985304015756,-13.76856905817809,-13.79805206534457,-13.757183404591633,-13.73082570591342,-13.71580420614642,-13.733998012122465,81,0.5416666666666666,81.3117543029867,556.3845700490554,1.0116083091801007,21.899171826367546
2021-06-29 23:30:00,-13.792372429833527,-13.793539393077982,-13.83888810239442,-13.777457785778523,-13.74998449892886,-13.714310494136418,-13.741380535151569,81,0.5694444444444444,80.09524395594458,558.321757226534,1.0151304676846076,21.86880622268163
2021-06-29 23:35:00,-13.807446121710196,-13.791941452149652,-13.837396076814702,-13.78745424667236,-13.77043336749744,-13.7092017298149,-13.748234769355829,81,0.5972222222222222,78.28732091574973,561.6956771060345,1.0212648674655171,21.816168916637658
2021-06-29 23:40:00,-13.766792684353232,-13.749211926598903,-13.77682171079739,-13.7482683525796,-13.71716781587524,-13.728096320265154,-13.730487780176048,81,0.625,75.90806788230319,567.06508111847,1.0310274202154,21.733044318665424
2021-06-29 23:45:00,-13.76119484071099,-13.739974143190436,-13.773226008819568,-13.724692115353784,-13.717065786843024,-13.75466495357267,-13.726323867497856,81,0.6527777777777778,72.98405557930008,575.1794243398531,1.0457807715270055,21.60889791505997
2021-06-29 23:50:00,-13.744709868373576,-13.725173285447216,-13.754572199907017,-13.703676417213089,-13.684716797429532,-13.813000350776113,-13.699301395447288,81,0.6805555555555556,69.54818229029615,587.000796114409,1.0672741747534709,21.431116276029314
2021-06-29 23:55:00,-13.773782763424558,-13.77075501731538,-13.826466758286031,-13.755744705100572,-13.700848026476562,-13.819568386130529,-13.71580420614642,81,0.7083333333333334,65.63949652769072,603.7532271149208,1.097733140208947,21.185177830703115
2021-06-30 00:00:00,-13.790262880005807,-13.770115193372373,-13.824852001288535,-13.77069104241437,-13.743939547726512,-13.824905385529958,-13.714310494136418,81,0.7361111111111112,61.30302393660706,627.0153502079979,1.1400279094690873,20.854688932533097
2021-06-30 00:05:00,-13.782230470713069,-13.768104714595378,-13.819286665043848,-13.766785095416951,-13.718999540851764,-13.820721264764735,-13.7092017298149,81,0.7638888888888888,56.58963198367853,658.8812958918048,1.1979659925305544,20.42121190802138
2021-06-30 00:10:00,-13.793177118766735,-13.780563155258982,-13.80193658304682,-13.758102043874588,-13.736575342819467,-13.841679115439032,-13.728096320265154,81,0.7916666666666666,51.55598805017223,702.2327649706286,1.276786845401143,19.863792666931527
2021-06-30 00:15:00,-13.80944538481258,-13.792207563635076,-13.85869205676106,-13.78142729375184,-13.746978146182736,-13.859770732462746,-13.75466495357267,81,0.8194444444444444,46.26470858801082,761.2019950774787,1.3840036274135976,19.158055250843958
2021-06-30 00:20:00,-13.854417711975612,-13.849851358700615,-13.89891013341714,-13.856161422737111,-13.763664327098931,-13.849997956192691,-13.813000350776113,81,0.8472222222222222,40.784883744963764,841.9816786935072,1.5308757794427403,18.27465717160573
2021-06-30 00:25:00,-13.85265853257771,-13.820117035567936,-13.870825108519936,-13.842299663630993,-13.804791011685412,-13.858319849966698,-13.819568386130529,81,0.875,35.19335896718734,954.3017862880093,1.7350941568872897,17.176784347000584
2021-06-30 00:30:00,-13.849592980313318,-13.819040650023476,-13.847153820594116,-13.836378897665636,-13.81549580237516,-13.90037927588248,-13.824905385529958,81,0.9027777777777778,29.577662225059694,1114.256147375883,2.025920267956151,15.816257000944784
2021-06-30 00:35:00,-13.83099903967587,-13.80236804995286,-13.81015066158815,-13.800125153386482,-13.791612692990318,-13.949733123383185,-13.820721264764735,81,0.9305555555555556,24.04301710572996,1349.950291052939,2.4544550746417078,14.128175499124907
2021-06-30 00:40:00,-13.85963610880382,-13.856674538133314,-13.876848833961803,-13.851046479683946,-13.811063514670645,-13.944869400289654,-13.841679115439032,81,0.9583333333333334,18.732096909021678,1712.6296804120188,3.113872146203671,12.028290858350662
2021-06-30 00:45:00,-13.883324522719946,-13.879179012602936,-13.89185719120314,-13.882566501383408,-13.86140642445688,-13.943632316446756,-13.859770732462746,81,0.9861111111111112,13.908664235895909,2288.093132953492,4.160169332642712,9.459771369219304
2021-06-30 00:50:00,-13.894434521900145,-13.890166858464587,-13.91300197395157,-13.901372234403492,-13.855637175529678,-13.940015621319528,-13.849997956192691,82,0.013888888888888888,13.908664235895905,2288.0931329534924,4.160169332642714,9.459771369219304
2021-06-30 00:55:00,-13.8989208916793,-13.890050787023636,-13.892976195849734,-13.897873938312795,-13.845355998681589,-13.960534622126838,-13.858319849966698,82,0.041666666666666664,18.732096909021678,1712.6296804120188,3.113872146203671,12.028290858350662
2021-06-30 01:00:00,-13.943780344318805,-13.949993895179135,-13.96375454091504,-13.976172483086472,-13.874205936018392,-13.921424820931575,-13.90037927588248,82,0.06944444444444445,24.04301710572997,1349.9502910529386,2.454455074641707,14.128175499124909
2021-06-30 01:05:00,-13.95813576227616,-13.948780565570967,-13.992195838748057,-13.992346687029375,-13.975888174201597,-13.91700032569803,-13.949733123383185,82,0.09722222222222222,29.57766222505968,1114.2561473758838,2.0259202679561525,15.81625700094478
2021-06-30 01:10:00,-13.933023768588766,-13.9089155328538,-13.93270477157752,-13.954671340173078,-13.921808367515784,-13.94063390155352,-13.944869400289654,82,0.125,35.193358967187336,954.3017862880095,1.73509415688729,17.176784347000584
2021-06-30 01:15:00,-13.950754315073272,-13.922193787694876,-13.931933520486163,-13.957783472804984,-13.90919433420919,-13.95501499395814,-13.943632316446756,82,0.1527777777777778,40.784883744963764,841.9816786935072,1.5308757794427403,18.27465717160573
2021-06-30 01:20:00,-13.945444298558396,-13.92017755593737,-13.933709331575836,-13.948636623857974,-13.908303899018923,-13.965611475116678,-13.940015621319528,82,0.18055555555555555,46.2647085880108,761.2019950774791,1.3840036274135983,19.15805525084395
2021-06-30 01:25:00,-13.96417597402788,-13.958606020275,-13.974985468777191,-13.985205701523965,-13.937795435849864,-13.980461656827872,-13.960534622126838,82,0.20833333333333334,51.55598805017222,702.2327649706288,1.2767868454011433,19.863792666931527
2021-06-30 01:30:00,-13.937583876078302,-13.916000082622157,-13.936407067579882,-13.946362618001125,-13.917086479024464,-14.027095583043376,-13.921424820931575,82,0.2361111111111111,56.589631983678515,658.8812958918049,1.1979659925305546,20.421211908021377
2021-06-30 01:35:00,-13.96983377317438,-13.971838974008238,-13.972209720834291,-13.990137754120402,-13.90009086722743,-14.056803099256278,-13.91700032569803,82,0.2638888888888889,61.30302393660706,627.0153502079979,1.1400279094690873,20.854688932533097
2021-06-30 01:40:00,-14.006254328669788,-13.983713183600804,-13.993361627296856,-14.015707991623056,-13.967744664044766,-14.081814604959815,-13.94063390155352,82,0.2916666666666667,65.63949652769072,603.7532271149208,1.097733140208947,21.185177830703115
2021-06-30 01:45:00,-14.003629080091594,-13.989764451814352,-14.007976988129112,-14.02803568069788,-13.937916277302673,-14.08058926797614,-13.95501499395814,82,0.3194444444444444,69.54818229029615,587.000796114409,1.0672741747534709,21.431116276029314
2021-06-30 01:50:00,-13.993653263430554,-13.982073034875766,-13.999803442067384,-14.018133834358288,-13.952827810184562,-14.085470669511274,-13.965611475116678,82,0.3472222222222222,72.98405557930008,575.1794243398531,1.0457807715270055,21.60889791505997
2021-06-30 01:55:00,-14.027131870370876,-14.021484709601143,-14.0428066001857,-14.054358705787916,-13.965633107946536,-14.084047496809385,-13.980461656827872,82,0.375,75.90806788230319,567.06508111847,1.0310274202154,21.733044318665424
2021-06-30 02:00:00,-14.048255281976909,-14.0319041378608,-14.071721901234223,-14.070163872262334,-14.005395703043856,-14.090313748372008,-14.027095583043376,82,0.4027777777777778,78.28732091574973,561.6956771060345,1.0212648674655171,21.816168916637658
2021-06-30 02:05:00,-14.064048527133798,-14.071239318182004,-14.093017910256966,-14.112596260958467,-14.06695302530601,-14.083980504820149,-14.056803099256278,82,0.4305555555555556,80.09524395594458,558.321757226534,1.0151304676846076,21.86880622268163
2021-06-30 02:10:00,-14.076380054291338,-14.07733661023964,-14.100199079325366,-14.119082678902386,-14.097378030375856,-14.07217101506484,-14.081814604959815,82,0.4583333333333333,81.31175430298669,556.3845700490554,1.0116083091801007,21.899171826367546
2021-06-30 02:15:00,-14.05030295725901,-14.035641493712236,-14.051711708074327,-14.071243594713852,-14.0034033891973,-14.096563368242862,-14.08058926797614,82,0.4861111111111111,81.92338730807863,555.5100547469376,1.0100182813580683,21.91291439402028
2021-06-30 02:20:00,-14.05616568676147,-14.037722800641246,-14.033462264437084,-14.068223663296298,-13.971191756622853,-14.119115825980392,-14.085470669511274,82,0.5138888888888888,81.92338730807863,555.5100547469376,1.0100182813580683,21.91291439402028
2021-06-30 02:25:00,-14.062677168548582,-14.073839491916052,-14.076791485128007,-14.09492741456127,-14.00595338809314,-14.107489924515033,-14.084047496809385,82,0.5416666666666666,81.3117543029867,556.3845700490554,1.0116083091801007,21.899171826367546
2021-06-30 02:30:00,-14.080474707022326,-14.092575012505604,-14.117993128633,-14.12158156151477,-14.01700066951258,-14.098880697912197,-14.090313748372008,82,0.5694444444444444,80.09524395594458,558.321757226534,1.0151304676846076,21.86880622268163
2021-06-30 02:35:00,-14.092623518181446,-14.095082618181388,-14.116286926407144,-14.135646913463177,-14.051993458237392,-14.110969611719828,-14.083980504820149,82,0.5972222222222222,78.28732091574973,561.6956771060345,1.0212648674655171,21.816168916637658
2021-06-30 02:40:00,-14.093410092527286,-14.085292259549412,-14.081033613279748,-14.13249107902579,-14.043783741153698,-14.128439808260056,-14.07217101506484,82,0.625,75.90806788230319,567.06508111847,1.0310274202154,21.733044318665424
2021-06-30 02:45:00,-14.102569560625048,-14.108333900505796,-14.112031888340814,-14.144826037196667,-14.004615699960848,-14.127388406206764,-14.096563368242862,82,0.6527777777777778,72.98405557930008,575.1794243398531,1.0457807715270055,21.60889791505997
2021-06-30 02:50:00,-14.106084430254748,-14.10394238162425,-14.124588583017731,-14.14712964281265,-14.042904762058814,-14.123614291535386,-14.119115825980392,82,0.6805555555555556,69.54818229029615,587.000796114409,1.0672741747534709,21.431116276029314
2021-06-30 02:55:00,-14.076925294648175,-14.063731013698462,-14.086540564144926,-14.110828184186996,-14.007572710082956,-14.153168924120076,-14.107489924515033,82,0.7083333333333334,65.63949652769072,603.7532271149208,1.097733140208947,21.185177830703115
2021-06-30 03:00:00,-14.087403202311878,-14.077838420469291,-14.087275615137932,-14.116388286682524,-13.970386922307725,-14.166303017634778,-14.098880697912197,82,0.7361111111111112,61.30302393660706,627.0153502079979,1.1400279094690873,20.854688932533097
2021-06-30 03:05:00,-14.11212301372895,-14.110295406674828,-14.124936859947884,-14.159522928210269,-14.052201994064998,-14.15333704377362,-14.110969611719828,82,0.7638888888888888,56.58963198367853,658.8812958918048,1.1979659925305544,20.42121190802138
2021-06-30 03:10:00,-14.11085208497482,-14.107369828173816,-14.136960235585493,-14.162567807165482,-14.098416522514553,-14.150304027983168,-14.128439808260056,82,0.7916666666666666,51.55598805017223,702.2327649706286,1.276786845401143,19.863792666931527
2021-06-30 03:15:00,-14.102162316787703,-14.09664054843119,-14.112936163889966,-14.13986572235477,-14.071315180771794,-14.13793824884502,-14.127388406206764,82,0.8194444444444444,46.26470858801082,761.2019950774787,1.3840036274135976,19.158055250843958
2021-06-30 03:20:00,-14.095610128062688,-14.0883083824472,-14.08783952253344,-14.125091488159152,-14.046711442280516,-14.132160538690009,-14.123614291535386,82,0.8472222222222222,40.784883744963764,841.9816786935072,1.5308757794427403,18.27465717160573
2021-06-30 03:25:00,-14.11508043092044,-14.116200046158983,-14.11087743958186,-14.160458257337764,-14.08030257482776,-14.11832262221895,-14.153168924120076,82,0.875,35.19335896718734,954.3017862880093,1.7350941568872897,17.176784347000584
2021-06-30 03:30:00,-14.12674198003285,-14.11278075207426,-14.114917079793909,-14.17525301946064,-14.10169337286305,-14.096653737645008,-14.166303017634778,82,0.9027777777777778,29.577662225059694,1114.256147375883,2.025920267956151,15.816257000944784
2021-06-30 03:35:00,-14.11438184171324,-14.103589281604377,-14.10429233638991,-14.16371690586974,-14.074757592052023,-14.101351143820814,-14.15333704377362,82,0.9305555555555556,24.04301710572996,1349.950291052939,2.4544550746417078,14.128175499124907
2021-06-30 03:40:00,-14.121649367642764,-14.111731223408668,-14.1036097973468,-14.164025755222896,-14.069955220129192,-14.095014527408384,-14.150304027983168,82,0.9583333333333334,18.732096909021678,1712.6296804120188,3.113872146203671,12.028290858350662
2021-06-30 03:45:00,-14.094003890445768,-14.06871338391505,-14.06075684782935,-14.106350479170333,-14.018430239018995,-14.12347338737747,-14.13793824884502,82,0.9861111111111112,13.908664235895909,2288.093132953492,4.160169332642712,9.459771369219304
2021-06-30 03:50:00,-14.075318417350804,-14.071043948120249,-14.04480862554458,-14.083702941656412,-13.99561946668408,-14.12695365610995,-14.132160538690009,83,0.013888888888888888,13.908664235895905,2288.0931329534924,4.160169332642714,9.459771369219304
2021-06-30 03:55:00,-14.09953259044634,-14.091852970087364,-14.074185717727245,-14.133868601804458,-14.025494811786686,-14.124728498578586,-14.11832262221895,83,0.041666666666666664,18.732096909021678,1712.6296804120188,3.113872146203671,12.028290858350662
2021-06-30 04:00:00,-14.087997523605274,-14.065172381046663,-14.061406181641685,-14.116006048535606,-13.992127567397915,-14.143541558847494,-14.096653737645008,83,0.06944444444444445,24.04301710572997,1349.9502910529386,2.454455074641707,14.128175499124909
2021-06-30 04:05:00,-14.11306380921668,-14.10903535939578,-14.109524864340848,-14.156265559039197,-13.991828720320932,-14.140129503312387,-14.101351143820814,83,0.09722222222222222,29.57766222505968,1114.2561473758838,2.0259202679561525,15.81625700094478
2021-06-30 04:10:00,-14.10580017952264,-14.10096569121599,-14.121556846588184,-14.146987633752136,-14.042457683575094,-14.137248324400316,-14.095014527408384,83,0.125,35.193358967187336,954.3017862880095,1.73509415688729,17.176784347000584
2021-06-30 04:15:00,-14.119836629545134,-14.131983565010406,-14.124502923989828,-14.179492937807176,-14.040260439372576,-14.126206625646644,-14.12347338737747,83,0.1527777777777778,40.784883744963764,841.9816786935072,1.5308757794427403,18.27465717160573
2021-06-30 04:20:00,-14.103736977451364,-14.084352471155263,-14.098090052872564,-14.131696944820051,-14.037448636713249,-14.145261368821163,-14.12695365610995,83,0.18055555555555555,46.2647085880108,761.2019950774791,1.3840036274135983,19.15805525084395
2021-06-30 04:25:00,-14.086900878698144,-14.078066747303826,-14.059041922688223,-14.113414179646496,-14.025040696817983,-14.14551154203097,-14.124728498578586,83,0.20833333333333334,51.55598805017222,702.2327649706288,1.2767868454011433,19.863792666931527
2021-06-30 04:30:00,-14.096682465112616,-14.088429050490673,-14.069537101724151,-14.127738311414433,-14.01224028388856,-14.14238187633938,-14.143541558847494,83,0.2361111111111111,56.589631983678515,658.8812958918049,1.1979659925305546,20.421211908021377
2021-06-30 04:35:00,-14.099949778407089,-14.080774175096634,-14.078528915390518,-14.136915865023177,-14.033623870980565,-14.142453404244554,-14.140129503312387,83,0.2638888888888889,61.30302393660706,627.0153502079979,1.1400279094690873,20.854688932533097
2021-06-30 04:40:00,-14.091145681877228,-14.074081290554192,-14.063680827178988,-14.13452817050404,-14.047971554619716,-14.14764737691002,-14.137248324400316,83,0.2916666666666667,65.63949652769072,603.7532271149208,1.097733140208947,21.185177830703115
2021-06-30 04:45:00,-14.110897037064822,-14.094587572762984,-14.083564712525844,-14.167036207739196,-13.997932318590246,-14.15987091437658,-14.126206625646644,83,0.3194444444444444,69.54818229029615,587.000796114409,1.0672741747534709,21.431116276029314
2021-06-30 04:50:00,-14.121177225315847,-14.108941172408326,-14.097363492183746,-14.171524089490337,-14.05508462679628,-14.14567309042168,-14.145261368821163,83,0.3472222222222222,72.98405557930008,575.1794243398531,1.0457807715270055,21.60889791505997
2021-06-30 04:55:00,-14.10335084306896,-14.084774606941266,-14.056854506303573,-14.137895739171292,-14.048368970639196,-14.161809727676172,-14.14551154203097,83,0.375,75.90806788230319,567.06508111847,1.0310274202154,21.733044318665424
2021-06-30 05:00:00,-14.103703074387369,-14.096879745218846,-14.047121361145209,-14.136032350012355,-14.024546456439062,-14.173441502571146,-14.14238187633938,83,0.4027777777777778,78.28732091574973,561.6956771060345,1.0212648674655171,21.816168916637658
2021-06-30 05:05:00,-14.099695418197957,-14.0986194002701,-14.050134488688858,-14.138484710409994,-14.010848862598234,-14.1783915825258,-14.142453404244554,83,0.4305555555555556,80.09524395594458,558.321757226534,1.0151304676846076,21.86880622268163
2021-06-30 05:10:00,-14.100590912679074,-14.09840813001095,-14.053256420062246,-14.141913223178568,-14.050387569537085,-14.16596200980068,-14.14764737691002,83,0.4583333333333333,81.31175430298669,556.3845700490554,1.0116083091801007,21.899171826367546
2021-06-30 05:15:00,-14.113630217181228,-14.1324795933501,-14.090114458834584,-14.17780662382812,-14.0434734961341,-14.152682708823198,-14.15987091437658,83,0.4861111111111111,81.92338730807863,555.5100547469376,1.0100182813580683,21.91291439402028
2021-06-30 05:20:00,-14.082804365078566,-14.097279852004098,-14.065206813975468,-14.123186577923551,-14.039743984636113,-14.156842783418677,-14.14567309042168,83,0.5138888888888888,81.92338730807863,555.5100547469376,1.0100182813580683,21.91291439402028
2021-06-30 05:25:00,-14.122682044504618,-14.126208035129064,-14.126604448735502,-14.145912970591471,-14.038979857258887,-14.152878858111126,-14.161809727676172,83,0.5416666666666666,81.3117543029867,556.3845700490554,1.0116083091801007,21.899171826367546
2021-06-30 05:30:00,-14.146335043384768,-14.133773002134218,-14.16378831746938,-14.152601004183548,-14.04586566841641,-14.140489468948994,-14.173441502571146,83,0.5694444444444444,80.09524395594458,558.321757226534,1.0151304676846076,21.86880622268163
2021-06-30 05:35:00,-14.133083364972292,-14.126910997310436,-14.113403363231566,-14.148160924008062,-14.07636545794646,-14.128052161905671,-14.1783915825258,83,0.5972222222222222,78.28732091574973,561.6956771060345,1.0212648674655171,21.816168916637658
2021-06-30 05:40:00,-14.101980007858662,-14.088682297270934,-14.089669183086684,-14.087161810170109,-14.034812978789503,-14.131427930113276,-14.16596200980068,83,0.625,75.90806788230319,567.06508111847,1.0310274202154,21.733044318665424
2021-06-30 05:45:00,-14.118151304163144,-14.110859776953852,-14.097734216082516,-14.124817704925364,-14.00754590165671,-14.123758917470482,-14.152682708823198,83,0.6527777777777778,72.98405557930008,575.1794243398531,1.0457807715270055,21.60889791505997
2021-06-30 05:50:00,-14.110946059848612,-14.105364321822186,-14.106937589520443,-14.119042437186629,-14.033128700157343,-14.08847344586214,-14.156842783418677,83,0.6805555555555556,69.54818229029615,587.000796114409,1.0672741747534709,21.431116276029314
2021-06-30 05:55:00,-14.113170228782913,-14.109917617984822,-14.114303335475851,-14.130501091289972,-14.029755490671551,-14.081391601722226,-14.152878858111126,83,0.7083333333333334,65.63949652769072,603.7532271149208,1.097733140208947,21.185177830703115
2021-06-30 06:00:00,-14.107176655551475,-14.096360878413808,-14.094164450239417,-14.114634224728244,-14.004994507094429,-14.0749750252532,-14.140489468948994,83,0.7361111111111112,61.30302393660706,627.0153502079979,1.1400279094690873,20.854688932533097
2021-06-30 06:05:00,-14.085139256883966,-14.080038718693684,-14.037938864551148,-14.09455494607945,-13.98385097463052,-14.07336768273368,-14.128052161905671,83,0.7638888888888888,56.58963198367853,658.8812958918048,1.1979659925305544,20.42121190802138
2021-06-30 06:10:00,-14.082232781517629,-14.067305262434118,-14.012611124092864,-14.094019359082171,-13.94592786790431,-14.075992931311871,-14.131427930113276,83,0.7916666666666666,51.55598805017223,702.2327649706286,1.276786845401143,19.863792666931527
2021-06-30 06:15:00,-14.065142264402509,-14.067530177953577,-14.008922377685549,-14.078796359972548,-13.934741397833625,-14.071434393947085,-14.123758917470482,83,0.8194444444444444,46.26470858801082,761.2019950774787,1.3840036274135976,19.158055250843958
2021-06-30 06:20:00,-14.01191561698239,-14.003832946465751,-13.928307695374292,-14.00935160326936,-13.876873723346696,-14.080410215602132,-14.08847344586214,83,0.8472222222222222,40.784883744963764,841.9816786935072,1.5308757794427403,18.27465717160573
2021-06-30 06:25:00,-14.0374098488167,-14.059885941237065,-13.942900463856011,-14.067821827666418,-13.835153851445805,-14.066375684620995,-14.081391601722226,83,0.875,35.19335896718734,954.3017862880093,1.7350941568872897,17.176784347000584
2021-06-30 06:30:00,-14.03793834117623,-14.047911358034789,-13.989187654189724,-14.078416564241902,-13.8692726912902,-14.054217336407852,-14.0749750252532,83,0.9027777777777778,29.577662225059694,1114.256147375883,2.025920267956151,15.816257000944784
2021-06-30 06:35:00,-14.01909085446841,-14.051683289588189,-13.967380133415835,-14.068701213830678,-13.881949006211787,-14.035615952216045,-14.07336768273368,83,0.9305555555555556,24.04301710572996,1349.950291052939,2.4544550746417078,14.128175499124907
2021-06-30 06:40:00,-14.028733804682933,-14.057080279133828,-13.970956528674536,-14.04875690775742,-13.879627809383354,-14.000667185136937,-14.075992931311871,83,0.9583333333333334,18.732096909021678,1712.6296804120188,3.113872146203671,12.028290858350662
2021-06-30 06:45:00,-14.009947843604117,-14.046932830977903,-13.957263819666258,-14.026416184249758,-13.89155360467553,-13.986721744197045,-14.071434393947085,83,0.9861111111111112,13.908664235895909,2288.093132953492,4.160169332642712,9.459771369219304
2021-06-30 06:50:00,-13.971607839681,-14.00729502653618,-13.918337926601168,-13.972983007272546,-13.864601279401883,-13.961353093266164,-14.080410215602132,84,0.013888888888888888,13.908664235895905,2288.0931329534924,4.160169332642714,9.459771369219304
2021-06-30 06:55:00,-13.984382607239546,-14.027030467175466,-13.945301678893811,-14.009580318107613,-13.807520702635712,-13.95909705661476,-14.066375684620995,84,0.041666666666666664,18.732096909021678,1712.6296804120188,3.113872146203671,12.028290858350662
2021-06-30 07:00:00,-13.963142541180035,-14.013234241722298,-13.94672229287389,-14.002246846938682,-13.86415254356426,-13.942360486324716,-14.054217336407852,84,0.06944444444444445,24.04301710572997,1349.9502910529386,2.454455074641707,14.128175499124909
2021-06-30 07:05:00,-13.945813917554563,-13.995901581093811,-13.89626522920322,-13.975071302263402,-13.853275388068877,-13.929008523463075,-14.035615952216045,84,0.09722222222222222,29.57766222505968,1114.2561473758838,2.0259202679561525,15.81625700094478
2021-06-30 07:10:00,-13.921227566741049,-13.962807314976851,-13.843204956853592,-13.943195589155817,-13.788403183547668,-13.927744136895395,-14.000667185136937,84,0.125,35.193358967187336,954.3017862880095,1.73509415688729,17.176784347000584
2021-06-30 07:15:00,-13.919363334366968,-13.994937508761833,-13.846999861139686,-13.977781424807125,-13.769920285621543,-13.91559535481266,-13.986721744197045,84,0.1527777777777778,40.784883744963764,841.9816786935072,1.5308757794427403,18.27465717160573
2021-06-30 07:20:00,-13.8934570901683,-13.935602713249054,-13.818307517805335,-13.91117193540533,-13.794257190134864,-13.910421735616143,-13.961353093266164,84,0.18055555555555555,46.2647085880108,761.2019950774791,1.3840036274135983,19.15805525084395
2021-06-30 07:25:00,-13.897076722010333,-13.985934238810152,-13.855040964271303,-13.969186038563176,-13.745399821894663,-13.877134334978432,-13.95909705661476,84,0.20833333333333334,51.55598805017222,702.2327649706288,1.2767868454011433,19.863792666931527
2021-06-30 07:30:00,-13.881853577518788,-13.940288819424076,-13.866361563702386,-13.912311438902798,-13.78747762408527,-13.882260443363135,-13.942360486324716,84,0.2361111111111111,56.589631983678515,658.8812958918049,1.1979659925305546,20.421211908021377
2021-06-30 07:35:00,-13.84954555673066,-13.922256145378098,-13.77519320067016,-13.88058142755652,-13.786872340995023,-13.863467155035496,-13.929008523463075,84,0.2638888888888889,61.30302393660706,627.0153502079979,1.1400279094690873,20.854688932533097
2021-06-30 07:40:00,-13.859082058302564,-13.912255586136617,-13.808115721762332,-13.88730938302413,-13.778741566294476,-13.866485545404688,-13.927744136895395,84,0.2916666666666667,65.63949652769072,603.7532271149208,1.097733140208947,21.185177830703115
2021-06-30 07:45:00,-13.854987958022878,-13.919584247299095,-13.817458749073657,-13.8943415646998,-13.778481623419577,-13.825608714187783,-13.91559535481266,84,0.3194444444444444,69.54818229029615,587.000796114409,1.0672741747534709,21.431116276029314
2021-06-30 07:50:00,-13.82051217648583,-13.868396105830929,-13.773951377376632,-13.850815700422416,-13.757311020841962,-13.802830885396189,-13.910421735616143,84,0.3472222222222222,72.98405557930008,575.1794243398531,1.0457807715270055,21.60889791505997
2021-06-30 07:55:00,-13.80071383386134,-13.862441886640362,-13.749748398689018,-13.815502257332456,-13.740188432475051,-13.781269903284072,-13.877134334978432,84,0.375,75.90806788230319,567.06508111847,1.0310274202154,21.733044318665424
2021-06-30 08:00:00,-13.816594540781956,-13.890376654341798,-13.76690372706456,-13.867356005118996,-13.739031366841516,-13.752323752191897,-13.882260443363135,84,0.4027777777777778,78.28732091574973,561.6956771060345,1.0212648674655171,21.816168916637658
2021-06-30 08:05:00,-13.776539669870486,-13.834371591438256,-13.751114872441685,-13.8248376957075,-13.756358914640773,-13.713366820086652,-13.863467155035496,84,0.4305555555555556,80.09524395594458,558.321757226534,1.0151304676846076,21.86880622268163
2021-06-30 08:10:00,-13.782603200882347,-13.86263309374135,-13.732183849282007,-13.841766809813832,-13.75783413407041,-13.688415502498444,-13.866485545404688,84,0.4583333333333333,81.31175430298669,556.3845700490554,1.0116083091801007,21.899171826367546
2021-06-30 08:15:00,-13.738047887221756,-13.78802141748492,-13.698176081225318,-13.769799269710433,-13.71393170154103,-13.686341542165009,-13.825608714187783,84,0.4861111111111111,81.92338730807863,555.5100547469376,1.0100182813580683,21.91291439402028
2021-06-30 08:20:00,-13.69719536386206,-13.767964474854391,-13.623867485123064,-13.732788957913948,-13.651929888593347,-13.706488626941796,-13.802830885396189,84,0.5138888888888888,81.92338730807863,555.5100547469376,1.0100182813580683,21.91291439402028
2021-06-30 08:25:00,-13.694034775435854,-13.765563689595623,-13.637555222069643,-13.74305015928608,-13.642995922393384,-13.72085147391532,-13.781269903284072,84,0.5416666666666666,81.3117543029867,556.3845700490554,1.0116083091801007,21.899171826367546
2021-06-30 08:30:00,-13.680885663968706,-13.780517333781049,-13.670053009879362,-13.766653641083908,-13.661976011951428,-13.676180043714355,-13.752323752191897,84,0.5694444444444444,80.09524395594458,558.321757226534,1.0151304676846076,21.86880622268163
2021-06-30 08:35:00,-13.620786086229275,-13.694345433466346,-13.59223212467651,-13.621839610858611,-13.600564333297816,-13.673118344070874,-13.713366820086652,84,0.5972222222222222,78.28732091574973,561.6956771060345,1.0212648674655171,21.816168916637658
2021-06-30 08:40:00,-13.620198859573629,-13.740469304246636,-13.548165984834892,-13.710761895901028,-13.585452493205054,-13.684102878653173,-13.688415502498444,84,0.625,75.90806788230319,567.06508111847,1.0310274202154,21.733044318665424
2021-06-30 08:45:00,-13.60041749755752,-13.703757006032296,-13.58067930670288,-13.638886280786332,-13.6234061155965,-13.67437995384386,-13.686341542165009,84,0.6527777777777778,72.98405557930008,575.1794243398531,1.0457807715270055,21.60889791505997
2021-06-30 08:50:00,-13.600298386149577,-13.7375106244256,-13.571425798309464,-13.732500462029748,-13.616144942856929,-13.624872263194264,-13.706488626941796,84,0.6805555555555556,69.54818229029615,587.000796114409,1.0672741747534709,21.431116276029314
2021-06-30 08:55:00,-13.606664529630176,-13.72920687643077,-13.59201593449076,-13.73673904286261,-13.61674874305158,-13.574722173449963,-13.72085147391532,84,0.7083333333333334,65.63949652769072,603.7532271149208,1.097733140208947,21.185177830703115
2021-06-30 09:00:00,-13.519836469343725,-13.631998620197647,-13.497263034812253,-13.525998164045976,-13.546398213365451,-13.572086399220684,-13.676180043714355,84,0.7361111111111112,61.30302393660706,627.0153502079979,1.1400279094690873,20.854688932533097
2021-06-30 09:05:00,-13.491198297130444,-13.617594342286807,-13.465035948139594,-13.509126068729095,-13.531633926927784,-13.598522088030464,-13.673118344070874,84,0.7638888888888888,56.58963198367853,658.8812958918048,1.1979659925305544,20.42121190802138
2021-06-30 09:10:00,-13.549703573108676,-13.707888571141227,-13.572598899568897,-13.711059565384453,-13.607050983852806,-13.5748608314572,-13.684102878653173,84,0.7916666666666666,51.55598805017223,702.2327649706286,1.276786845401143,19.863792666931527
2021-06-30 09:15:00,-13.510851795746955,-13.640140446364144,-13.543343230366723,-13.580790429374265,-13.569067805316804,-13.591580871822815,-13.67437995384386,84,0.8194444444444444,46.26470858801082,761.2019950774787,1.3840036274135976,19.158055250843958
2021-06-30 09:20:00,-13.4860972394137,-13.605378379633413,-13.45268808368867,-13.492227429853653,-13.494735073998376,-13.602542668672658,-13.624872263194264,84,0.8472222222222222,40.784883744963764,841.9816786935072,1.5308757794427403,18.27465717160573
2021-06-30 09:25:00,-13.480356762931637,-13.593163790178885,-13.461799483071498,-13.473886138007533,-13.458893496551868,-13.619090758571112,-13.574722173449963,84,0.875,35.19335896718734,954.3017862880093,1.7350941568872897,17.176784347000584
2021-06-30 09:30:00,-13.461242190553405,-13.58818653693491,-13.46376784342928,-13.479166582022389,-13.445157321983732,-13.621696831273914,-13.572086399220684,84,0.9027777777777778,29.577662225059694,1114.256147375883,2.025920267956151,15.816257000944784
2021-06-30 09:35:00,-13.50570622072302,-13.64247569390021,-13.53950321407052,-13.61041837079266,-13.472822167687166,-13.568288165688598,-13.598522088030464,84,0.9305555555555556,24.04301710572996,1349.950291052939,2.4544550746417078,14.128175499124907
2021-06-30 09:40:00,-13.510535459224863,-13.637048378341726,-13.575799729710855,-13.640108303062208,-13.48622152505508,-13.529459474975948,-13.5748608314572,84,0.9583333333333334,18.732096909021678,1712.6296804120188,3.113872146203671,12.028290858350662
2021-06-30 09:45:00,-13.540130013685086,-13.644697038204056,-13.595121902929217,-13.672987820182122,-13.502286939706432,-13.447921621100347,-13.591580871822815,84,0.9861111111111112,13.908664235895909,2288.093132953492,4.160169332642712,9.459771369219304
2021-06-30 09:50:00,-13.516297791607172,-13.58602473164293,-13.520343941294737,-13.593233973302,-13.4975940040247,-13.391535399292923,-13.602542668672658,85,0.013888888888888888,13.908664235895905,2288.0931329534924,4.160169332642714,9.459771369219304
2021-06-30 09:55:00,-13.49681754099147,-13.600141324391435,-13.510365922097591,-13.59649555854878,-13.472384626257467,-13.365959142978738,-13.619090758571112,85,0.041666666666666664,18.732096909021678,1712.6296804120188,3.113872146203671,12.028290858350662
2021-06-30 10:00:00,-13.465692378406953,-13.571294319001511,-13.474442258383892,-13.530052240682789,-13.44125453340855,-13.347768738939646,-13.621696831273914,85,0.06944444444444445,24.04301710572997,1349.9502910529386,2.454455074641707,14.128175499124909
2021-06-30 10:05:00,-13.40086029747869,-13.499089253257983,-13.363812288150068,-13.43111488586064,-13.394242069016022,-13.329543297857573,-13.568288165688598,85,0.09722222222222222,29.57766222505968,1114.2561473758838,2.0259202679561525,15.81625700094478
2021-06-30 10:10:00,-13.392271242617404,-13.506863524679702,-13.365583694167537,-13.41842842328096,-13.391435209342008,-13.325349378350868,-13.529459474975948,85,0.125,35.193358967187336,954.3017862880095,1.73509415688729,17.176784347000584
2021-06-30 10:15:00,-13.329310585016492,-13.422709887011354,-13.233702737874657,-13.272611417720288,-13.272924817527572,-13.31835313508609,-13.447921621100347,85,0.1527777777777778,40.784883744963764,841.9816786935072,1.5308757794427403,18.27465717160573
2021-06-30 10:20:00,-13.302671645011936,-13.411100704799845,-13.223145829675037,-13.245876787335275,-13.229615848538254,-13.308791424289067,-13.391535399292923,85,0.18055555555555555,46.2647085880108,761.2019950774791,1.3840036274135983,19.15805525084395
2021-06-30 10:25:00,-13.317573582687038,-13.460048183224334,-13.312005440571273,-13.33163326474052,-13.309629696446049,-13.265957418035937,-13.365959142978738,85,0.20833333333333334,51.55598805017222,702.2327649706288,1.2767868454011433,19.863792666931527
2021-06-30 10:30:00,-13.32212079480017,-13.438375643219011,-13.304811041748057,-13.3273618130553,-13.305441723059916,-13.24713534408792,-13.347768738939646,85,0.2361111111111111,56.589631983678515,658.8812958918049,1.1979659925305546,20.421211908021377
2021-06-30 10:35:00,-13.28627263700446,-13.377748190567807,-13.239562588815078,-13.27416698973771,-13.251641180506311,-13.22621821488972,-13.329543297857573,85,0.2638888888888889,61.30302393660706,627.0153502079979,1.1400279094690873,20.854688932533097
2021-06-30 10:40:00,-13.327900133232696,-13.42598510723931,-13.295666940519352,-13.357829444104407,-13.300702984803944,-13.173175998974692,-13.325349378350868,85,0.2916666666666667,65.63949652769072,603.7532271149208,1.097733140208947,21.185177830703115
2021-06-30 10:45:00,-13.190614327797816,-13.311452678914902,-13.188179122466869,-13.240430635189494,-13.186195705993882,-13.13654272065235,-13.31835313508609,85,0.3194444444444444,69.54818229029615,587.000796114409,1.0672741747534709,21.431116276029314
2021-06-30 10:50:00,-13.208608131865024,-13.301344706612683,-13.102119916287348,-13.22677284691866,-13.174988940607012,-13.100867741801038,-13.308791424289067,85,0.3472222222222222,72.98405557930008,575.1794243398531,1.0457807715270055,21.60889791505997
2021-06-30 10:55:00,-13.179920033682771,-13.287385677592958,-13.141929091752182,-13.18212687309208,-13.180335331678544,-13.08288539382921,-13.265957418035937,85,0.375,75.90806788230319,567.06508111847,1.0310274202154,21.733044318665424
2021-06-30 11:00:00,-13.180390286044714,-13.309100663897953,-13.194782427475335,-13.211459216719431,-13.206165395750562,-13.061979240966052,-13.24713534408792,85,0.4027777777777778,78.28732091574973,561.6956771060345,1.0212648674655171,21.816168916637658
2021-06-30 11:05:00,-13.19375201857145,-13.26067821721867,-13.114097990918344,-13.153888848261124,-13.16568923710817,-13.102444466887976,-13.22621821488972,85,0.4305555555555556,80.09524395594458,558.321757226534,1.0151304676846076,21.86880622268163
2021-06-30 11:10:00,-13.08500288150982,-13.220973574129,-13.061954845879692,-13.109400468437,-13.126979934029114,-13.13741035995739,-13.173175998974692,85,0.4583333333333333,81.31175430298669,556.3845700490554,1.0116083091801007,21.899171826367546
2021-06-30 11:15:00,-13.039047278261718,-13.147658602333967,-12.997827229405516,-13.019921559633325,-13.038308418262378,-13.145586755504771,-13.13654272065235,85,0.4861111111111111,81.92338730807863,555.5100547469376,1.0100182813580683,21.91291439402028
2021-06-30 11:20:00,-13.015719411509886,-13.113767244867082,-12.954172411364128,-12.987887409308136,-12.999407123818337,-13.151610626328562,-13.100867741801038,85,0.5138888888888888,81.92338730807863,555.5100547469376,1.0100182813580683,21.91291439402028
2021-06-30 11:25:00,-13.076184217711468,-13.153204417727189,-12.930648802393746,-13.011855363582123,-13.070720968651766,-13.188157315178705,-13.08288539382921,85,0.5416666666666666,81.3117543029867,556.3845700490554,1.0116083091801007,21.899171826367546
2021-06-30 11:30:00,-13.084682285297443,-13.194680429534545,-13.06430479925212,-13.061374423097952,-13.095813015939584,-13.170104834968146,-13.061979240966052,85,0.5694444444444444,80.09524395594458,558.321757226534,1.0151304676846076,21.86880622268163
2021-06-30 11:35:00,-13.143398902974356,-13.276824260570605,-13.181547613365709,-13.189014486985425,-13.14791557034587,-13.08693608306726,-13.102444466887976,85,0.5972222222222222,78.28732091574973,561.6956771060345,1.0212648674655171,21.816168916637658
2021-06-30 11:40:00,-13.163000689241535,-13.263258963802448,-13.199886176120575,-13.218843222644129,-13.221598762499998,-13.021180305382464,-13.13741035995739,85,0.625,75.90806788230319,567.06508111847,1.0310274202154,21.733044318665424
2021-06-30 11:45:00,-13.07578950579572,-13.162720599137243,-13.041952299808848,-13.102772855571326,-13.080892992753505,-13.016998539804364,-13.145586755504771,85,0.6527777777777778,72.98405557930008,575.1794243398531,1.0457807715270055,21.60889791505997
2021-06-30 11:50:00,-13.033555796032942,-13.141328242292037,-12.98038564402736,-13.037528502408524,-13.040165207082095,-12.99577850737358,-13.151610626328562,85,0.6805555555555556,69.54818229029615,587.000796114409,1.0672741747534709,21.431116276029314
2021-06-30 11:55:00,-13.066113234044884,-13.23808007613169,-13.09616199070296,-13.114637241540034,-13.159092445209764,-12.961579794701736,-13.188157315178705,85,0.7083333333333334,65.63949652769072,603.7532271149208,1.097733140208947,21.185177830703115
2021-06-30 12:00:00,-13.057416691060242,-13.15592872863868,-13.043919607964977,-13.058298897633772,-13.06066693651718,-12.978500156816418,-13.170104834968146,85,0.7361111111111112,61.30302393660706,627.0153502079979,1.1400279094690873,20.854688932533097
2021-06-30 12:05:00,-12.960144933293392,-13.075912315104064,-12.935644067049472,-12.994680059730626,-12.941606644855336,-12.995623937315084,-13.08693608306726,85,0.7638888888888888,56.58963198367853,658.8812958918048,1.1979659925305544,20.42121190802138
2021-06-30 12:10:00,-12.99041164652756,-13.084901853067088,-12.904671844428664,-12.99023073326496,-12.980747586858094,-12.987508660327324,-13.021180305382464,85,0.7916666666666666,51.55598805017223,702.2327649706286,1.276786845401143,19.863792666931527
2021-06-30 12:15:00,-12.983984951476824,-13.10347391962746,-12.931607508934151,-12.976582104055154,-12.975598682588164,-12.97468928959539,-13.016998539804364,85,0.8194444444444444,46.26470858801082,761.2019950774787,1.3840036274135976,19.158055250843958
2021-06-30 12:20:00,-12.94239118385428,-13.04524080542772,-12.927162543926118,-12.948078524607142,-12.910135413328591,-12.99825680390594,-12.99577850737358,85,0.8472222222222222,40.784883744963764,841.9816786935072,1.5308757794427403,18.27465717160573
2021-06-30 12:25:00,-12.969389420738604,-13.115563215526551,-12.950837059330588,-12.993963966540129,-12.995684765110864,-12.9744571437438,-12.961579794701736,85,0.875,35.19335896718734,954.3017862880093,1.7350941568872897,17.176784347000584
2021-06-30 12:30:00,-13.038682020723185,-13.14272731511518,-12.954355185515317,-13.04412462555009,-13.05416731789483,-12.921585926044354,-12.978500156816418,85,0.9027777777777778,29.577662225059694,1114.256147375883,2.025920267956151,15.816257000944784
2021-06-30 12:35:00,-12.931807670763105,-13.045087238430373,-12.934877962478122,-12.913942791383514,-13.005878131278616,-12.889108477165394,-12.995623937315084,85,0.9305555555555556,24.04301710572996,1349.950291052939,2.4544550746417078,14.128175499124907
2021-06-30 12:40:00,-12.931754809896596,-13.0045680426831,-12.887642911095314,-12.863157571640569,-12.919652695410528,-12.887231015036496,-12.987508660327324,85,0.9583333333333334,18.732096909021678,1712.6296804120188,3.113872146203671,12.028290858350662
2021-06-30 12:45:00,-12.926886434581592,-13.014894035600996,-12.844886902242845,-12.8815919992342,-12.912586319907016,-12.864861156991848,-12.97468928959539,85,0.9861111111111112,13.908664235895909,2288.093132953492,4.160169332642712,9.459771369219304
2021-06-30 12:50:00,-12.975986096331471,-13.049076308861231,-12.9295965862017,-12.915941502034595,-12.968253231948935,-12.879632541701811,-12.99825680390594,86,0.013888888888888888,13.908664235895905,2288.0931329534924,4.160169332642714,9.459771369219304
2021-06-30 12:55:00,-12.973530653837107,-13.029315283358873,-12.924035495109106,-12.933082204988876,-12.93619756509943,-12.842860569026756,-12.9744571437438,86,0.041666666666666664,18.732096909021678,1712.6296804120188,3.113872146203671,12.028290858350662
2021-06-30 13:00:00,-12.892329093786817,-12.975390660100844,-12.889935932907443,-12.897616052729008,-12.87056076797885,-12.840259570153002,-12.921585926044354,86,0.06944444444444445,24.04301710572997,1349.9502910529386,2.454455074641707,14.128175499124909
2021-06-30 13:05:00,-12.852926638784409,-12.940103380940844,-12.838577385020503,-12.847661487130376,-12.833395798894715,-12.891148127365453,-12.889108477165394,86,0.09722222222222222,29.57766222505968,1114.2561473758838,2.0259202679561525,15.81625700094478
2021-06-30 13:10:00,-12.860932414109204,-12.954881833860467,-12.853722226809356,-12.841841790676558,-12.84017414373617,-12.892034957084077,-12.887231015036496,86,0.125,35.193358967187336,954.3017862880095,1.73509415688729,17.176784347000584
2021-06-30 13:15:00,-12.815079305115466,-12.900836137826673,-12.820442676795382,-12.80902589268531,-12.800772851789132,-12.926023563803566,-12.864861156991848,86,0.1527777777777778,40.784883744963764,841.9816786935072,1.5308757794427403,18.27465717160573
2021-06-30 13:20:00,-12.927353575770423,-13.02718063849498,-12.836180386058418,-12.913489665011872,-12.95788180200424,-12.91308649186832,-12.879632541701811,86,0.18055555555555555,46.2647085880108,761.2019950774791,1.3840036274135983,19.15805525084395
2021-06-30 13:25:00,-12.789156778141638,-12.85608297969927,-12.833682492043096,-12.797276532892564,-12.783568878622798,-12.950220116610268,-12.842860569026756,86,0.20833333333333334,51.55598805017222,702.2327649706288,1.2767868454011433,19.863792666931527
2021-06-30 13:30:00,-12.82693270021094,-12.884388106362112,-12.75085585287891,-12.79718686132364,-12.823402187486534,-12.949185811470898,-12.840259570153002,86,0.2361111111111111,56.589631983678515,658.8812958918049,1.1979659925305546,20.421211908021377
2021-06-30 13:35:00,-12.978788769006156,-13.013065975452248,-12.851620760216449,-12.926683539572526,-12.99695540310115,-12.91892549504126,-12.891148127365453,86,0.2638888888888889,61.30302393660706,627.0153502079979,1.1400279094690873,20.854688932533097
2021-06-30 13:40:00,-12.93219851551975,-12.945434803854337,-12.926390275161312,-12.88617054115133,-12.887251891880364,-12.915237504619933,-12.892034957084077,86,0.2916666666666667,65.63949652769072,603.7532271149208,1.097733140208947,21.185177830703115
2021-06-30 13:45:00,-12.967312959836123,-12.992219139924792,-12.904485232194755,-12.917515406712267,-12.924724140192904,-12.872725679242118,-12.926023563803566,86,0.3194444444444444,69.54818229029615,587.000796114409,1.0672741747534709,21.431116276029314
2021-06-30 13:50:00,-12.996707846765927,-13.010284886381344,-12.962274662131756,-12.941649038223524,-12.94533144597908,-12.863203279716558,-12.91308649186832,86,0.3472222222222222,72.98405557930008,575.1794243398531,1.0457807715270055,21.60889791505997
2021-06-30 13:55:00,-12.965829715324444,-12.991863495873334,-12.970915756451696,-12.928831179463568,-12.956942751099565,-12.84818358268538,-12.950220116610268,86,0.375,75.90806788230319,567.06508111847,1.0310274202154,21.733044318665424
2021-06-30 14:00:00,-12.951458363508538,-12.955917775084655,-12.912399126145427,-12.929346820061271,-12.864989383846243,-12.87662627618484,-12.949185811470898,86,0.4027777777777778,78.28732091574973,561.6956771060345,1.0212648674655171,21.816168916637658
2021-06-30 14:05:00,-12.965096234456183,-12.996966187219996,-12.963027275260831,-12.950595085661131,-12.905584203212626,-12.881108284506366,-12.91892549504126,86,0.4305555555555556,80.09524395594458,558.321757226534,1.0151304676846076,21.86880622268163
2021-06-30 14:10:00,-12.94638139421316,-12.975920454677906,-12.96940331925026,-12.921086044846891,-12.898756370365234,-12.922678965479845,-12.915237504619933,86,0.4583333333333333,81.31175430298669,556.3845700490554,1.0116083091801007,21.899171826367546
2021-06-30 14:15:00,-12.91993967932275,-12.92303125227397,-12.90190737812284,-12.91433991663915,-12.782209034285732,-12.965420436140205,-12.872725679242118,86,0.4861111111111111,81.92338730807863,555.5100547469376,1.0100182813580683,21.91291439402028
2021-06-30 14:20:00,-12.931346577462188,-12.999963692432114,-12.93219293285398,-12.938021294070294,-12.870368921995786,-12.988818784047378,-12.863203279716558,86,0.5138888888888888,81.92338730807863,555.5100547469376,1.0100182813580683,21.91291439402028
2021-06-30 14:25:00,-12.921553825716176,-12.969611603266626,-12.949839274129792,-12.891575084991295,-12.880683013310808,-13.039655294532082,-12.84818358268538,86,0.5416666666666666,81.3117543029867,556.3845700490554,1.0116083091801007,21.899171826367546
2021-06-30 14:30:00,-12.960151388250688,-13.024598215163111,-12.935029741203737,-12.952203823847094,-12.916356247579069,-13.059196485614557,-12.87662627618484,86,0.5694444444444444,80.09524395594458,558.321757226534,1.0151304676846076,21.86880622268163
2021-06-30 14:35:00,-12.974601944137202,-13.018044471802565,-12.977236148241731,-12.963296406273145,-12.920943745022536,-13.057288173442004,-12.881108284506366,86,0.5972222222222222,78.28732091574973,561.6956771060345,1.0212648674655171,21.816168916637658
2021-06-30 14:40:00,-12.99918189814619,-13.079363669768616,-12.99643772715655,-13.017007524407086,-13.00728711470501,-13.048026763541175,-12.922678965479845,86,0.625,75.90806788230319,567.06508111847,1.0310274202154,21.733044318665424
2021-06-30 14:45:00,-13.029701372388356,-13.047669025754344,-13.02156231091831,-13.027613019244733,-12.97936209715015,-13.069595160131264,-12.965420436140205,86,0.6527777777777778,72.98405557930008,575.1794243398531,1.0457807715270055,21.60889791505997
2021-06-30 14:50:00,-13.035213789613769,-13.091719250609826,-13.024091462046664,-13.047521648594556,-13.005354436522484,-13.051252555758987,-12.988818784047378,86,0.6805555555555556,69.54818229029615,587.000796114409,1.0672741747534709,21.431116276029314
2021-06-30 14:55:00,-13.039653724407334,-13.119321010358998,-13.066498321677456,-13.068969407266527,-13.084011027891409,-13.036832559152288,-13.039655294532082,86,0.7083333333333334,65.63949652769072,603.7532271149208,1.097733140208947,21.185177830703115
2021-06-30 15:00:00,-13.052718441669294,-13.111226769146876,-13.053700467469842,-13.062190742584846,-13.07919606589421,-13.060986340597806,-13.059196485614557,86,0.7361111111111112,61.30302393660706,627.0153502079979,1.1400279094690873,20.854688932533097
2021-06-30 15:05:00,-13.011185647224451,-13.05164702386593,-13.015030882731624,-12.9988257705923,-12.983518333662907,-13.095187001387393,-13.057288173442004,86,0.7638888888888888,56.58963198367853,658.8812958918048,1.1979659925305544,20.42121190802138
2021-06-30 15:10:00,-12.98787572060168,-13.084173045837591,-12.989703171349726,-12.99939508619527,-13.04673164323538,-13.100809356421529,-13.048026763541175,86,0.7916666666666666,51.55598805017223,702.2327649706286,1.276786845401143,19.863792666931527
2021-06-30 15:15:00,-13.072867532716591,-13.125513790329324,-13.0682802678842,-13.067472089784886,-13.0640174373469,-13.07551865927674,-13.069595160131264,86,0.8194444444444444,46.26470858801082,761.2019950774787,1.3840036274135976,19.158055250843958
2021-06-30 15:20:00,-13.003721186944626,-13.076200050857938,-13.023875715275771,-12.995137431254362,-12.998175971557815,-13.094934472990468,-13.051252555758987,86,0.8472222222222222,40.784883744963764,841.9816786935072,1.5308757794427403,18.27465717160573
2021-06-30 15:25:00,-13.058759438483388,-13.117912831059169,-13.020498057103197,-13.04702772805586,-13.057112377623026,-13.12429510793966,-13.036832559152288,86,0.875,35.19335896718734,954.3017862880093,1.7350941568872897,17.176784347000584
2021-06-30 15:30:00,-13.10842574080889,-13.18783178087657,-13.12228779067885,-13.11972095655655,-13.092360195313807,-13.126032305591094,-13.060986340597806,86,0.9027777777777778,29.577662225059694,1114.256147375883,2.025920267956151,15.816257000944784
2021-06-30 15:35:00,-13.142637712311936,-13.16624723400908,-13.119764774667566,-13.116149562435933,-13.112884313564738,-13.140547556432493,-13.095187001387393,86,0.9305555555555556,24.04301710572996,1349.950291052939,2.4544550746417078,14.128175499124907
2021-06-30 15:40:00,-13.114244216054573,-13.149488512687505,-13.086166227642346,-13.061471189304626,-13.101350148091583,-13.171965142030356,-13.100809356421529,86,0.9583333333333334,18.732096909021678,1712.6296804120188,3.113872146203671,12.028290858350662
2021-06-30 15:45:00,-13.090544084355608,-13.106111155276151,-13.035751644569016,-12.990195667145594,-13.026621776230389,-13.2243625309726,-13.07551865927674,86,0.9861111111111112,13.908664235895909,2288.093132953492,4.160169332642712,9.459771369219304
2021-06-30 15:50:00,-13.113628930688154,-13.154993739213202,-13.056378809525611,-13.077090325072824,-13.10373066074382,-13.260731781188058,-13.094934472990468,87,0.013888888888888888,13.908664235895905,2288.0931329534924,4.160169332642714,9.459771369219304
2021-06-30 15:55:00,-13.151076580379646,-13.207246818083703,-13.177865525450375,-13.164815811602674,-13.196115637844455,-13.289790399734388,-13.12429510793966,87,0.041666666666666664,18.732096909021678,1712.6296804120188,3.113872146203671,12.028290858350662
2021-06-30 16:00:00,-13.170171216353314,-13.225347544974518,-13.195010706167825,-13.198915635491794,-13.217419003192408,-13.276154447828102,-13.126032305591094,87,0.06944444444444445,24.04301710572997,1349.9502910529386,2.454455074641707,14.128175499124909
2021-06-30 16:05:00,-13.19843343273594,-13.226575155850888,-13.198303781138714,-13.208044602462513,-13.22169544147752,-13.315465370372992,-13.140547556432493,87,0.09722222222222222,29.57766222505968,1114.2561473758838,2.0259202679561525,15.81625700094478
2021-06-30 16:10:00,-13.225129333377174,-13.242050384329628,-13.24129873971668,-13.232198820053794,-13.26914280861788,-13.321833621891452,-13.171965142030356,87,0.125,35.193358967187336,954.3017862880095,1.73509415688729,17.176784347000584
2021-06-30 16:15:00,-13.226524796284904,-13.251966672524937,-13.222761090959075,-13.242078393883077,-13.274234505101862,-13.363256769291407,-13.2243625309726,87,0.1527777777777778,40.784883744963764,841.9816786935072,1.5308757794427403,18.27465717160573
2021-06-30 16:20:00,-13.25908248144611,-13.2832907841211,-13.29620486816556,-13.29619335391741,-13.349562490158382,-13.3707155814836,-13.260731781188058,87,0.18055555555555555,46.2647085880108,761.2019950774791,1.3840036274135983,19.15805525084395
2021-06-30 16:25:00,-13.32584312443126,-13.336450737977152,-13.341463539560362,-13.392182072616103,-13.38883546802187,-13.378036658843758,-13.289790399734388,87,0.20833333333333334,51.55598805017222,702.2327649706288,1.2767868454011433,19.863792666931527
2021-06-30 16:30:00,-13.307343536660596,-13.26645494684218,-13.262177357243988,-13.285236354670964,-13.2758114191853,-13.422039921004508,-13.276154447828102,87,0.2361111111111111,56.589631983678515,658.8812958918049,1.1979659925305546,20.421211908021377
2021-06-30 16:35:00,-13.343137001777592,-13.36674283280694,-13.298776092821877,-13.4038908127001,-13.422833728100922,-13.41969796363774,-13.315465370372992,87,0.2638888888888889,61.30302393660706,627.0153502079979,1.1400279094690873,20.854688932533097
2021-06-30 16:40:00,-13.341272783941706,-13.331254828109603,-13.374925514808911,-13.338217902710324,-13.393788600996867,-13.460781622444678,-13.321833621891452,87,0.2916666666666667,65.63949652769072,603.7532271149208,1.097733140208947,21.185177830703115
2021-06-30 16:45:00,-13.380105756151934,-13.415861867133914,-13.450080502648438,-13.450602692701688,-13.49281258345397,-13.418096218322184,-13.363256769291407,87,0.3194444444444444,69.54818229029615,587.000796114409,1.0672741747534709,21.431116276029314
2021-06-30 16:50:00,-13.393055585350757,-13.37995155319388,-13.402817646973224,-13.37435784202165,-13.44688545143784,-13.412386023531326,-13.3707155814836,87,0.3472222222222222,72.98405557930008,575.1794243398531,1.0457807715270055,21.60889791505997
2021-06-30 16:55:00,-13.402934846608908,-13.425076768712865,-13.437653717621654,-13.463065679644096,-13.522184163844548,-13.395399767060914,-13.378036658843758,87,0.375,75.90806788230319,567.06508111847,1.0310274202154,21.733044318665424
2021-06-30 17:00:00,-13.419331223203612,-13.428763160817985,-13.444486173614138,-13.463987072097185,-13.514018253968224,-13.396692452219533,-13.422039921004508,87,0.4027777777777778,78.28732091574973,561.6956771060345,1.0212648674655171,21.816168916637658
2021-06-30 17:05:00,-13.428347126654302,-13.440033860350177,-13.462222090143356,-13.44265690559208,-13.504536281520371,-13.42830890574725,-13.41969796363774,87,0.4305555555555556,80.09524395594458,558.321757226534,1.0151304676846076,21.86880622268163
2021-06-30 17:10:00,-13.477511617837342,-13.48426154586326,-13.525266202418791,-13.525366170662275,-13.585523512273504,-13.41721709384538,-13.460781622444678,87,0.4583333333333333,81.31175430298669,556.3845700490554,1.0116083091801007,21.899171826367546
2021-06-30 17:15:00,-13.439615832008652,-13.406023916320205,-13.403496856770342,-13.39969465431181,-13.406405949011262,-13.50010118067568,-13.418096218322184,87,0.4861111111111111,81.92338730807863,555.5100547469376,1.0100182813580683,21.91291439402028
2021-06-30 17:20:00,-13.451510428340562,-13.428645871566458,-13.4003204944057,-13.380686237086444,-13.437505649769577,-13.507251239830245,-13.412386023531326,87,0.5138888888888888,81.92338730807863,555.5100547469376,1.0100182813580683,21.91291439402028
2021-06-30 17:25:00,-13.45426348216558,-13.443717690355305,-13.463552143907515,-13.40346974304206,-13.452269561848798,-13.539718346602791,-13.395399767060914,87,0.5416666666666666,81.3117543029867,556.3845700490554,1.0116083091801007,21.899171826367546
2021-06-30 17:30:00,-13.470914833208033,-13.46946443189379,-13.494785766856983,-13.441416903207116,-13.48248038663795,-13.547700511903605,-13.396692452219533,87,0.5694444444444444,80.09524395594458,558.321757226534,1.0151304676846076,21.86880622268163
2021-06-30 17:35:00,-13.52843240258715,-13.540537916725826,-13.558173480216537,-13.559837943292852,-13.57301170426472,-13.558654389073295,-13.42830890574725,87,0.5972222222222222,78.28732091574973,561.6956771060345,1.0212648674655171,21.816168916637658
2021-06-30 17:40:00,-13.539958190427104,-13.505362576762298,-13.570270535411751,-13.562705703453608,-13.517637987577602,-13.628856222130535,-13.41721709384538,87,0.625,75.90806788230319,567.06508111847,1.0310274202154,21.733044318665424
2021-06-30 17:45:00,-13.596217617392051,-13.60103453243459,-13.57966944753354,-13.674496826370222,-13.620469531634305,-13.591121719370548,-13.50010118067568,87,0.6527777777777778,72.98405557930008,575.1794243398531,1.0457807715270055,21.60889791505997
2021-06-30 17:50:00,-13.541777132698217,-13.491560647113316,-13.556499392857049,-13.530440526717625,-13.465877309662394,-13.614910330506683,-13.507251239830245,87,0.6805555555555556,69.54818229029615,587.000796114409,1.0672741747534709,21.431116276029314
2021-06-30 17:55:00,-13.537209785189011,-13.545251017099602,-13.496547123349156,-13.53734412535319,-13.600886136180138,-13.654315155234409,-13.539718346602791,87,0.7083333333333334,65.63949652769072,603.7532271149208,1.097733140208947,21.185177830703115
2021-06-30 18:00:00,-13.571706210958856,-13.537196410743158,-13.557634200518462,-13.562865231035614,-13.568168429138392,-13.665010001800752,-13.547700511903605,87,0.7361111111111112,61.30302393660706,627.0153502079979,1.1400279094690873,20.854688932533097
2021-06-30 18:05:00,-13.613747565901845,-13.604214817643076,-13.619093637133153,-13.648080204399392,-13.665738670527425,-13.628337092366722,-13.558654389073295,87,0.7638888888888888,56.58963198367853,658.8812958918048,1.1979659925305544,20.42121190802138
2021-06-30 18:10:00,-13.683380010665152,-13.686974737963856,-13.67258823797202,-13.780359318159547,-13.751391912230504,-13.597266278996129,-13.628856222130535,87,0.7916666666666666,51.55598805017223,702.2327649706286,1.276786845401143,19.863792666931527
2021-06-30 18:15:00,-13.623897390184233,-13.599033030041758,-13.6587524586152,-13.678894644021248,-13.573492533161422,-13.576699970911696,-13.591121719370548,87,0.8194444444444444,46.26470858801082,761.2019950774787,1.3840036274135976,19.158055250843958
2021-06-30 18:20:00,-13.604176034556051,-13.601979242662566,-13.565431934314184,-13.623980214264677,-13.576045541463028,-13.592785993450368,-13.614910330506683,87,0.8472222222222222,40.784883744963764,841.9816786935072,1.5308757794427403,18.27465717160573
2021-06-30 18:25:00,-13.684048026054349,-13.69999676835134,-13.66017115355392,-13.734999868017049,-13.722888957924754,-13.550052039035323,-13.654315155234409,87,0.875,35.19335896718734,954.3017862880093,1.7350941568872897,17.176784347000584
2021-06-30 18:30:00,-13.655643466232789,-13.639324939694694,-13.684802049388058,-13.712326263524677,-13.621912098284463,-13.55622595853987,-13.665010001800752,87,0.9027777777777778,29.577662225059694,1114.256147375883,2.025920267956151,15.816257000944784
2021-06-30 18:35:00,-13.624315842967691,-13.61769419552642,-13.598325946011633,-13.63544280821808,-13.566190784327675,-13.617295335460284,-13.628337092366722,87,0.9305555555555556,24.04301710572996,1349.950291052939,2.4544550746417078,14.128175499124907
2021-06-30 18:40:00,-13.708592128881596,-13.68339603717293,-13.686730220731029,-13.720167350209266,-13.700617247215032,-13.59511006884084,-13.597266278996129,87,0.9583333333333334,18.732096909021678,1712.6296804120188,3.113872146203671,12.028290858350662
2021-06-30 18:45:00,-13.60821179307081,-13.59325898899708,-13.621099616880286,-13.615442137574016,-13.514885329918318,-13.640209445264707,-13.576699970911696,87,0.9861111111111112,13.908664235895909,2288.093132953492,4.160169332642712,9.459771369219304
2021-06-30 18:50:00,-13.659902633145675,-13.656186463019765,-13.64257965033874,-13.65160900161713,-13.603116389347838,-13.65132278822909,-13.592785993450368,88,0.013888888888888888,13.908664235895905,2288.0931329534924,4.160169332642714,9.459771369219304
2021-06-30 18:55:00,-13.649541699775678,-13.63648551135409,-13.653748718193471,-13.635220475646165,-13.588971913288882,-13.664704350849862,-13.550052039035323,88,0.041666666666666664,18.732096909021678,1712.6296804120188,3.113872146203671,12.028290858350662
2021-06-30 19:00:00,-13.663599491864188,-13.654476902705753,-13.66194010261692,-13.639945606154322,-13.59858572896642,-13.68627598945679,-13.55622595853987,88,0.06944444444444445,24.04301710572997,1349.9502910529386,2.454455074641707,14.128175499124909
2021-06-30 19:05:00,-13.74145337149403,-13.71744550042078,-13.721004808227487,-13.739323642655666,-13.684484070050258,-13.6529874403019,-13.617295335460284,88,0.09722222222222222,29.57766222505968,1114.2561473758838,2.0259202679561525,15.81625700094478
2021-06-30 19:10:00,-13.668928960480107,-13.64349359562772,-13.721216411613629,-13.694178281930157,-13.612249390666866,-13.679457053982969,-13.59511006884084,88,0.125,35.193358967187336,954.3017862880095,1.73509415688729,17.176784347000584
2021-06-30 19:15:00,-13.687212263566773,-13.686005331838388,-13.754015852371408,-13.73619104024927,-13.680216703597022,-13.715344363130026,-13.640209445264707,88,0.1527777777777778,40.784883744963764,841.9816786935072,1.5308757794427403,18.27465717160573
2021-06-30 19:20:00,-13.736793386624711,-13.68693027523006,-13.793561624871622,-13.748927252522344,-13.66453438484592,-13.769355040712364,-13.65132278822909,88,0.18055555555555555,46.2647085880108,761.2019950774791,1.3840036274135983,19.15805525084395
2021-06-30 19:25:00,-13.702652012582544,-13.674220264534284,-13.77043171014354,-13.740182442739902,-13.642985396742295,-13.8522908326229,-13.664704350849862,88,0.20833333333333334,51.55598805017222,702.2327649706288,1.2767868454011433,19.863792666931527
2021-06-30 19:30:00,-13.73463865209592,-13.715657884592304,-13.750883220888626,-13.771829441009238,-13.705605926069731,-13.901093072038623,-13.68627598945679,88,0.2361111111111111,56.589631983678515,658.8812958918049,1.1979659925305546,20.421211908021377
2021-06-30 19:35:00,-13.74163463367324,-13.689157661608917,-13.7653362482678,-13.734323871160385,-13.65787100802766,-13.913564747368092,-13.6529874403019,88,0.2638888888888889,61.30302393660706,627.0153502079979,1.1400279094690873,20.854688932533097
2021-06-30 19:40:00,-13.743920444542082,-13.72207939612946,-13.789403876386883,-13.755540763341672,-13.64494757291661,-13.964562544556047,-13.679457053982969,88,0.2916666666666667,65.63949652769072,603.7532271149208,1.097733140208947,21.185177830703115
2021-06-30 19:45:00,-13.796905728896812,-13.774963539379682,-13.83388173055992,-13.813444521621411,-13.70679292584082,-13.942758716482953,-13.715344363130026,88,0.3194444444444444,69.54818229029615,587.000796114409,1.0672741747534709,21.431116276029314
2021-06-30 19:50:00,-13.836602989358797,-13.827088722844264,-13.892568806630468,-13.894739940239958,-13.82035525124021,-13.93219826096446,-13.769355040712364,88,0.3472222222222222,72.98405557930008,575.1794243398531,1.0457807715270055,21.60889791505997
2021-06-30 19:55:00,-13.890218707876125,-13.887907498234252,-13.942930412531757,-13.98880151980732,-13.921205846682035,-13.915231522016953,-13.8522908326229,88,0.375,75.90806788230319,567.06508111847,1.0310274202154,21.733044318665424
2021-06-30 20:00:00,-13.92243234672108,-13.878311179829346,-13.940572201466212,-13.969292865198788,-13.950461777571665,-13.896858707281474,-13.901093072038623,88,0.4027777777777778,78.28732091574973,561.6956771060345,1.0212648674655171,21.816168916637658
2021-06-30 20:05:00,-13.84225503138122,-13.80305525648409,-13.839898419516809,-13.84735119109018,-13.841749945510983,-13.93896009041968,-13.913564747368092,88,0.4305555555555556,80.09524395594458,558.321757226534,1.0151304676846076,21.86880622268163
2021-06-30 20:10:00,-13.913864990111517,-13.91195634442172,-13.883840250546804,-13.949348646354682,-13.92387488429486,-13.882430104065044,-13.964562544556047,88,0.4583333333333333,81.31175430298669,556.3845700490554,1.0116083091801007,21.899171826367546
2021-06-30 20:15:00,-13.85803269159617,-13.83368377780858,-13.860439227612282,-13.84423208012606,-13.881728287379197,-13.902671658014151,-13.942758716482953,88,0.4861111111111111,81.92338730807863,555.5100547469376,1.0100182813580683,21.91291439402028
2021-06-30 20:20:00,-13.873266943266486,-13.895382845945024,-13.864324646682444,-13.890088271216523,-13.924694722024244,-13.88514604188561,-13.93219826096446,88,0.5138888888888888,81.92338730807863,555.5100547469376,1.0100182813580683,21.91291439402028
2021-06-30 20:25:00,-13.931455097660256,-13.934203148965263,-13.932017609389318,-13.942878656567848,-13.942924510025758,-13.84261267090709,-13.915231522016953,88,0.5416666666666666,81.3117543029867,556.3845700490554,1.0116083091801007,21.899171826367546
2021-06-30 20:30:00,-13.919093883514428,-13.925819871074028,-13.927370389052667,-13.935523174576067,-13.906930563239584,-13.799445551058175,-13.896858707281474,88,0.5694444444444444,80.09524395594458,558.321757226534,1.0151304676846076,21.86880622268163
2021-06-30 20:35:00,-13.94561890224562,-13.96027082876072,-13.896510226816632,-13.942773283751446,-13.934192784616217,-13.754336012438024,-13.93896009041968,88,0.5972222222222222,78.28732091574973,561.6956771060345,1.0212648674655171,21.816168916637658
2021-06-30 20:40:00,-13.8844559429826,-13.88097697801444,-13.851187761834858,-13.845534847520907,-13.825696495791735,-13.770008357989338,-13.882430104065044,88,0.625,75.90806788230319,567.06508111847,1.0310274202154,21.733044318665424
2021-06-30 20:45:00,-13.893604885429276,-13.91966932780986,-13.891465648613272,-13.894875174502952,-13.874343380086588,-13.768622141371788,-13.902671658014151,88,0.6527777777777778,72.98405557930008,575.1794243398531,1.0457807715270055,21.60889791505997
2021-06-30 20:50:00,-13.914159330348946,-13.892149323984729,-13.888695657794448,-13.88944521790318,-13.874403364667227,-13.76582295786321,-13.88514604188561,88,0.6805555555555556,69.54818229029615,587.000796114409,1.0672741747534709,21.431116276029314
2021-06-30 20:55:00,-13.86953641409505,-13.856843427139054,-13.863895450175017,-13.855026629613889,-13.830511312407012,-13.796750461005091,-13.84261267090709,88,0.7083333333333334,65.63949652769072,603.7532271149208,1.097733140208947,21.185177830703115
2021-06-30 21:00:00,-13.8300338200254,-13.81955844717887,-13.81139719525592,-13.807618253904762,-13.758392458800149,-13.812460024328209,-13.799445551058175,88,0.7361111111111112,61.30302393660706,627.0153502079979,1.1400279094690873,20.854688932533097
2021-06-30 21:05:00,-13.844059773473193,-13.8169474034917,-13.805793129267457,-13.79647132771661,-13.748534197960495,-13.849651220310903,-13.754336012438024,88,0.7638888888888888,56.58963198367853,658.8812958918048,1.1979659925305544,20.42121190802138
2021-06-30 21:10:00,-13.834624050648982,-13.834343867275898,-13.86733521550428,-13.814688234879917,-13.776537547294437,-13.845401415993736,-13.770008357989338,88,0.7916666666666666,51.55598805017223,702.2327649706286,1.276786845401143,19.863792666931527
2021-06-30 21:15:00,-13.85811177936124,-13.851429670112529,-13.900036436236174,-13.852029755769015,-13.80955674736413,-13.858917224280438,-13.768622141371788,88,0.8194444444444444,46.26470858801082,761.2019950774787,1.3840036274135976,19.158055250843958
2021-06-30 21:20:00,-13.85621954642916,-13.828597420301056,-13.87597721119213,-13.843958180586736,-13.806414288063484,-13.871909105199933,-13.76582295786321,88,0.8472222222222222,40.784883744963764,841.9816786935072,1.5308757794427403,18.27465717160573
2021-06-30 21:25:00,-13.878822073700317,-13.866232233513283,-13.901283871271856,-13.886502949507868,-13.80206812460902,-13.859689202281402,-13.796750461005091,88,0.875,35.19335896718734,954.3017862880093,1.7350941568872897,17.176784347000584
2021-06-30 21:30:00,-13.858838688966667,-13.804618274797058,-13.856562444228231,-13.838873942195304,-13.820295295735956,-13.839910660674564,-13.812460024328209,88,0.9027777777777778,29.577662225059694,1114.256147375883,2.025920267956151,15.816257000944784
2021-06-30 21:35:00,-13.854790383992125,-13.85360961608426,-13.887110936701848,-13.873509992762155,-13.785938785526964,-13.842937861188174,-13.849651220310903,88,0.9305555555555556,24.04301710572996,1349.950291052939,2.4544550746417078,14.128175499124907
2021-06-30 21:40:00,-13.85103464559557,-13.811926872801374,-13.868576544499277,-13.837887060638591,-13.828559618269209,-13.8253789525997,-13.845401415993736,88,0.9583333333333334,18.732096909021678,1712.6296804120188,3.113872146203671,12.028290858350662
2021-06-30 21:45:00,-13.867080738989612,-13.862817131298783,-13.903433430204258,-13.886163366416596,-13.857708722523224,-13.793476518295018,-13.858917224280438,88,0.9861111111111112,13.908664235895909,2288.093132953492,4.160169332642712,9.459771369219304
2021-06-30 21:50:00,-13.883127268529416,-13.851099003825698,-13.92892513239314,-13.884587862537794,-13.875973663873255,-13.77817012811546,-13.871909105199933,89,0.013888888888888888,13.908664235895905,2288.0931329534924,4.160169332642714,9.459771369219304
2021-06-30 21:55:00,-13.87119871098074,-13.860108402580735,-13.91274403734718,-13.88402011705957,-13.85473624376471,-13.761312280226845,-13.859689202281402,89,0.041666666666666664,18.732096909021678,1712.6296804120188,3.113872146203671,12.028290858350662
2021-06-30 22:00:00,-13.828857098756131,-13.798136429238165,-13.821166511436251,-13.820973967619963,-13.789399805693092,-13.7998745731073,-13.839910660674564,89,0.06944444444444445,24.04301710572997,1349.9502910529386,2.454455074641707,14.128175499124909
2021-06-30 22:05:00,-13.875744716423933,-13.886325717688363,-13.883661052790874,-13.894981594069186,-13.768704107698897,-13.80054911614475,-13.842937861188174,89,0.09722222222222222,29.57766222505968,1114.2561473758838,2.0259202679561525,15.81625700094478
2021-06-30 22:10:00,-13.841424668000748,-13.80491219717319,-13.87196568784362,-13.83133033599764,-13.806869711469478,-13.80694199536064,-13.8253789525997,89,0.125,35.193358967187336,954.3017862880095,1.73509415688729,17.176784347000584
2021-06-30 22:15:00,-13.828104136710447,-13.824676951994576,-13.856778627144887,-13.828194913181974,-13.819780614658928,-13.825935736281076,-13.793476518295018,89,0.1527777777777778,40.784883744963764,841.9816786935072,1.5308757794427403,18.27465717160573
2021-06-30 22:20:00,-13.859293123775595,-13.830953280274828,-13.865698476760317,-13.837020787923612,-13.818972872705377,-13.803627084025203,-13.77817012811546,89,0.18055555555555555,46.2647085880108,761.2019950774791,1.3840036274135983,19.15805525084395
2021-06-30 22:25:00,-13.828567759656789,-13.82170104214146,-13.86800478648003,-13.82451942560586,-13.796553294043717,-13.8152015202905,-13.761312280226845,89,0.20833333333333334,51.55598805017222,702.2327649706288,1.2767868454011433,19.863792666931527
2021-06-30 22:30:00,-13.8583364235057,-13.84487855751191,-13.896448061507176,-13.849677301827548,-13.84298615706236,-13.831034105795236,-13.7998745731073,89,0.2361111111111111,56.589631983678515,658.8812958918049,1.1979659925305546,20.421211908021377
2021-06-30 22:35:00,-13.875451713700174,-13.876267917736277,-13.934412398546206,-13.892088871832582,-13.808704925612108,-13.838923720965084,-13.80054911614475,89,0.2638888888888889,61.30302393660706,627.0153502079979,1.1400279094690873,20.854688932533097
2021-06-30 22:40:00,-13.837449751819968,-13.805184900013169,-13.878041372784086,-13.82731282291398,-13.80465275347846,-13.839963347082769,-13.80694199536064,89,0.2916666666666667,65.63949652769072,603.7532271149208,1.097733140208947,21.185177830703115
2021-06-30 22:45:00,-13.85611673233457,-13.8448216637147,-13.88407684508518,-13.857944386617303,-13.82024548788979,-13.838272177347548,-13.825935736281076,89,0.3194444444444444,69.54818229029615,587.000796114409,1.0672741747534709,21.431116276029314
2021-06-30 22:50:00,-13.818129483104777,-13.777004633264015,-13.839224690618115,-13.803650112521504,-13.795268408625164,-13.844248944428909,-13.803627084025203,89,0.3472222222222222,72.98405557930008,575.1794243398531,1.0457807715270055,21.60889791505997
2021-06-30 22:55:00,-13.81471329872311,-13.82429878748172,-13.872286080521308,-13.831095398813163,-13.835731453818276,-13.83897966392832,-13.8152015202905,89,0.375,75.90806788230319,567.06508111847,1.0310274202154,21.733044318665424
2021-06-30 23:00:00,-13.879759031105326,-13.859635010340236,-13.92724925683602,-13.889360489319571,-13.844632491013115,-13.82799038989539,-13.831034105795236,89,0.4027777777777778,78.28732091574973,561.6956771060345,1.0212648674655171,21.816168916637658
2021-06-30 23:05:00,-13.890679743024268,-13.887651418327913,-13.957932518350482,-13.931563843337226,-13.862075006835566,-13.799018535279563,-13.838923720965084,89,0.4305555555555556,80.09524395594458,558.321757226534,1.0151304676846076,21.86880622268163
2021-06-30 23:10:00,-13.854649421681438,-13.81908401419818,-13.889566204737909,-13.857369517424946,-13.806463601611116,-13.837968445438015,-13.839963347082769,89,0.4583333333333333,81.31175430298669,556.3845700490554,1.0116083091801007,21.899171826367546
2021-06-30 23:15:00,-13.87848571808769,-13.866292076074377,-13.890035119586177,-13.882658964285216,-13.84696223629851,-13.849221296893871,-13.838272177347548,89,0.4861111111111111,81.92338730807863,555.5100547469376,1.0100182813580683,21.91291439402028
2021-06-30 23:20:00,-13.847125674654192,-13.818545142053878,-13.872601297602603,-13.836406142237648,-13.797839575128712,-13.882558708912436,-13.844248944428909,89,0.5138888888888888,81.92338730807863,555.5100547469376,1.0100182813580683,21.91291439402028
2021-06-30 23:25:00,-13.853130849362932,-13.842707891473566,-13.885024880592576,-13.852079476386027,-13.82263297887424,-13.929223630553514,-13.83897966392832,89,0.5416666666666666,81.3117543029867,556.3845700490554,1.0116083091801007,21.899171826367546
2021-06-30 23:30:00,-13.887842672987055,-13.861810822260646,-13.92264855871412,-13.885348180908688,-13.856542177988434,-13.944246496910573,-13.82799038989539,89,0.5694444444444444,80.09524395594458,558.321757226534,1.0151304676846076,21.86880622268163
