Date,Persistence Policy,LSTM-raw Policy,Improved LSTM Policy,y_true_h1
2006-06-10 03:15:00,-13.073238422273024,-13.147645477443758,-13.184060801559127,-13.347372757021606
2006-06-10 03:20:00,-13.370390937959478,-13.28919042227044,-13.278121799598804,-13.413144855858496
2006-06-10 03:25:00,-13.147318164653106,-13.203482431896704,-13.26698388708976,-13.45363497050611
2006-06-10 03:30:00,-13.223607138277568,-13.247931607159444,-13.278219132794971,-13.55121397417137
2006-06-10 03:35:00,-13.403838788329596,-13.354289342886617,-13.334645549069029,-13.576146567784544
2006-06-10 03:40:00,-13.426352517436836,-13.375466252057178,-13.377314772183704,-13.609584126390532
2006-06-10 03:45:00,-13.512729009927783,-13.427156474781093,-13.430563045164584,-13.639544347963962
2006-06-10 03:50:00,-13.765023545435534,-13.577726693264433,-13.54109263099917,-13.61728362352034
2006-06-10 03:55:00,-13.390258820015667,-13.41692467246433,-13.506029281158956,-13.775354597507146
2006-06-10 04:00:00,-13.809081171110163,-13.639707137075794,-13.599685892116042,-13.952730376968995
2006-06-10 04:05:00,-13.553434328326562,-13.53822776259219,-13.588793238907868,-13.930299881781416
2006-06-10 04:10:00,-13.6269777859581,-13.593711009926814,-13.567960249496494,-13.956470970678811
2006-06-10 04:15:00,-13.692490400800931,-13.629643396231772,-13.607919648100388,-14.013442736674266
2006-06-10 04:20:00,-13.631459271047428,-13.626860919507278,-13.584408541975218,-14.034861574575494
2006-06-10 04:25:00,-14.338684627799694,-14.01826257796407,-13.833633069322095,-13.93958513450646
2006-06-10 04:30:00,-14.873335761152914,-14.377227862653037,-14.119257486124296,-13.77590873384094
2006-06-10 04:35:00,-13.418851162062287,-13.663708672948664,-13.564614030164352,-13.86881506157745
2006-06-10 04:40:00,-13.784004565072802,-13.812728849848316,-13.657703048294229,-13.961373203900552
2006-06-10 04:45:00,-14.034320620950808,-13.917889344076132,-13.7710561254946,-14.016837226451058
2006-06-10 21:50:00,-12.720576756384924,-12.88123269773518,-12.8991490178577,-12.72831604737238
2006-06-10 21:55:00,-12.72722269198089,-12.883514058056814,-12.8839904520155,-12.739503426256563
2006-06-10 22:00:00,-12.78931099694946,-12.911333332506294,-12.901639468318663,-12.71794697937428
2006-06-10 22:05:00,-12.472627401524369,-12.78049575405929,-12.800661256626508,-12.763267572182388
2006-06-10 22:10:00,-12.622676870474752,-12.83514230409776,-12.824746505034426,-12.763525560112416
2006-06-10 22:15:00,-12.77283677352338,-12.874126234603876,-12.87360872903079,-12.732448421945907
2006-06-10 22:20:00,-12.985222012332638,-12.967773829542748,-12.93464180408551,-12.67500216515086
2006-06-10 22:25:00,-12.794346155821389,-12.886085784892256,-12.920463519460805,-12.653297412791096
2006-06-10 22:30:00,-12.65997272038806,-12.823781295058067,-12.871032154319778,-12.645188312121778
2006-06-10 22:35:00,-12.744551016191904,-12.853129995039849,-12.863365584093255,-12.658299152339051
2006-06-10 22:40:00,-12.624224451141526,-12.7972421888647,-12.79682026627143,-12.660048116233142
2006-06-10 22:45:00,-12.586374233618823,-12.775797332458652,-12.758696009119204,-12.702778769252433
2006-06-10 22:50:00,-12.640544934113562,-12.79347609702016,-12.781945311480884,-12.71496462271386
2006-06-10 22:55:00,-12.6641174682061,-12.798601915926664,-12.788903929904484,-12.73941236148969
2006-06-10 23:00:00,-12.611317422545351,-12.775246433983234,-12.76527233124312,-12.805503526696674
2006-06-10 23:05:00,-12.82321640440895,-12.874471933804603,-12.851254397775314,-12.780500726484656
2006-06-10 23:10:00,-12.634718407962769,-12.79457430919922,-12.800789425328135,-12.785142254288084
2006-06-10 23:15:00,-12.842758036096766,-12.875365351441268,-12.86145695208048,-12.743582954355851
2006-06-10 23:20:00,-12.71365970796872,-12.812996798266322,-12.834165101868331,-12.747467459306778
2006-06-10 23:25:00,-12.810804594687877,-12.85756551410399,-12.852478222787012,-12.75531677966018
2006-06-10 23:30:00,-13.007864124692766,-12.9584454439186,-12.95252785107281,-12.70159533201536
2006-06-11 06:05:00,-15.399380551300233,-15.08911450681767,-14.990169861580746,-15.292796844858689
2006-06-11 06:10:00,-15.731771691542669,-15.22656645174146,-15.131632983906943,-15.178061251762118
2006-06-11 06:15:00,-15.56537676185562,-15.159540354927891,-15.080958196271256,-15.072233353976186
2006-06-11 06:20:00,-15.295595279599471,-15.058259682320136,-14.988984010326837,-14.984767813601769
2006-06-11 06:25:00,-15.077218499499956,-14.970003526312546,-14.909230977585471,-14.98097073082704
2006-06-11 06:30:00,-15.107785732790866,-14.95069027927816,-14.873574723925593,-14.908628648746175
2006-06-11 06:35:00,-14.979033450776942,-14.890428993718144,-14.806089948129712,-14.863532682363028
2006-06-11 06:40:00,-15.043357207860865,-14.888845565333616,-14.804993186917043,-14.80664327939006
2006-06-11 06:45:00,-14.930410878431408,-14.8326327591238,-14.764402205633376,-14.62239202330082
2006-06-11 06:50:00,-14.770801227888366,-14.749562495859402,-14.69139361466947,-14.628122801353868
2006-06-11 06:55:00,-15.054436581040587,-14.846708076405353,-14.723321694345032,-14.61451153856053
2006-06-11 07:00:00,-14.673733009030084,-14.691348114983132,-14.60396755674429,-14.569777865402294
2006-06-11 07:05:00,-14.70845753684025,-14.648571958489851,-14.569872007083648,-14.485371754281468
2006-06-11 07:10:00,-14.702020327471852,-14.61170373715801,-14.557814030548824,-14.444281654719513
2006-06-11 07:15:00,-13.824902821525876,-14.30863793806191,-14.195229076945465,-14.588347561387785
2006-06-11 07:20:00,-14.805185896206666,-14.58551131308666,-14.478048204198402,-14.56709148368894
2006-06-11 07:25:00,-14.972769582469551,-14.638954478367692,-14.544192907598486,-14.51328232477342
2006-06-11 07:30:00,-14.405331027899567,-14.43086183030276,-14.323077705736925,-14.542918673780722
2006-06-11 07:35:00,-14.202021043571994,-14.333635418935163,-14.257048784498792,-14.624186375031098
2006-06-11 07:40:00,-14.45547961446232,-14.390307711940125,-14.302744648406684,-14.629605624853086
2006-06-11 07:45:00,-14.68929785680321,-14.472425408833564,-14.327100249035054,-14.60808600860985
2006-06-11 07:50:00,-14.677649661289191,-14.440256302929152,-14.367324518960972,-14.603292821832763
2006-06-11 07:55:00,-14.649914744614234,-14.446542315875089,-14.37095604304415,-14.596377681440243
2006-06-11 08:00:00,-14.58314894848668,-14.415287847143498,-14.365182403582931,-14.578985525164068
2006-06-11 08:05:00,-14.689627655806545,-14.455076269818692,-14.39567190007297,-14.52989057240878
2006-06-11 08:10:00,-14.487995229032054,-14.436242283643114,-14.280067685591934,-14.498678311473896
2006-06-11 08:15:00,-14.560180506257192,-14.420503979171182,-14.337088161471929,-14.3933111724989
2006-06-11 08:20:00,-14.64889019371327,-14.432905497128129,-14.369236930903698,-14.375747351909803
2006-06-11 08:25:00,-14.60842390225913,-14.450387330517588,-14.324028910570204,-14.32080291890058
2006-06-11 08:30:00,-14.47879601082962,-14.416581198108718,-14.266960749420091,-14.313503051550104
2006-06-11 08:35:00,-14.39505759236141,-14.374488403189847,-14.239887611770024,-14.312943075507448
2006-06-11 08:40:00,-14.300721779060565,-14.320006347920748,-14.186969581091988,-14.534514002896632
2006-06-11 08:45:00,-13.927977730226113,-14.168687638486276,-14.027016727889375,-14.608203727889444
2006-06-11 08:50:00,-14.54350738581648,-14.373432687901996,-14.190851452843274,-14.583589759777254
2006-06-11 08:55:00,-14.278756899471489,-14.26694120260532,-14.086665418138754,-14.58000198141909
2006-06-11 09:00:00,-14.434996922364563,-14.30871801723786,-14.110026083051984,-14.618213335788711
2006-06-11 09:05:00,-14.39169790956218,-14.29531513375869,-14.104274948712147,-14.55140220964387
2006-06-11 09:10:00,-15.63014757467127,-14.96636787390551,-14.69630601163018,-14.315603843448278
2006-06-11 09:15:00,-14.370115386356174,-14.318109483281471,-14.098957575872063,-14.314665327069925
2006-06-11 09:20:00,-14.39582340368665,-14.31879457942287,-14.076362434002505,-14.282421461328324
2006-06-11 09:25:00,-14.257230691873698,-14.265664330026487,-14.059246097058198,-14.563315562631466
2006-06-11 09:30:00,-14.6642648173067,-14.428566015256225,-14.176063203830465,-14.551579135476654
2006-06-12 00:20:00,-12.925235193089035,-12.950675566733253,-12.977879201555078,-12.748006389269978
2006-06-12 00:25:00,-12.775516679519978,-12.892401805847088,-12.936535200072958,-12.77116187563968
2006-06-12 00:30:00,-12.82112046929834,-12.91607430881704,-12.958156166765711,-12.769799199813836
2006-06-12 00:35:00,-12.870232131715616,-12.93747990619026,-12.970984551176754,-12.7675183020434
2006-06-12 00:40:00,-12.738288824632605,-12.879877711822983,-12.9115021778451,-12.792113883745516
2006-06-12 00:45:00,-12.640715731142988,-12.836766783901004,-12.876145527248196,-12.83653151879852
2006-06-12 00:50:00,-12.642164325853642,-12.833422538747968,-12.866812182372817,-12.890217928190182
2006-06-12 00:55:00,-12.914449366462598,-12.949531330710109,-12.961499253117456,-12.87385332939775
2006-06-12 01:00:00,-12.81294487689448,-12.909923187363876,-12.948146098124065,-12.878424549419265
2006-06-12 01:05:00,-12.856546455998489,-12.93487267855046,-12.969141573639538,-12.872326274440336
2006-06-12 01:10:00,-12.885863008672086,-12.948675900090482,-12.994432038173256,-12.890251983522049
2006-06-12 01:15:00,-12.907221021090932,-12.95665831955077,-12.992303239779186,-12.905003666291156
2006-06-12 01:20:00,-12.964282897841416,-12.987827216310947,-13.012558721316337,-12.897213957223244
2006-06-12 01:25:00,-12.816261542432404,-12.92681625089868,-12.981019858119902,-12.934620703785992
2006-06-12 01:30:00,-12.840372197023548,-12.93610774806488,-12.981150527390572,-12.95721043222308
2006-06-12 01:35:00,-12.81995697958163,-12.929033143147258,-12.977044651175278,-13.011251849658304
2006-06-12 01:40:00,-12.993417378800164,-13.017741703134792,-13.03599009999598,-13.013770180739964
2006-06-12 01:45:00,-12.995731291162276,-13.033545950061722,-13.069436025080444,-13.001368084594022
2006-06-12 01:50:00,-12.917544123063848,-13.00109593103359,-13.06534965911896,-13.040510901436248
2006-06-12 01:55:00,-13.040702455450631,-13.06304153895794,-13.106345005677932,-13.02675821361448
2006-06-12 02:00:00,-12.975910336370475,-13.041066194148032,-13.100483671841914,-13.034702761695527
2006-06-12 02:05:00,-13.144205542011878,-13.126396453650663,-13.15324951672496,-13.060363772260628
2006-06-12 02:10:00,-13.008527162923963,-13.07330283252718,-13.154349999714809,-13.109506830340386
2006-06-12 02:15:00,-12.921319003381129,-13.036426256364344,-13.131699060263932,-13.14991270104444
2006-06-12 02:20:00,-13.152400850660506,-13.148496774012065,-13.19822562381794,-13.166592701934206
2006-06-12 02:25:00,-12.958186299610578,-13.070570542607545,-13.1784124522375,-13.192030126814542
2006-06-12 02:30:00,-13.023577942860715,-13.105831832172171,-13.181365478894971,-13.203199928753245
2006-06-12 02:35:00,-13.298171431945772,-13.239631357208037,-13.29521289824161,-13.160470807934791
2006-06-12 02:40:00,-13.303385193398572,-13.256722219198384,-13.345768647160313,-13.177039825446773
2006-06-12 02:45:00,-13.163754603428297,-13.207300936573734,-13.336111682128596,-13.197668192262077
2006-06-12 02:50:00,-13.252480696997132,-13.254423628844666,-13.377048250776877,-13.174828368174756
2006-06-12 02:55:00,-13.110810791073684,-13.200646443780627,-13.330615184223545,-13.24344288025294
2006-06-12 03:00:00,-13.090596696674034,-13.19108525035723,-13.303661099828654,-13.29082812814697
2006-06-12 03:05:00,-13.041796793763416,-13.171518785452031,-13.274233356584686,-13.359796867713571
2006-06-12 03:10:00,-13.402799443017695,-13.347969780524185,-13.371774325323909,-13.337556134154488
2006-06-12 03:15:00,-13.287524789865405,-13.30122721860869,-13.400693217305882,-13.394480625972154
2006-06-12 03:20:00,-13.115441766927937,-13.236033055810145,-13.354741386718633,-13.414720702739812
2006-06-12 03:25:00,-13.522497747904987,-13.434807740107583,-13.473091473157783,-13.433026242241423
2006-06-12 03:30:00,-13.374908249084472,-13.369958987415268,-13.479778380039974,-13.460689349649916
2006-06-12 03:35:00,-13.455609146241516,-13.411143158326878,-13.490560590237248,-13.485475256037232
2006-06-12 03:40:00,-13.269355056117917,-13.33868163685416,-13.45682541691714,-13.52922133428312
2006-06-12 03:45:00,-13.629071740771398,-13.51004369425039,-13.54904782795362,-13.52993915592169
2006-06-12 03:50:00,-13.236882270898064,-13.3494164961206,-13.462523283321088,-13.561931025216731
2006-06-12 03:55:00,-13.632330992142018,-13.543109130418534,-13.553687444815797,-13.564823950494192
2006-06-12 04:00:00,-13.54088690799015,-13.522982631651782,-13.57376388851713,-13.586382399355871
2006-06-12 04:05:00,-13.604324557914524,-13.552966450563613,-13.604272284656908,-13.594741704085862
2006-06-12 04:10:00,-13.53183155043729,-13.534178361753275,-13.59123783591092,-13.63313217417909
2006-06-12 04:15:00,-13.633378641693374,-13.60221663260961,-13.615574042591016,-13.67104385319207
2006-06-12 04:20:00,-13.428833501123032,-13.507511089127894,-13.56738806986968,-13.760783078429204
2006-06-12 04:25:00,-13.649688514897331,-13.611495561392507,-13.614575152487625,-13.829396448584118
2006-06-12 04:30:00,-13.670237626456007,-13.628069045414485,-13.64381831884458,-13.912131448959167
2006-06-12 04:35:00,-13.654480415203905,-13.640361777111824,-13.639385071619383,-14.03847386814709
2006-06-12 04:40:00,-13.762174374610348,-13.685200362663393,-13.703849712463022,-14.123836708599644
2006-06-12 04:45:00,-13.860848802499602,-13.764733525835126,-13.738597605341765,-14.219964734331484
2006-06-12 04:50:00,-13.96726867908912,-13.814638579192753,-13.80748310687092,-14.319930836437866
2006-06-12 04:55:00,-14.06136882255518,-13.882409817074953,-13.866927186604562,-14.39413699984193
2006-06-12 05:00:00,-14.166647440794886,-13.951406353077536,-13.936694167797642,-14.455358194773156
2006-06-12 05:05:00,-14.4125352627901,-14.110463833129373,-14.05473815260195,-14.56987592625602
2006-06-12 05:10:00,-14.274351446235135,-14.057912119642417,-14.054624522092428,-14.63524689924955
2006-06-12 05:15:00,-14.437616985800076,-14.184975974150134,-14.12153887738274,-14.715151577760686
2006-06-12 05:20:00,-14.567064886995125,-14.2697986126237,-14.212622918900736,-14.828983692732058
2006-06-12 05:25:00,-14.506606092074062,-14.267239259032774,-14.21483470129536,-14.868058051997156
2006-06-12 05:30:00,-14.53397397437434,-14.31277112210003,-14.242638528480803,-14.916445301421303
2006-06-12 05:35:00,-15.099642056419585,-14.6525266555849,-14.48958990045507,-14.975723087499071
2006-06-12 05:40:00,-14.666577920204215,-14.439768022322005,-14.37543869104613,-15.153716950997678
2006-06-12 05:45:00,-14.917044536496787,-14.587149322512412,-14.47176177362513,-15.221663177779526
2006-06-12 05:50:00,-15.250057692461157,-14.794493215827488,-14.640668234125243,-15.286609181860976
2006-06-12 05:55:00,-14.74105190075124,-14.556376600852314,-14.49218735200995,-15.406521994865797
2006-06-12 06:00:00,-14.824297702194832,-14.594845249325168,-14.52361113087765,-15.458882905984058
2006-06-12 06:05:00,-15.455309697988593,-14.953359084046037,-14.7679430113978,-15.367968352610522
2006-06-12 06:10:00,-15.734541216833652,-15.13400220952445,-14.904634466462896,-15.151453919267215
2006-06-12 06:15:00,-15.324720278258685,-14.913759613534744,-14.802211507391762,-15.070744748587009
2006-06-12 06:20:00,-15.639734179501044,-15.112701264359512,-14.939604284844178,-14.940187360527478
2006-06-12 06:25:00,-15.460529125693554,-15.047562954617984,-14.90157121123286,-14.806474910754414
2006-06-12 06:30:00,-15.138462706353222,-14.88326731353772,-14.811337188731065,-14.849009268609551
2006-06-12 06:35:00,-14.909822955936376,-14.832024966851176,-14.713189737500748,-14.785025717930894
2006-06-12 06:40:00,-14.435453749490328,-14.659014398671552,-14.580444529301593,-14.845799394579192
2006-06-12 06:45:00,-14.840465832366416,-14.75497191646846,-14.66479779494271,-14.881216939719998
2006-06-12 06:50:00,-14.856389735506074,-14.779985644452502,-14.653536860252045,-14.977605670870146
2006-06-12 06:55:00,-14.658254658330767,-14.707891258537538,-14.591754079706671,-15.069638441762002
2006-06-12 07:00:00,-15.393668737846252,-14.923628721507978,-14.878190192850678,-15.077365475142743
2006-06-12 07:05:00,-14.525921420588832,-14.604045623905597,-14.562913563118352,-15.182086834828077
2006-06-12 07:10:00,-14.800096214112411,-14.661283674843167,-14.537434509156602,-15.259067611586287
2006-06-12 07:15:00,-15.05297098757345,-14.70118010322282,-14.658560445305998,-15.236885737667
2006-06-12 07:20:00,-15.434722931871551,-14.86363282469714,-14.776057648705104,-15.17291698862664
2006-06-12 07:25:00,-15.21045151495751,-14.794751203757516,-14.705864582177703,-15.119037059378009
2006-06-12 07:30:00,-15.440030938130706,-14.933715575457118,-14.825818042209931,-15.028674560857882
2006-06-12 07:35:00,-15.15424819104723,-14.860672612675266,-14.713409787576502,-14.933742403426532
2006-06-12 07:40:00,-15.261981105937284,-14.89734274645707,-14.781688232355974,-14.826888451448244
2006-06-12 07:45:00,-14.919878818955327,-14.767499537445438,-14.679650942445097,-14.770261083728276
2006-06-12 07:50:00,-15.05091182528299,-14.839944421529797,-14.714393034585187,-14.655062939434885
2006-06-12 07:55:00,-14.887171476914512,-14.73228632429583,-14.717805787953516,-14.591932101887572
2006-06-12 08:00:00,-14.897856062647746,-14.783477559075124,-14.67628296670846,-14.473288876280234
2006-06-12 08:05:00,-14.584655246459135,-14.659579983147468,-14.598828131375614,-14.41602313008975
2006-06-12 08:10:00,-14.620857856618752,-14.648692568714424,-14.602510132061791,-14.345542469662703
2006-06-12 08:15:00,-14.580113571895325,-14.593329353415378,-14.584632226462071,-14.302361465234409
2006-06-12 08:20:00,-14.35972359553053,-14.497096039467362,-14.468580584580709,-14.255669812860017
2006-06-12 08:25:00,-14.508385642166044,-14.494088184672217,-14.489177132104723,-14.214365320818333
2006-06-12 08:30:00,-14.185997113736022,-14.36365129119946,-14.351442765290525,-14.234747408030778
2006-06-12 08:35:00,-14.241060595859528,-14.33282051936416,-14.313437197938676,-14.216879749124269
2006-06-12 08:40:00,-14.197974067513185,-14.290068588989817,-14.26394110876638,-14.153598351162389
2006-06-12 08:45:00,-14.321028181333432,-14.29303614401194,-14.27214983725301,-14.09788238275686
2006-06-12 08:50:00,-14.079573739103076,-14.185083517303395,-14.16294446264663,-14.096057560466493
2006-06-12 08:55:00,-14.260558169545847,-14.212691174580328,-14.19614509935384,-14.065864357637112
2006-06-12 09:00:00,-14.308289405735104,-14.224409504419564,-14.185035245555564,-13.998565991625316
2006-06-12 09:05:00,-14.133854700239358,-14.141374221589423,-14.108256261697456,-13.98561108898027
2006-06-12 09:10:00,-13.81828576647026,-14.004814942656608,-13.979775861229728,-14.000032741470443
2006-06-12 09:15:00,-13.98673271781367,-14.045477644912696,-13.997047000843605,-14.033064563175833
2006-06-12 09:20:00,-14.06862445844746,-14.052947095095709,-14.01059531652786,-14.077628711320433
2006-06-12 09:25:00,-14.079398836931778,-14.057968261793931,-13.99764138028977,-14.092880758846706
2006-06-12 09:30:00,-13.904499527668271,-13.978743996093325,-13.950277229761038,-14.132189573749692
2006-06-12 09:35:00,-14.056125284369086,-14.029089398190328,-13.991451715923173,-14.13171661515094
2006-06-12 09:40:00,-13.904815623592404,-13.954039743769409,-13.930364209877196,-14.181742220914238
2006-06-12 09:45:00,-14.184923474589294,-14.070507157456332,-14.004174669365044,-14.174310989023864
2006-06-12 09:50:00,-14.336009462952862,-14.130417019744565,-14.0858586066295,-14.13210377050268
2006-06-12 09:55:00,-14.170910890813811,-14.055188618195515,-14.038628323773702,-14.114847315183871
2006-06-12 10:00:00,-14.14035244599564,-14.048341530647834,-14.024665146239435,-14.0884834580752
2006-06-12 10:05:00,-14.05328759059547,-14.030628016927665,-13.987616598997707,-14.071265683600224
2006-06-12 10:10:00,-14.204969402719447,-14.09771199045973,-14.034524482905304,-14.013770569835014
2006-06-12 10:15:00,-14.140336083247051,-14.071254235458102,-14.028722348587552,-13.995736508135446
2006-06-12 10:20:00,-14.08276586273126,-14.04807111165439,-14.014959391035005,-13.956175111369545
2006-06-12 10:25:00,-14.067372505814356,-14.0525116031439,-14.010804317577614,-13.935149875627364
2006-06-12 10:30:00,-13.982169418981403,-14.012813840503284,-13.9851323127302,-13.91490132116355
2006-06-12 10:35:00,-13.949980828107826,-14.004674153636074,-13.95482056017688,-13.920910670674887
2006-06-12 10:40:00,-13.85999851776204,-13.954641436148124,-13.92793266817066,-13.928687688494335
2006-06-12 10:45:00,-14.032132002144136,-14.002527395712717,-13.976536810180711,-13.905278406064824
2006-06-12 10:50:00,-13.8453973375886,-13.921914580228693,-13.9040665393942,-13.920434936768952
2006-06-12 10:55:00,-13.941221206999074,-13.949256877665896,-13.920420319086029,-13.90447648683678
2006-06-12 11:00:00,-13.860677832013476,-13.911893177273903,-13.890170295696402,-13.891176665546157
2006-06-12 11:05:00,-13.986037040813647,-13.947811376266372,-13.920318028366353,-13.871763102720958
2006-06-12 11:10:00,-13.906660798135434,-13.908181955565087,-13.887100789043757,-13.874116794485996
2006-06-12 11:15:00,-13.891676191929276,-13.894753255947249,-13.873226846932653,-13.847391569254803
2006-06-12 11:20:00,-13.936336406175563,-13.9065782905657,-13.883248604280755,-13.801043100959006
2006-06-12 11:25:00,-13.845470825409992,-13.866227029812322,-13.845674792158144,-13.781519479858416
2006-06-12 11:30:00,-13.780878759722466,-13.834673030271336,-13.811083519222986,-13.77706363745106
2006-06-12 11:35:00,-13.869555606043566,-13.87114819872368,-13.841648498006451,-13.75327162281563
2006-06-12 11:40:00,-13.920782890906764,-13.883932709071596,-13.86315208333612,-13.729176984059675
2006-06-12 11:45:00,-13.731324985089376,-13.807174968718602,-13.792688868122962,-13.772199449065262
2006-06-12 11:50:00,-13.658245567491326,-13.767904083013756,-13.766655676430805,-13.7988741983971
2006-06-12 11:55:00,-13.728328954259196,-13.789433759745522,-13.774577798998203,-13.828720748013907
2006-06-12 12:00:00,-13.75414382091614,-13.788415193100668,-13.772956005515727,-13.82460756931505
2006-06-12 12:05:00,-13.726803460412071,-13.77060500618036,-13.758057266242892,-13.80386501017303
2006-06-12 12:10:00,-13.776215058371038,-13.784941115608571,-13.77803451585947,-13.794838294657565
2006-06-12 12:15:00,-13.989459804032345,-13.873858083819725,-13.85168938761537,-13.760256868623916
2006-06-12 12:20:00,-13.818294092391804,-13.80367539309178,-13.806429407783275,-13.736756955069277
2006-06-12 12:25:00,-13.9074083386884,-13.847093859740747,-13.829220379100542,-13.691775976022711
2006-06-12 12:30:00,-13.72946466199465,-13.7678246398457,-13.786741613571582,-13.700803558821676
2006-06-13 17:50:00,-14.237778448204663,-14.384453490536425,-14.396743539289677,-13.882486687301975
2006-06-13 17:55:00,-14.01364753121666,-14.2481718001406,-14.283720493588358,-13.83910878061108
2006-06-13 18:00:00,-13.987856023395157,-14.188186946739584,-14.164859026241787,-13.786033112255923
2006-06-13 18:05:00,-13.923132159525982,-14.122986597318784,-14.120346164102154,-13.745084987001944
2006-06-13 18:10:00,-13.832648964052936,-14.050895796175594,-14.033105031980591,-13.69127867566723
2006-06-13 18:15:00,-13.779049601014624,-13.978162569238917,-13.984818404086193,-13.621274905524109
2006-06-13 18:20:00,-13.75858575787814,-13.914559813833044,-13.941595835572574,-13.560046606095597
2006-06-13 18:25:00,-13.753380148890184,-13.882584285604503,-13.88009800359253,-13.49052008308742
2006-06-13 18:30:00,-13.669402042173669,-13.819588975557862,-13.84009174839547,-13.414856468743444
2006-06-13 18:35:00,-13.677443408002103,-13.795487716537902,-13.80729803568538,-13.345833950372848
2006-06-13 18:40:00,-13.509811110499374,-13.7110452806934,-13.726828895215323,-13.338573529966627
2006-06-13 18:45:00,-13.359026980155909,-13.62395959603465,-13.64775489781277,-13.318690593314452
2006-06-13 18:50:00,-13.391215990216509,-13.602828609525096,-13.608966557852316,-13.292406295011634
2006-06-13 18:55:00,-13.336220951215406,-13.554613284598917,-13.56096917455901,-13.255449350578347
2006-06-13 19:00:00,-13.215420386826082,-13.48068002640098,-13.49208950284489,-13.21471722227856
2006-06-13 19:05:00,-13.263308297778536,-13.470084351680608,-13.482305270479456,-13.19796633541788
2006-06-13 19:10:00,-13.466248577221004,-13.528119194032568,-13.529823969259397,-13.146606587455691
2006-06-13 19:15:00,-13.23972931687869,-13.421651699965546,-13.460513232880162,-13.112608033748945
2006-06-13 19:20:00,-13.23351018594487,-13.394983932265834,-13.433789099069852,-13.056572818289258
2006-06-13 19:25:00,-13.114479458072392,-13.324937188225585,-13.373375220155229,-13.103776110106237
2006-06-13 19:30:00,-12.971027530299004,-13.242340606296183,-13.27865308329122,-13.136651416050398
2006-06-13 19:35:00,-13.16280299106918,-13.290698686085484,-13.292310071961488,-13.123986995556958
2006-06-13 19:40:00,-13.15809011474364,-13.27700387498222,-13.290846483085538,-13.104388643528631
2006-06-13 19:45:00,-13.03573795127402,-13.215151384395678,-13.2402054967465,-13.120911290283129
2006-06-13 19:50:00,-12.89729889318676,-13.143600033585786,-13.188727997371732,-13.150943004925916
2006-06-13 19:55:00,-13.39769931015734,-13.349462115232384,-13.32772502070875,-13.098890413089784
2006-06-13 20:00:00,-13.168279192507276,-13.25064261972403,-13.287659086233084,-13.085647630143615
2006-06-13 20:05:00,-13.08681646810854,-13.203831571321956,-13.258245793952073,-13.024804281721297
2006-06-13 20:10:00,-13.04050011821147,-13.171800826044295,-13.232139242542534,-13.028707259810648
2006-06-13 20:15:00,-13.134873687253757,-13.204079151850056,-13.230358023245396,-12.996796026198464
2006-06-13 20:20:00,-13.077489209952937,-13.177967414053104,-13.193913537885775,-12.988384763959822
2006-06-13 20:25:00,-13.085383860323628,-13.184825082459415,-13.199897515910422,-12.986087965991992
2006-06-13 20:30:00,-13.088822465920815,-13.184303873988943,-13.204041743876498,-12.977556671717773
2006-06-13 20:35:00,-12.721756435393525,-13.026941152612824,-13.080165036398244,-13.014244555901756
2006-06-13 20:40:00,-13.063917639834177,-13.158044408903503,-13.154580633594415,-13.014405726084398
2006-06-13 20:45:00,-12.943406227761766,-13.109906705850042,-13.130151818630589,-12.968167576249042
2006-06-13 20:50:00,-13.027022156891167,-13.132692382537885,-13.142599593172228,-12.935719841067444
2006-06-13 20:55:00,-13.071602927969405,-13.139896819794563,-13.169448871740208,-12.892996473229504
2006-06-13 21:00:00,-13.037634584637695,-13.122618942573451,-13.153436914021237,-12.848888516202772
2006-06-13 21:05:00,-12.94188368267852,-13.079304925766618,-13.102333860322416,-12.820148186682616
2006-06-13 21:10:00,-13.064884747658384,-13.126643687265366,-13.145561226439428,-12.76886374783716
2006-06-13 21:15:00,-12.66597738656853,-12.955151443389315,-13.002958804150452,-12.782325028404928
2006-06-13 21:20:00,-12.832335659073232,-13.007284490224244,-13.021325861761856,-12.80391541498128
2006-06-13 21:25:00,-12.81526301003626,-12.9881984136464,-13.023327625433282,-12.81440665431424
2006-06-13 21:30:00,-12.772986524473351,-12.96519834447883,-12.97923061374072,-12.791635085437902
2006-06-13 21:35:00,-12.769441647738692,-12.958241747935295,-12.983263624537166,-12.807849817642564
2006-06-13 21:40:00,-12.757178490408496,-12.941808344652337,-12.971833232679282,-12.80886101237772
2006-06-13 21:45:00,-12.74674483869954,-12.92738449504398,-12.941011625728716,-12.823564821097955
2006-06-13 21:50:00,-12.961878267625828,-13.006761518277337,-13.019998466669575,-12.827482571916155
2006-06-13 21:55:00,-12.878210214758434,-12.964259943738274,-12.999785640188074,-12.812207107735544
2006-06-13 22:00:00,-12.636357515947614,-12.85395547546948,-12.906218940680086,-12.829376198697052
2006-06-13 22:05:00,-12.866729462777666,-12.936299822449362,-12.97689903664312,-12.803495187218964
2006-06-13 22:10:00,-12.763245774457236,-12.88877933614916,-12.930814886700396,-12.842289471734384
2006-06-13 22:15:00,-12.834967748839858,-12.920773366425577,-12.940326062741644,-12.846511754696792
2006-06-13 22:20:00,-12.98538494599172,-12.99255003748722,-13.024986694840324,-12.82376551049848
2006-06-13 22:25:00,-12.786557314036967,-12.90998418630296,-12.963165271780326,-12.82162742541006
2006-06-13 22:30:00,-12.739371830441067,-12.889679171683682,-12.929828092372835,-12.823640390399737
2006-06-13 22:35:00,-12.711443567365835,-12.87646604983301,-12.91622697397484,-12.835690311628197
2006-06-13 22:40:00,-12.996011597187552,-13.006655565143816,-13.005283519221376,-12.80972170451721
2006-06-13 22:45:00,-12.860301273157608,-12.948098983110244,-12.985421324857148,-12.810981347063962
2006-06-13 22:50:00,-12.84890765425854,-12.940093089176717,-12.98403042694174,-12.838796400733768
2006-06-13 22:55:00,-12.773728572230857,-12.910959012950263,-12.957981882918714,-12.88295685732134
2006-06-13 23:00:00,-12.751449504741336,-12.90053212605256,-12.93119828790268,-12.885091357637984
2006-06-13 23:05:00,-12.783743210374393,-12.91213048167512,-12.925508795497386,-12.881990240957778
2006-06-13 23:10:00,-12.840199723246032,-12.936595970853128,-12.95345038659125,-12.855830253289106
2006-06-13 23:15:00,-12.867859590989308,-12.94498266005944,-12.96990244446173,-12.802329731659666
2006-06-13 23:20:00,-13.01579783173014,-13.015258207940144,-13.041340270997464,-12.759205678847476
2006-06-13 23:25:00,-13.038690993752343,-13.039694758758902,-13.074299224799056,-12.71365658574814
2006-06-13 23:30:00,-12.764256622278996,-12.926493274525498,-12.983601143205158,-12.712195791249671
2006-06-13 23:35:00,-12.765136683749851,-12.922367086574232,-12.969192864381297,-12.708602288820446
2006-06-13 23:40:00,-12.683240028509596,-12.878960299342983,-12.91976702375327,-12.724224955493172
2006-06-13 23:45:00,-12.546856056480376,-12.814925463300378,-12.84348507160697,-12.769967337173885
2006-06-13 23:50:00,-12.757054064136552,-12.89417967919098,-12.915868636615748,-12.765865664436047
2006-06-13 23:55:00,-12.76539629060907,-12.897723688642143,-12.938545308666654,-12.79231833137451
2006-06-14 00:00:00,-12.75549162401258,-12.893163801124956,-12.92882518972842,-12.821298435871318
2006-06-14 00:05:00,-12.743575611355602,-12.885329108953153,-12.931744807620426,-12.85634825281065
2006-06-14 00:10:00,-12.776976144183758,-12.894881889726658,-12.928400790824384,-12.86037325768761
2006-06-14 00:15:00,-12.821310115289036,-12.905971496851611,-12.92881954890988,-12.86831792140646
2006-06-14 00:20:00,-12.732444085528437,-12.855446335795742,-12.890733498126515,-12.87369028010087
2006-06-14 00:25:00,-12.924112292239847,-12.933542786040691,-12.959123538068614,-12.8275486589184
2006-06-14 00:30:00,-12.92937219317453,-12.944542022225567,-12.98520848572468,-12.83944871355909
2006-06-14 00:35:00,-12.953874570810484,-12.967776662668827,-13.00263617259118,-12.81445059667794
2006-06-14 00:40:00,-12.801126115626632,-12.911993219607464,-12.959272351003037,-12.844813613615452
2006-06-14 00:45:00,-12.868978155421026,-12.946234439235846,-12.978274814838736,-12.854682490313088
2006-06-14 00:50:00,-12.7646782955138,-12.903543392162783,-12.932221718474354,-12.854953545314428
2006-06-14 00:55:00,-12.647262391688336,-12.85279013554798,-12.87831759130198,-12.914398485830947
2006-06-14 01:00:00,-13.000773070298209,-13.010996868311056,-13.019081368434986,-12.911527950922356
2006-06-14 01:05:00,-12.803885464791284,-12.930129736397127,-12.973227619760795,-12.92473956948164
2006-06-14 01:10:00,-12.983304390708405,-13.01297525759877,-13.03254312372343,-12.921027769583826
2006-06-14 01:15:00,-12.928191589063536,-12.997787909421154,-13.044357585540435,-12.934610065108464
2006-06-14 01:20:00,-12.766304452065134,-12.928091620186123,-12.969619356784992,-12.950185725015814
2006-06-14 01:25:00,-13.003931948059115,-13.028081023309047,-13.04578416017928,-12.92462462550923
2006-06-14 01:30:00,-12.98354994757502,-13.021509182632922,-13.063711292097478,-12.9267988474099
2006-06-14 01:35:00,-12.88315517614698,-12.98179768800365,-13.0182110541026,-12.955142654916578
2006-06-14 01:40:00,-12.96103330222703,-13.019092583905117,-13.067153470766634,-12.97198050140226
2006-06-14 01:45:00,-13.00968556457751,-13.050050904232942,-13.092241098444054,-12.968514894378956
2006-06-14 01:50:00,-12.859758180233635,-12.994339648067731,-13.033473568018376,-12.97126256412589
2006-06-14 01:55:00,-12.850565437747957,-12.987722968834966,-13.031740295678812,-12.99133699697355
2006-06-14 02:00:00,-12.996595336797943,-13.053170378413771,-13.07909409501476,-12.995754476541016
2006-06-14 02:05:00,-13.053217905549245,-13.081653587287391,-13.105804184931491,-13.003851926702064
2006-06-14 02:10:00,-13.062060554597826,-13.091564382687238,-13.124309587979,-13.0160946739607
2006-06-14 02:15:00,-12.988892009166038,-13.06923981172373,-13.111938924008305,-13.04756925924308
2006-06-14 02:20:00,-12.876244083077436,-13.019593902674124,-13.066238495108092,-13.088970858126649
2006-06-14 02:25:00,-12.97101226610951,-13.056678655784982,-13.082864197145115,-13.116788658194189
2006-06-14 02:30:00,-13.023100416568896,-13.083584622896332,-13.103754067233115,-13.127532132476668
2006-06-14 02:35:00,-13.10180228851159,-13.124111017096608,-13.144038990496512,-13.164797627467683
2006-06-14 02:40:00,-13.135517182696889,-13.145075138261909,-13.183993780493504,-13.172746107233904
2006-06-14 02:45:00,-13.177739260675269,-13.178146161181225,-13.215526595802022,-13.175985093080214
2006-06-14 02:50:00,-13.124654023292228,-13.16673065782866,-13.205070379120947,-13.18551301172689
2006-06-14 02:55:00,-13.137918690691896,-13.178312708521531,-13.212991774778745,-13.197828784255725
2006-06-14 03:00:00,-13.087561291173223,-13.15917528876084,-13.195036584149776,-13.245843549873909
2006-06-14 03:05:00,-13.325395200638791,-13.2738898646874,-13.290241345377211,-13.245432110584332
2006-06-14 03:10:00,-13.183208061294218,-13.221491747107244,-13.268094197897474,-13.290668909352188
2006-06-14 03:15:00,-13.197173320300376,-13.241097268679122,-13.276856918732594,-13.319385113936484
2006-06-14 03:20:00,-13.181821650810088,-13.242216367935663,-13.286028191842348,-13.373427991298923
2006-06-14 03:25:00,-13.21181318131765,-13.262304171403857,-13.290075886212824,-13.42011552407672
2006-06-14 03:30:00,-13.375649884882318,-13.345367828858974,-13.35466421799492,-13.443116489437234
2006-06-14 03:35:00,-13.322926535991892,-13.330707630043763,-13.36329131203586,-13.51047243403883
2006-06-14 03:40:00,-13.454628796082458,-13.400751071179371,-13.421033289313815,-13.531303331425242
2006-06-14 03:45:00,-13.369470634534498,-13.374990048372686,-13.415041838658428,-13.615816642399611
2006-06-14 03:50:00,-13.506078860779509,-13.45108926036865,-13.465373005219986,-13.655951270190904
2006-06-14 03:55:00,-13.49193842676912,-13.462734971476824,-13.4785796343183,-13.721260478144934
2006-06-14 04:00:00,-13.513655680659085,-13.47702045142423,-13.500579036512098,-13.781101507033185
2006-06-14 04:05:00,-13.727062199987795,-13.599762632281124,-13.591334456735671,-13.814408431062883
2006-06-14 04:10:00,-13.57961418401461,-13.54824262478396,-13.570461174724873,-13.867407633923316
2006-06-14 04:15:00,-13.876550507608084,-13.714743868972654,-13.687362646625942,-13.906277921382262
2006-06-14 04:20:00,-13.746886623913571,-13.674103398083462,-13.683082980862183,-13.99254478923956
2006-06-14 04:25:00,-13.88379371243695,-13.752735410340712,-13.741583168473175,-14.058063662978276
2006-06-14 04:30:00,-13.872701734737111,-13.771227975914131,-13.763932295055875,-14.151025410130057
2006-06-14 04:35:00,-13.926903859803785,-13.81074476539899,-13.801461911074478,-14.266767109898614
2006-06-14 04:40:00,-13.897609307221485,-13.821009875015603,-13.801869038606286,-14.370083585961392
2006-06-14 04:45:00,-14.10977226127122,-13.937686217296248,-13.905247854732172,-14.465969003590496
2006-06-14 04:50:00,-14.264487715419566,-14.042172254060194,-13.989068906236582,-14.536372880518869
2006-06-14 04:55:00,-14.276907388510988,-14.074937299362814,-14.029733276314012,-14.626046177755727
2006-06-14 05:00:00,-14.430472188738335,-14.164695648200988,-14.126948306055256,-14.726828682724506
2006-06-14 05:05:00,-14.621354058415143,-14.306736621367364,-14.228018806190915,-14.771015736005896
2006-06-14 05:10:00,-14.517507614318609,-14.25772816568588,-14.230647543935213,-14.868457233680012
2006-06-14 05:15:00,-14.68508470922694,-14.380131007421005,-14.316257200138354,-14.997362388864486
2006-06-14 05:20:00,-14.686911439540996,-14.399551045962957,-14.359121256834571,-15.00478494791992
2006-06-14 05:25:00,-14.814946535924244,-14.495489136609596,-14.431596121689791,-15.034444193211463
2006-06-14 05:30:00,-15.0351672763699,-14.6418806928766,-14.560262611016512,-15.091439751684105
2006-06-14 05:35:00,-14.886476493741284,-14.599016189104727,-14.541789221068026,-15.13199254021205
2006-06-14 05:40:00,-15.10215636908772,-14.72636902247266,-14.660853525270896,-15.18057764591064
2006-06-14 05:45:00,-15.45851540905818,-14.943909394370522,-14.851403632043452,-15.039065657856732
2006-06-14 14:55:00,-14.341847841978074,-14.22534507203404,-14.237297138547357,-14.25496557866285
2006-06-14 15:00:00,-14.23957644252562,-14.188025574190794,-14.193463093673651,-14.2602302785662
2006-06-14 15:05:00,-14.275162414120969,-14.198844820141204,-14.210358333792373,-14.261008925687154
2006-06-14 15:10:00,-14.228797843261631,-14.17293975600088,-14.192429893436884,-14.243473436358862
2006-06-14 15:15:00,-14.18899589096393,-14.158038842651898,-14.155297896972453,-14.246328822715755
2006-06-14 15:20:00,-14.349466175827562,-14.216741908867611,-14.220800361197949,-14.24358126860662
2006-06-14 15:25:00,-14.247795110009688,-14.173339804967233,-14.188337450511098,-14.279918134251114
2006-06-14 15:30:00,-14.27116464194572,-14.184668840155442,-14.19088541406004,-14.298710375181177
2006-06-14 15:35:00,-14.279833776476591,-14.189658033002184,-14.20451869093898,-14.316942986981983
2006-06-14 15:40:00,-14.123585369843072,-14.130432457390755,-14.13671000422292,-14.38329017427641
2006-06-14 15:45:00,-14.206127862191892,-14.154966057232496,-14.16231019040132,-14.447353977587715
2006-06-14 15:50:00,-14.33298061989716,-14.203875700414558,-14.21668640174784,-14.542335396721526
2006-06-14 15:55:00,-14.465816708608942,-14.27316401949399,-14.265033101452037,-14.582685587825262
2006-06-14 16:00:00,-14.383918550077295,-14.240636956782138,-14.25332270401414,-14.693568707641283
2006-06-14 16:05:00,-14.389228695635731,-14.25091258943848,-14.261411463339492,-14.867259688631435
2006-06-14 16:10:00,-14.521668493609637,-14.32252557519535,-14.313278033811471,-15.020151361229606
2006-06-14 16:15:00,-14.590510682059731,-14.35384121632272,-14.35417420082388,-15.13302217917618
2006-06-14 16:20:00,-14.902869423794522,-14.530902056238434,-14.489975104393176,-15.20810695857861
2006-06-14 16:25:00,-14.707917855231356,-14.448485262177348,-14.455135548213187,-15.302972739913214
2006-06-14 16:30:00,-15.049217037697826,-14.639173033808191,-14.604822635051343,-15.25628999164936
2006-06-14 16:35:00,-15.43137521758454,-14.905915554701206,-14.794842039659173,-15.134368896985732
2006-06-14 16:40:00,-15.43901795100966,-14.926547303922138,-14.847963081651814,-14.988136458330436
2006-06-14 16:45:00,-15.267736514841564,-14.84539512483317,-14.827148577551704,-14.841649732154686
2006-06-14 16:50:00,-15.353377290744511,-14.905070589302408,-14.901175423490896,-14.655659746116584
2006-06-14 16:55:00,-15.27711161813659,-14.902910937764435,-14.884534659886846,-14.485332553067536
2006-06-14 17:00:00,-14.7691217044927,-14.70946532026033,-14.71002250512075,-14.376133408702453
2006-06-14 17:05:00,-14.699848071413768,-14.688267408374486,-14.695530021088194,-14.28191970891757
2006-06-14 17:10:00,-14.561623665991284,-14.639043403835284,-14.660788859392396,-14.19907962269249
2006-06-14 17:15:00,-14.388815810873668,-14.560545459151488,-14.601444540733004,-14.16047631400246
2006-06-14 17:20:00,-14.237437432334808,-14.496424877680772,-14.52957865166883,-14.113376980566969
2006-06-14 17:25:00,-14.255148517661194,-14.469456177063352,-14.51961952485233,-14.025359790071438
2006-06-14 17:30:00,-14.113926722664392,-14.375237100120806,-14.436040447017374,-13.991403675436995
2006-06-14 17:35:00,-14.134566103980072,-14.320599916744072,-14.376380998505836,-13.929480501245692
2006-06-14 17:40:00,-14.064583322097508,-14.245919060174268,-14.290937717373188,-13.896537287003946
2006-06-14 17:45:00,-14.157195900914584,-14.213526888955188,-14.262612434313196,-13.851451959298323
2006-06-14 17:50:00,-13.954841373902951,-14.0959982382755,-14.149336191458117,-13.831748868333364
2006-06-14 17:55:00,-13.727045345778562,-13.977668969293006,-14.00131512328283,-13.828514507999024
2006-06-14 18:00:00,-13.910190208314448,-13.997157812325488,-14.002544240196457,-13.793347029599
2006-06-14 18:05:00,-13.763026798647196,-13.913701578996788,-13.928846538926605,-13.776917760367365
2006-06-14 18:10:00,-13.866924210103734,-13.924196142916475,-13.929888636536944,-13.73690786239724
2006-06-15 00:50:00,-12.946469473062733,-13.02341165570546,-13.065610416132618,-12.94886410060869
2006-06-15 00:55:00,-12.768251445690366,-12.944570584761973,-13.008688451042351,-13.019592254835484
2006-06-15 01:00:00,-12.920875301145577,-13.002969581384674,-13.047909556636396,-13.053873138228996
2006-06-15 01:05:00,-12.921797570413142,-13.004962194121692,-13.05245765557925,-13.072405830118742
2006-06-15 01:10:00,-12.946759897395438,-13.011381826544612,-13.062319812654383,-13.079217012129773
2006-06-15 01:15:00,-12.99821527781757,-13.036484335448996,-13.084518061879384,-13.0681590897618
2006-06-15 01:20:00,-13.1372849088239,-13.114479342434594,-13.153851397878253,-13.032896614909731
2006-06-15 01:25:00,-13.192620602326736,-13.152239420292814,-13.197907760785675,-13.019731540564628
2006-06-15 01:30:00,-13.126560485868838,-13.137061670052532,-13.192169972506198,-12.997234466914154
2006-06-15 01:35:00,-13.032993837389412,-13.10275187720922,-13.166284779609704,-13.021371891655814
2006-06-15 01:40:00,-12.987626758186028,-13.087808813882424,-13.142274315661991,-13.033088458018613
2006-06-15 01:45:00,-12.931867945975894,-13.065076995499563,-13.11107166269626,-13.055818975476232
2006-06-15 01:50:00,-12.925710059711475,-13.06671876315379,-13.097707109760256,-13.0945339324614
2006-06-15 01:55:00,-13.113629953889976,-13.153924696668993,-13.175124989008763,-13.10278980640736
2006-06-15 02:00:00,-12.991578448698291,-13.105873635236584,-13.15007332881862,-13.14321201095055
2006-06-15 02:05:00,-13.177818125654328,-13.19462408501688,-13.218918065257103,-13.139206115219906
2006-06-15 02:10:00,-13.057926243091163,-13.146881053772107,-13.198617311789729,-13.168353807797214
2006-06-15 02:15:00,-13.068250790536572,-13.149232085867764,-13.188820489349927,-13.150398206344406
2006-06-15 02:20:00,-13.15799988835081,-13.18461467948376,-13.2244935200835,-13.159124639404787
2006-06-15 02:25:00,-13.16316554447914,-13.187896538044123,-13.231825624662369,-13.178897922513864
2006-06-15 02:30:00,-13.23411132904404,-13.227564379404196,-13.26333020680181,-13.146174911551256
2006-06-15 02:35:00,-13.153782924727166,-13.200816633711607,-13.257655601505236,-13.171639251129356
2006-06-15 02:40:00,-13.232812254007762,-13.247981475960351,-13.287057641225552,-13.151988948819731
2006-06-15 02:45:00,-12.960517210729174,-13.135590179057637,-13.200692813171528,-13.19939929011619
2006-06-15 02:50:00,-13.21035851562254,-13.243201659803796,-13.277018060053924,-13.216904193246592
2006-06-15 02:55:00,-13.281805214224152,-13.287085236135896,-13.319831320306918,-13.242323679813326
2006-06-15 03:00:00,-13.037773205449495,-13.180928233173422,-13.243561580241993,-13.303560341300194
2006-06-15 03:05:00,-13.306569179016634,-13.302673674020058,-13.335424519940394,-13.302137157995915
2006-06-15 03:10:00,-13.114910469059485,-13.224269077949671,-13.292032508797751,-13.372883199944775
2006-06-15 03:15:00,-13.244979027232318,-13.281963204367315,-13.31225776543351,-13.397868741215264
2006-06-15 03:20:00,-13.31538800667858,-13.318696259566616,-13.36293003796196,-13.436409847610363
2006-06-15 03:25:00,-13.434322108328775,-13.379104867682818,-13.419493171394604,-13.447869578807444
2006-06-15 03:30:00,-13.405193246644332,-13.378746202593856,-13.42755174943314,-13.438536871220554
2006-06-15 03:35:00,-13.298030165919318,-13.336112439595576,-13.4122099514867,-13.482384403510371
2006-06-15 03:40:00,-13.539386691843196,-13.469620203236683,-13.48770222901769,-13.507047540555051
2006-06-15 03:45:00,-13.394892260400514,-13.409614585623348,-13.468462352870311,-13.564747781321326
2006-06-15 03:50:00,-13.5466346233671,-13.48598596563447,-13.523486466017248,-13.601208748006457
2006-06-15 03:55:00,-13.503080490090737,-13.489957565723444,-13.525092892630663,-13.64133813595997
2006-06-15 04:00:00,-13.349196986668256,-13.423468904615891,-13.47983816835502,-13.706601146613217
2006-06-15 23:20:00,-12.730995548636685,-12.862826860511165,-12.960007169384973,-12.772398101532092
2006-06-15 23:25:00,-12.954727862130824,-12.970075831211538,-13.011443554752455,-12.75045559785716
2006-06-15 23:30:00,-12.932150102205956,-12.97568553648882,-13.008184848067712,-12.722166313572808
2006-06-15 23:35:00,-12.6016985547696,-12.83572621716485,-12.87909375630227,-12.768332045236413
2006-06-15 23:40:00,-12.670294376888489,-12.848174799706072,-12.87379412005656,-12.7742466295713
2006-06-15 23:45:00,-12.691873199684917,-12.85488711139878,-12.859618103389822,-12.813509073716803
2006-06-15 23:50:00,-12.783644918245066,-12.904995340369616,-12.871341294436773,-12.84452567549543
2006-06-15 23:55:00,-12.823072493167835,-12.930472371196176,-12.911373543921323,-12.854396286760052
2006-06-16 00:00:00,-12.762413991767549,-12.910906918121722,-12.894968589793274,-12.91174332632338
2006-06-16 00:05:00,-12.878693580759116,-12.9585474364575,-12.931012838724143,-12.917781700922315
2006-06-16 00:10:00,-12.705781825078912,-12.873546368859758,-12.884653626186724,-12.969277294389125
2006-06-16 00:15:00,-12.927447517644548,-12.957729703760414,-12.925624635812108,-12.959276417143691
2006-06-16 00:20:00,-12.969744586735713,-12.979101014526169,-12.986696440610604,-12.952077096859629
2006-06-16 00:25:00,-12.882296160755578,-12.940203407637158,-12.97539974196735,-12.951398938986184
2006-06-16 00:30:00,-13.106496547151457,-13.059249977888124,-13.059626321802437,-12.939596309191328
2006-06-16 00:35:00,-12.91492365489604,-12.9853294398481,-13.048499632777698,-12.8847978110847
2006-06-16 00:40:00,-13.014755270241947,-13.042447718935149,-13.070912145877994,-12.8239516295363
2006-06-16 00:45:00,-12.867442311990873,-12.984179768848394,-13.050486422111252,-12.840845502535698
2006-06-16 00:50:00,-12.92654854939352,-13.01341965366112,-13.05045193751957,-12.801792478444556
2006-06-16 00:55:00,-12.878227213514917,-12.997547845350002,-13.031812899410202,-12.794954815377508
2006-06-16 01:00:00,-13.035680739472864,-13.0714067773525,-13.086556112878313,-12.740175513145548
2006-06-16 01:05:00,-12.586132608437383,-12.884208694316646,-12.963385089245008,-12.848420183115987
2006-06-16 01:10:00,-12.64967789185705,-12.904418943759472,-12.96224890045534,-12.90467097634284
2006-06-16 01:15:00,-12.968805896900658,-13.030690101153631,-13.049055893084155,-12.864927132039242
2006-06-16 01:20:00,-12.692230289208863,-12.91177235141098,-12.993133777617963,-12.86688204685372
2006-06-16 01:25:00,-12.83720163984492,-12.96051628562678,-13.034342399455166,-12.895392893161349
2006-06-16 01:30:00,-12.707004636986616,-12.895113454419567,-13.00590546307978,-12.918092477507685
2006-06-16 01:35:00,-13.235600859535612,-13.126311748962744,-13.15818633784841,-12.827038233672706
2006-06-16 01:40:00,-12.987182477761475,-13.025276748859405,-13.141935255945636,-12.847565446323156
2006-06-16 01:45:00,-12.730342946716863,-12.915304912720025,-13.069533779884182,-12.86535834539248
2006-06-16 01:50:00,-12.703959893733522,-12.896107245665943,-13.030348467319108,-12.880459832504188
2006-06-16 01:55:00,-13.008266746600151,-13.018156698286692,-13.10093601315118,-12.874401279109287
2006-06-16 02:00:00,-12.843202085245718,-12.955744665299244,-13.03224430572283,-12.920353659033356
2006-06-16 02:05:00,-12.689274818336758,-12.895186364051968,-12.990953397718291,-12.975721037293177
2006-06-16 02:10:00,-13.110346331853172,-13.079085416314276,-13.124464099884731,-12.95411555998403
2006-06-16 02:15:00,-12.837100225495016,-12.969277063113523,-13.05137647930852,-12.949291671371254
2006-06-16 02:20:00,-12.794568816403755,-12.952533172339695,-13.019989569296008,-12.993952897448288
2006-06-16 02:25:00,-12.971915512959107,-13.035033601439055,-13.061123668360462,-12.976636310473893
2006-06-16 02:30:00,-13.118916364790126,-13.093848836320005,-13.1337713050907,-12.982416061134906
2006-06-16 02:35:00,-13.02147897225788,-13.052505634525035,-13.107513934476229,-12.974557663214265
2006-06-16 02:40:00,-12.980713525817196,-13.044448744322056,-13.097147680127918,-12.978235118685712
2006-06-16 02:45:00,-12.808156489086056,-12.976710260846485,-13.04117250026053,-13.030774545656502
2006-06-16 02:50:00,-13.06253646196046,-13.086828610077458,-13.103626741746629,-13.026555038001275
2006-06-16 02:55:00,-12.868016048931633,-13.006450712782522,-13.060068399148072,-13.054255783706568
2006-06-16 03:00:00,-13.153594782027858,-13.147574533653945,-13.12496549305417,-13.027833500599847
2006-06-16 03:05:00,-12.97432846909624,-13.067017542317489,-13.141696538831214,-13.038793766846387
2006-06-16 03:10:00,-13.002778374283688,-13.08212562078375,-13.120389597088003,-13.129957057126015
2006-06-16 03:15:00,-13.123393311095835,-13.147820726528456,-13.157057418154796,-13.149393227140957
2006-06-16 03:20:00,-13.037219358210198,-13.11416081811668,-13.1489770328281,-13.16350919110893
2006-06-24 01:00:00,-12.700900869212228,-12.84759383540286,-12.889177969723672,-12.981215682960247
2006-06-24 01:05:00,-12.904588468773108,-12.941431423245826,-12.95483971438191,-12.992723609823829
2006-06-24 01:10:00,-12.835898806580165,-12.911772871781077,-12.959726407818971,-13.013675357744614
2006-06-24 01:15:00,-13.038964881879762,-13.011773318313825,-13.031993667290878,-13.023450018545343
2006-06-24 01:20:00,-12.891034273233675,-12.94457943105361,-13.038464209529012,-13.064390771889624
2006-06-24 01:25:00,-12.795782608563124,-12.899572332319153,-12.981889300160764,-13.149490738715135
2006-06-24 01:30:00,-13.42102500091275,-13.216881065686753,-13.20992793802102,-13.10096492629809
2006-06-24 01:35:00,-12.973636319049092,-13.029112396840166,-13.11591125239089,-13.125730351017788
2006-06-24 01:40:00,-12.961608947191475,-13.0303453270553,-13.123326980650768,-13.202186450171553
2006-06-24 01:45:00,-13.097612875593606,-13.105169690133918,-13.167427016287288,-13.244368416288337
2006-06-24 01:50:00,-13.13667893784661,-13.146384389424515,-13.1689616096935,-13.317273220809586
2006-06-24 01:55:00,-13.306382337242567,-13.248251432402595,-13.236268321712434,-13.278693270954994
2006-06-24 02:00:00,-13.129870010772663,-13.178600762279354,-13.231278814180785,-13.286442058696712
2006-06-24 02:05:00,-13.12222892518618,-13.187367350565507,-13.207024399369487,-13.3425241797387
2006-06-24 02:10:00,-13.420345614387688,-13.333661409713056,-13.309383564853649,-13.33000776117352
2006-06-24 02:15:00,-13.350704773477377,-13.324343431490837,-13.29909988743652,-13.30420957526911
2006-06-24 02:20:00,-13.574107663791033,-13.462694142299505,-13.371362356574126,-13.258045101166577
2006-06-24 02:25:00,-13.074902623660297,-13.23244692529062,-13.27954280611007,-13.29148344755507
2006-06-24 02:30:00,-13.176362679404072,-13.275788059161368,-13.240451744644435,-13.316727699491832
2006-06-24 02:35:00,-13.458721747200658,-13.418671699425284,-13.321786227385177,-13.269991064013547
2006-06-24 02:40:00,-13.345247117451327,-13.37770687173668,-13.31383408345107,-13.287935246233683
2006-06-24 02:45:00,-13.19591567250566,-13.31840946336986,-13.27500251417638,-13.389378975365684
2006-06-24 02:50:00,-13.297120703538011,-13.3591337282993,-13.315073129949903,-13.405829637590177
2006-06-24 02:55:00,-13.27553267308182,-13.356301353864447,-13.28315048755819,-13.428803879778028
2006-06-24 03:00:00,-13.327828248843534,-13.386383240857366,-13.289009509821662,-13.445652108369872
2006-06-24 03:05:00,-13.178301925296756,-13.317090354084865,-13.268497967106905,-13.495501660100985
2006-06-24 03:10:00,-13.45291225594316,-13.431524204799132,-13.33900908566306,-13.51412476539156
2006-06-24 03:15:00,-13.804578061752384,-13.593675126072249,-13.498111890773083,-13.474242372549789
2006-06-24 03:20:00,-13.3958246696576,-13.435662101077568,-13.413292661536696,-13.486308774423186
2006-06-24 03:25:00,-13.413378090072133,-13.45179961975549,-13.433654700752903,-13.498992285542828
2006-06-24 03:30:00,-13.428917631235636,-13.455180720843344,-13.460118244738764,-13.501400786011008
2006-06-24 03:35:00,-13.4773992528484,-13.481454937878963,-13.442417043595029,-13.484460027304554
2006-06-24 03:40:00,-13.56465089852768,-13.536266357606232,-13.46525090984811,-13.484212974373913
2006-06-24 03:45:00,-13.565283697474383,-13.546189172109834,-13.494756643223644,-13.463626184767945
2006-06-24 03:50:00,-13.46822307999456,-13.513406152356804,-13.470836372402498,-13.4831026274533
2006-06-24 03:55:00,-13.489479158596826,-13.528349219297276,-13.473143581672849,-13.491423750930885
2006-06-24 04:00:00,-13.443368644885764,-13.520689223316944,-13.440966510015592,-13.564906544792274
2006-06-24 04:05:00,-13.375754703319934,-13.488404754253098,-13.419220587561666,-13.628915788744443
2006-06-24 04:10:00,-13.563168559261744,-13.550325803599844,-13.47747907045976,-13.684169610685442
2006-06-24 04:15:00,-13.441762967065934,-13.503269823498009,-13.425262325823558,-13.846199198997745
2006-06-24 04:20:00,-13.585081741527215,-13.570588270736373,-13.46331160951908,-14.038049419605104
2006-06-24 04:25:00,-13.539405894945224,-13.555699282535434,-13.471028460083003,-14.094825266259251
2006-06-24 04:30:00,-13.88426537011046,-13.726102637529983,-13.592025907690548,-14.049285597640552
2006-06-24 04:35:00,-13.759810217624482,-13.675895755061704,-13.60734211114978,-14.15070116174108
2006-06-24 04:40:00,-13.89469147645302,-13.7498681711094,-13.668833851627332,-14.17822197503081
2006-06-24 04:45:00,-14.41394049332605,-14.053657862828528,-13.89394481743716,-14.125235925970038
2006-06-24 04:50:00,-14.736183202491272,-14.278741230549697,-14.098789921440668,-14.125796769296189
2006-06-24 20:35:00,-12.809873652585368,-13.00403897084228,-13.064455298616826,-12.863323524858751
2006-06-24 20:40:00,-12.919140676338586,-13.023925983726878,-13.042993961273424,-12.846682783001818
2006-06-24 20:45:00,-12.646908250928268,-12.897074093305106,-12.9415715205832,-12.889018706393518
2006-06-24 20:50:00,-12.92226804279921,-12.995099272770716,-12.994012640407307,-12.908056851103591
2006-06-24 20:55:00,-13.020429732686784,-13.04111612076784,-13.039149714363315,-12.858879679873066
2006-06-24 21:00:00,-12.774727104627,-12.936468191085003,-12.97682849733501,-12.891615237536888
2006-06-24 21:05:00,-12.896466879221474,-12.984817280035417,-13.001927581107813,-12.858878234400576
2006-06-24 21:10:00,-12.819296572110364,-12.956844033856296,-12.967362273383758,-12.817430814039076
2006-06-24 21:15:00,-12.90092379127847,-12.987490189945165,-12.978482827291424,-12.786823107518444
2006-06-24 21:20:00,-13.036497142335255,-13.05120291689808,-13.02685145058932,-12.740276638400957
2006-06-24 21:25:00,-12.725366647484734,-12.91585286243156,-12.946804571909055,-12.717790694888654
2006-06-24 21:30:00,-12.97114021933433,-13.017262124272037,-12.999088737411158,-12.677455767974411
2006-06-24 21:35:00,-12.700045091679204,-12.900905404868398,-12.9368096229872,-12.819255231597149
2006-06-24 21:40:00,-12.570611934303557,-12.84076363097386,-12.850383967137391,-12.862621603417573
2006-06-24 21:45:00,-12.717277667792477,-12.896401139132626,-12.891561477243483,-12.862950130405116
2006-06-24 21:50:00,-12.757218269811425,-12.90192579280859,-12.904383232238924,-12.853484251437717
2006-06-24 21:55:00,-12.590451448962128,-12.822060662424784,-12.82699515628424,-12.860299769866216
2006-06-24 22:00:00,-12.729130542211088,-12.871888354094745,-12.876333011773626,-12.870131584649206
2006-06-24 22:05:00,-13.55084201796286,-13.281229540350251,-13.221334952465996,-12.732698893418986
2006-06-24 22:10:00,-12.830809760493809,-12.954443971333776,-13.02592650173099,-12.688097162989644
2006-06-24 22:15:00,-12.719248656261042,-12.900053732477245,-12.996847994937854,-12.68348408208482
2006-06-24 22:20:00,-12.70042299600701,-12.883177436423326,-12.972034790174677,-12.704945590333956
2006-06-24 22:25:00,-12.631344617352037,-12.84803221829965,-12.9093800670194,-12.77350533345949
2006-06-24 22:30:00,-12.788121315271228,-12.90564250731287,-12.92487434879377,-12.756482582132875
2006-06-24 22:35:00,-12.726245610396498,-12.885044755604904,-12.939052342654632,-12.772582312546229
2006-06-24 22:40:00,-12.56319995610675,-12.817836991808786,-12.88954276204006,-12.812848839702236
2006-06-24 22:45:00,-12.691569650462,-12.86585807414175,-12.919576457131113,-12.816441417029068
2006-06-24 22:50:00,-12.829192276777416,-12.928605977116993,-12.95286810292092,-12.830193815756338
2006-06-24 22:55:00,-13.042702815920196,-13.034169179980545,-13.040635633902346,-12.822539692007997
2006-06-24 23:00:00,-12.685985327681646,-12.869946564170476,-13.006046890612613,-12.83211438614445
2006-06-24 23:05:00,-12.822844050695505,-12.891313018148663,-12.975487320036612,-12.824131099400669
2006-06-24 23:10:00,-12.804798945586112,-12.885835718151473,-12.965209632354629,-12.966972170499751
2006-06-24 23:15:00,-12.71312511442299,-12.848692683589816,-12.91614148940524,-13.00385834459992
2006-06-24 23:20:00,-12.911706842597727,-12.943663001494905,-12.980301845888048,-12.964468380871343
2006-06-24 23:25:00,-12.996777524150591,-12.99170403134823,-13.050331590365296,-12.989958825682614
2006-06-24 23:30:00,-12.743434070689371,-12.886628299627231,-12.979650360423278,-13.107649340371742
2006-06-24 23:35:00,-12.774943925500512,-12.90547483250402,-12.98014314698299,-13.14781719957558
2006-06-24 23:40:00,-13.661845690184554,-13.375017750852958,-13.349357748798916,-13.07850832587734
2006-06-24 23:45:00,-12.934442332480716,-13.036389223359148,-13.147434705103688,-13.16181535753561
2006-06-24 23:50:00,-12.675366771131758,-12.924801146609717,-13.059470094390038,-13.264466092333636
2006-06-25 18:35:00,-13.55136221460259,-13.678821131196568,-13.734981898811602,-13.305528872465528
2006-06-25 18:40:00,-13.181484393168704,-13.517254990274036,-13.57432080304223,-13.349573431068846
2006-06-25 18:45:00,-13.530137691568202,-13.611793429908538,-13.633624094923492,-13.298952319549086
2006-06-25 18:50:00,-13.328442574651817,-13.521691318802777,-13.5499017577435,-13.229397961257854
2006-06-25 18:55:00,-13.150507975525302,-13.432088011343884,-13.46936613412093,-13.242124320247497
2006-06-25 19:00:00,-13.095077025385368,-13.38189143509446,-13.44108952492812,-13.328027507226292
2006-06-25 19:05:00,-13.54752353835696,-13.563899115512957,-13.50485283974989,-13.26115716007353
2006-06-25 19:10:00,-13.44575185681273,-13.506345767274802,-13.532953438685391,-13.191029975489208
2006-06-25 19:15:00,-13.226410921266565,-13.40254986773756,-13.481703534708084,-13.158212719720249
2006-06-25 19:20:00,-12.911116569451682,-13.261091217618532,-13.35522518867562,-13.20834286205403
2006-06-25 19:25:00,-13.22686601382534,-13.34768311441995,-13.395953497721942,-13.16014809174666
2006-06-25 19:30:00,-13.61049613280342,-13.494385693002643,-13.475942587088577,-13.048151322105385
2006-06-25 19:35:00,-13.146301477122488,-13.305345340823465,-13.379110536942049,-13.047479871224295
2006-06-25 19:40:00,-13.02498878182993,-13.243142453250604,-13.356526298716568,-13.052022962351147
2006-06-25 19:45:00,-13.029507386652805,-13.227070027812587,-13.306956791674123,-13.024286282199752
2006-06-25 19:50:00,-13.211897278907124,-13.298517217874847,-13.294156989348766,-13.020614782074963
2006-06-25 19:55:00,-12.937697420890563,-13.184246575459436,-13.217173656662384,-13.079969611836454
2006-06-25 20:00:00,-12.938515789595543,-13.167868938505144,-13.216605533191164,-13.019606825198183
2006-06-25 20:05:00,-13.142272540560352,-13.224897193565509,-13.245832387696575,-13.00820754004696
2006-06-25 20:10:00,-13.05224727077216,-13.17863204230404,-13.206273094677702,-13.02798437901836
2006-06-25 20:15:00,-12.863087161197177,-13.097732878719732,-13.12177005658148,-13.022228507562884
2006-06-25 20:20:00,-13.189868393796184,-13.2294132543568,-13.220471151243675,-12.991741844908567
2006-06-25 20:25:00,-13.293826804191804,-13.256374308424746,-13.282118057845604,-12.915227897945751
2006-06-25 20:30:00,-12.576338722852531,-12.952853835956894,-13.01870038057259,-12.959435939487696
2006-06-26 12:20:00,-13.479146616333418,-13.560199262445272,-13.56423034546732,-13.441526621472764
2006-06-29 16:25:00,-14.111870971689008,-13.97230776964622,-13.9537206877911,-14.840351004031804
2006-06-29 16:30:00,-14.242709359600608,-14.026845562334536,-14.026229513863084,-15.05939061999637
2006-06-29 16:35:00,-14.385555518762857,-14.132187434450406,-14.082769473417509,-15.268547482727396
2006-06-29 16:40:00,-14.43448672839447,-14.175483671945612,-14.140437015151868,-15.461476893095844
2006-06-29 16:45:00,-15.122096835544998,-14.599363102502346,-14.460337778571771,-15.4842899181232
2006-06-29 16:50:00,-15.336560085605988,-14.767526134139256,-14.600735193263644,-15.407802336578602
2006-06-29 16:55:00,-15.520697785376406,-14.931314587832205,-14.734739176288326,-15.280198800461992
2006-06-29 17:00:00,-15.556946303742306,-14.99377484178192,-14.809571321764793,-15.071972359463375
2006-06-29 17:05:00,-15.640496926424609,-15.047176724368637,-14.90843847165725,-14.866426402650358
2006-06-29 17:10:00,-15.592063421880775,-15.049711967478428,-14.927004208202009,-14.61344535805185
2006-06-29 17:15:00,-15.258975216984725,-14.919740400509678,-14.822193961681114,-14.447264936482329
2006-06-29 17:20:00,-14.877634480700598,-14.782693881709909,-14.706733151927038,-14.266893502013149
2006-06-29 17:25:00,-14.755076337401142,-14.754515147161596,-14.680030214800825,-14.124590088861472
2006-06-29 17:30:00,-14.307588062482916,-14.600028944950177,-14.557396493671463,-14.044164404246017
2006-06-29 17:35:00,-14.407221359003186,-14.631195875867768,-14.55431672305519,-13.943845115391408
2006-06-29 17:40:00,-14.074176633919636,-14.492952852759611,-14.501421779026222,-13.872409749294118
2006-06-29 17:45:00,-14.261892976662084,-14.501255068553604,-14.48091688026526,-13.7862982119106
2006-06-29 17:50:00,-13.79540526678707,-14.30613860048877,-14.31701272090585,-13.779879967141271
2006-06-29 17:55:00,-13.901256581227342,-14.26099788227733,-14.22193079286354,-13.704405575083868
2006-06-29 18:00:00,-13.825033752424025,-14.15825416023402,-14.12660043619448,-13.688215401456812
2006-06-29 18:05:00,-13.80530548132829,-14.065470784387514,-14.043767342073,-13.650923367590876
2006-06-29 18:10:00,-13.645564422881176,-13.940498933305234,-13.931227545877372,-13.636731313951028
2006-06-29 18:15:00,-13.74522363672319,-13.907701451599936,-13.913580593997487,-13.583250667568327
2006-06-29 18:20:00,-13.756895942718344,-13.862005903227908,-13.887555369234606,-13.523289028455505
2006-06-29 18:25:00,-13.44841025779236,-13.72064360830507,-13.759160278878168,-13.465262804733266
2006-06-29 18:30:00,-13.727892623933345,-13.781065341311484,-13.811360326400733,-13.372317152917663
2006-06-29 18:35:00,-13.581553278132684,-13.707274014057347,-13.753175225027308,-13.3312410093926
2006-06-29 18:40:00,-13.56041209381471,-13.668147227505036,-13.716033255363088,-13.262874222389764
2006-06-29 18:45:00,-13.4243397945638,-13.598579664822608,-13.641901065683882,-13.26529340851333
2006-06-29 18:50:00,-13.397126144178213,-13.568217847627263,-13.60229908126388,-13.257130377265405
2006-06-29 18:55:00,-13.10025291545893,-13.432807538639992,-13.472007927161744,-13.274367810166243
2006-06-29 19:00:00,-13.170218698585009,-13.429916767116543,-13.445346772799647,-13.29475452289066
2006-06-29 19:05:00,-13.335096402527578,-13.47273893299918,-13.46783683261665,-13.280972405248994
2006-06-29 19:10:00,-13.15021136457034,-13.381244528336252,-13.40688988181198,-13.26230336193926
2006-06-29 19:15:00,-13.438854867941007,-13.470574583675615,-13.483941144200989,-13.231723899951083
2006-06-29 19:20:00,-13.348147949463309,-13.429880521893857,-13.467333905667942,-13.20933303961918
2006-06-29 19:25:00,-13.203677657411214,-13.354293621485184,-13.405967477137269,-13.217107860320445
2006-06-29 19:30:00,-13.292539003840949,-13.370568369707634,-13.406971680949878,-13.21244384096507
2006-06-29 19:35:00,-13.252403581039786,-13.339925552660215,-13.377345774878377,-13.190226639698125
2006-06-29 19:40:00,-13.038197046893035,-13.239522975680732,-13.27553651651072,-13.219926994227288
2006-06-29 19:45:00,-13.255378059875138,-13.315625888086272,-13.335948941606134,-13.20961860716432
2006-06-29 19:50:00,-13.21380287420024,-13.30183902929484,-13.32194386500221,-13.194364391429312
2006-06-29 19:55:00,-13.250326509345175,-13.320176062028327,-13.327457241748302,-13.225994798646123
2006-06-29 20:00:00,-13.264555046710674,-13.32321083152124,-13.35150518515527,-13.154991513185566
2006-06-29 20:05:00,-13.119100199981414,-13.262313711522289,-13.290026034752085,-13.15644609215233
2006-06-29 20:10:00,-13.21639931861526,-13.293224996175288,-13.308858852424068,-13.109531461191615
2006-06-29 20:15:00,-13.193527665223709,-13.27517454281768,-13.298407622342886,-13.069183698481666
2006-06-29 20:20:00,-13.122277637609097,-13.241371677176636,-13.255201830902962,-13.072733923464538
2006-06-29 20:25:00,-13.440108927350266,-13.381778832787482,-13.382806537907229,-13.035022731485933
2006-06-29 20:30:00,-12.83853534840206,-13.127128961289737,-13.202513867115044,-13.115664687695354
2006-06-29 20:35:00,-13.127827673781988,-13.239829907309272,-13.244938317958283,-13.080253531542954
2006-06-29 20:40:00,-12.934911417213195,-13.154121945844988,-13.211444358687096,-13.111137785860388
2006-06-29 20:45:00,-12.951440915507296,-13.148418227036952,-13.164926825237616,-13.126900663364651
2006-06-29 20:50:00,-13.14357907423468,-13.218543474688138,-13.23550178099532,-13.076963144694895
2006-06-29 20:55:00,-13.213841815229122,-13.24427519776745,-13.283025400953289,-13.007853861838086
2006-06-29 21:00:00,-13.322387461481442,-13.299009892718365,-13.321809110499556,-12.921304490837327
2006-06-29 21:05:00,-12.915360534501442,-13.124407310047625,-13.217865965370592,-12.909030752648505
2006-06-29 21:10:00,-13.120216885298897,-13.199857562714444,-13.242075544397425,-12.830120327934942
2006-06-29 21:15:00,-13.04601832508013,-13.166224944823282,-13.21229964052884,-12.803239743320518
2006-06-29 21:20:00,-12.843953788759457,-13.069810657719511,-13.12727549547468,-12.810304056474012
2006-06-29 21:25:00,-12.79918634936385,-13.033748171663085,-13.073220520020987,-12.782232286889966
2006-07-02 10:25:00,-13.815146402587969,-13.818984247686911,-13.741200406951345,-13.70846266945011
2006-07-02 10:30:00,-13.422303680332194,-13.655856866382576,-13.624541126792606,-13.807580712846566
2006-07-02 10:35:00,-14.195767235753136,-13.981546478157082,-13.859271374640205,-13.729543180060311
2006-07-02 10:40:00,-14.060671931358266,-13.927587799567188,-13.827193987731684,-13.783827379054967
2006-07-02 10:45:00,-13.742277098871073,-13.789992261406235,-13.72619495734843,-13.97989071832915
2006-07-02 10:50:00,-13.67601321415625,-13.75426324585327,-13.694525817412512,-14.27089642007046
2006-07-02 10:55:00,-13.153742769501392,-13.539764784082422,-13.518873882923298,-14.589515734435365
2006-07-02 11:00:00,-14.017012012984557,-13.88592702746615,-13.71693436158636,-14.73185106361962
2006-07-02 11:05:00,-13.7275419812167,-13.762615619542668,-13.659191715551568,-14.832977475403236
2006-07-02 11:10:00,-14.386377067507317,-14.079915390980831,-13.869569037798142,-14.912909328797182
2006-07-02 11:15:00,-14.918657336882314,-14.396525556403429,-14.16238887109701,-14.873587851555184
2006-07-02 11:20:00,-15.42204717887379,-14.786939639145553,-14.441531056954624,-14.745989750415136
2006-07-02 11:25:00,-15.065458829147502,-14.596393523818737,-14.313135908445416,-14.636676760636732
2006-07-02 11:30:00,-14.871024045908989,-14.443940985763051,-14.294991546860734,-14.652727749717718
2006-07-02 11:35:00,-14.3343004519184,-14.239536547484894,-14.087383662981685,-14.699981748709648
2006-07-02 11:40:00,-14.865967898776509,-14.520574906942546,-14.261015559291993,-14.613351691434492
2006-07-02 11:45:00,-14.68272812651692,-14.476820685943585,-14.23333833068343,-14.57448374564098
2006-07-02 11:50:00,-14.656458918946898,-14.545439230890016,-14.234349839937575,-14.577721141467553
2006-07-02 11:55:00,-14.409580485744788,-14.430066878252118,-14.257190037573318,-14.617455214377117
2006-07-02 12:00:00,-14.967329980394904,-14.721289053953544,-14.449564745608267,-14.55199057476623
2006-07-02 12:05:00,-14.617824330232182,-14.554506043812356,-14.380787350075632,-14.492260876169164
2006-07-02 12:10:00,-14.346188480227967,-14.428355785737269,-14.294221371595592,-14.520333455217804
2006-07-02 12:15:00,-14.449520104842442,-14.407512650619386,-14.322448143865856,-14.561533237232306
2006-07-02 12:20:00,-14.67588352518192,-14.472127063311612,-14.352920020067058,-14.60139578373679
2006-07-02 12:25:00,-14.647984865383286,-14.46147254340617,-14.329794699407682,-14.607594779238823
2006-07-02 12:30:00,-14.57454202709178,-14.46433145671594,-14.30673642889031,-14.67036251409663
2006-07-02 12:35:00,-14.259446369925383,-14.31420977195995,-14.229460936695316,-14.75371204264611
2006-07-02 12:40:00,-14.514624301433203,-14.398053825557737,-14.262243164233638,-14.739737561525466
2006-07-02 12:45:00,-14.69671810310266,-14.470809023676262,-14.321164712266514,-14.673000906123312
2006-07-02 12:50:00,-14.91505938239782,-14.598209499817468,-14.398714918139593,-14.572367458277713
2006-07-02 12:55:00,-14.685178607119894,-14.460156700889009,-14.373850131870814,-14.598581275341914
2006-07-02 13:00:00,-14.951148783152012,-14.603478651776086,-14.455953525053983,-14.511016633373576
2006-07-02 13:05:00,-14.759543541222268,-14.548752485112864,-14.395378926425598,-14.462870373122971
2006-07-02 13:10:00,-14.430776836520344,-14.415068366600606,-14.281787553718376,-14.494962290796414
2006-07-02 13:15:00,-14.296297765957442,-14.348302397016354,-14.237391113421143,-14.554450884582137
2006-07-02 13:20:00,-14.311258868780913,-14.339774282781612,-14.230237741376058,-14.587281843430302
2006-07-02 13:25:00,-14.842461278229514,-14.55364604549966,-14.398577444995016,-14.502881976750633
2006-07-02 13:30:00,-14.42576156734988,-14.407066346533352,-14.2794743528956,-14.510948407072046
2006-07-02 13:35:00,-14.470665632805249,-14.414689537170409,-14.288701336357514,-14.673015013934815
2006-07-02 13:40:00,-14.623328805112186,-14.461600091898696,-14.353955895331175,-14.660743993234275
2006-07-02 13:45:00,-14.653228808301678,-14.453057349482354,-14.357507808274368,-14.645238120738746
2006-07-02 13:50:00,-14.508245373515608,-14.401928096563433,-14.29316781788987,-14.65369586937267
2006-07-02 13:55:00,-14.336061846875904,-14.310069996567275,-14.253192267354542,-14.639960295945189
2006-07-02 14:00:00,-14.47416020709725,-14.34993861405622,-14.260442521911845,-14.668206100417036
2006-07-02 14:05:00,-15.443064580155074,-14.875876439239269,-14.67513689194816,-14.473331199714744
2006-07-02 14:10:00,-14.549703606011333,-14.44541045309646,-14.314435157597774,-14.467183431757755
2006-07-02 14:15:00,-14.560193226415103,-14.458806513945476,-14.288634053604437,-14.469561176185032
2006-07-02 14:20:00,-14.558991402767958,-14.428268768293364,-14.349741157133373,-14.403944299411489
2006-07-02 14:25:00,-14.253648001578698,-14.326753640047718,-14.193774908817998,-14.360714900564224
2006-07-02 14:30:00,-14.643636305944144,-14.473728415555016,-14.296127561192096,-14.298942055511889
2006-07-02 14:35:00,-14.273814713390124,-14.323384301492254,-14.236478696484411,-14.394240322215522
2006-07-02 14:40:00,-14.51281642008042,-14.398193689475876,-14.263435063375464,-14.41428717544807
2006-07-02 14:45:00,-14.57446027116774,-14.428739761049531,-14.300230587921735,-14.456940351141892
2006-07-02 14:50:00,-14.165290142126706,-14.280680649899075,-14.157813411276608,-14.575573747536296
2006-07-02 14:55:00,-13.994271319400609,-14.204046555262886,-14.070292622491648,-14.63832286470843
2006-07-02 15:00:00,-14.27299958254352,-14.226315562263876,-14.167958394341024,-14.679142892190338
2006-07-02 15:05:00,-14.845603966698537,-14.485153430116569,-14.307680306474763,-14.58143808724743
2006-07-02 15:10:00,-14.633097886389107,-14.393211550534884,-14.27064984474402,-14.518404732364846
2006-07-02 15:15:00,-14.830379094055075,-14.488213090645758,-14.36357727086861,-14.421231398747087
2006-07-02 15:20:00,-14.877090636130932,-14.550860330916793,-14.398704566946812,-14.295916161220063
2006-07-02 15:25:00,-14.370766080252306,-14.316750854778602,-14.245774183907542,-14.312948915216309
2006-07-02 15:30:00,-14.517919516159376,-14.392787391087396,-14.24449156644696,-14.27899707918044
2006-07-02 15:35:00,-14.259374847946576,-14.28098026743682,-14.203305449731138,-14.311506218033417
2006-07-02 15:40:00,-14.25489862437711,-14.264884584346442,-14.173270591584718,-14.390016131229428
2006-07-02 15:45:00,-14.24733845634062,-14.273568520515614,-14.170483445699205,-14.518452606413716
2006-07-02 15:50:00,-14.125199731338888,-14.236860688811268,-14.127797685391004,-14.58062792882619
2006-07-02 15:55:00,-14.472962315135277,-14.368876153880985,-14.227975773142274,-14.636476938519705
2006-07-02 16:00:00,-14.31420826866856,-14.273372976997155,-14.220679868661753,-14.745399882001388
2006-07-02 16:05:00,-14.454430201434528,-14.320465025251298,-14.221111478509073,-14.794201230384491
2006-07-02 16:10:00,-14.725957814458685,-14.413031175491994,-14.328987887898426,-14.805418675096467
2006-07-02 16:15:00,-15.017957133989672,-14.546269625926112,-14.449056839328764,-14.7553300467326
2006-07-02 16:20:00,-14.498251723632627,-14.353569409675687,-14.254265185932152,-14.841555371710534
2006-07-02 16:25:00,-14.808056373296354,-14.48724716810899,-14.366576558053373,-14.802237247964712
2006-07-02 16:30:00,-14.967746507747645,-14.603597758709268,-14.435183856738336,-14.776078358855132
2006-07-02 16:35:00,-14.747237019717373,-14.518140268718062,-14.371952258120196,-14.85569567743524
2006-07-02 16:40:00,-14.793264101659728,-14.558833557172042,-14.408812797461575,-14.923577725238529
2006-07-02 16:45:00,-14.717424785617476,-14.554597050760332,-14.404565726324524,-15.000451074481278
2006-07-02 16:50:00,-15.015603904775832,-14.688034398209084,-14.533158885010248,-15.04572997986277
2006-07-02 16:55:00,-14.572148440286016,-14.520030484183884,-14.38294034002137,-15.097534788804651
2006-07-02 17:00:00,-14.810791669798771,-14.623001550140431,-14.45793054472244,-14.998501883737864
2006-07-02 17:05:00,-15.22494220321381,-14.80908242748871,-14.644980378210176,-14.832402755541182
2006-07-02 17:10:00,-15.200554885188064,-14.779354262068836,-14.664368278595056,-14.674661233644311
2006-07-02 17:15:00,-15.17866545926297,-14.829242258851082,-14.655155251797568,-14.51625340674842
2006-07-02 17:20:00,-15.287276990151389,-14.873966102796386,-14.750501018950262,-14.234454150571992
2006-07-02 17:25:00,-14.882977872126308,-14.694375165652946,-14.604342176878545,-14.035239710178896
2006-07-02 17:30:00,-14.21659395030353,-14.460552875989086,-14.336773206078089,-13.99812997930341
2006-07-02 17:35:00,-14.228347318395924,-14.4419532876325,-14.29153669088806,-13.989085831389712
2006-07-02 17:40:00,-14.25410511779896,-14.431366358020696,-14.278475579097744,-13.931214750229834
2006-07-02 17:45:00,-14.228219076076606,-14.389334330765308,-14.2702620820841,-13.807533185711092
2006-07-02 17:50:00,-13.596481467547552,-14.153418014014528,-14.053434483839192,-13.747854541202376
2006-07-02 17:55:00,-13.687691403224436,-14.144947140490393,-14.005050798974272,-13.78123339194318
2006-07-02 18:00:00,-13.993935391593912,-14.181354718649098,-14.051932455983303,-13.7428995193253
2006-07-02 18:05:00,-14.174082604370431,-14.179916068789176,-14.070823092045304,-13.707550706401396
2006-07-02 18:10:00,-13.906878544111338,-14.048272437062808,-13.989198993979567,-13.656001659361907
2006-07-02 18:15:00,-13.486129796922883,-13.85151090566647,-13.851873382974697,-13.650432860956096
2006-07-02 18:20:00,-13.238409499312178,-13.691753123102648,-13.69195056567698,-13.697428120372305
2006-07-02 18:25:00,-13.88796447875981,-13.871984751472588,-13.799463665645543,-13.624485574564336
2006-07-02 18:30:00,-13.763932213705528,-13.807435211585716,-13.79555547976654,-13.556814038147142
2006-07-02 18:35:00,-13.961989726827015,-13.864579364630336,-13.888663092244125,-13.453747684837206
2006-07-02 18:40:00,-13.597584139009244,-13.707520496026357,-13.847696502229144,-13.39601638990132
2006-07-02 18:45:00,-13.45271702681497,-13.646424739197816,-13.736576011576304,-13.3635808617349
2006-07-02 18:50:00,-13.520381005217883,-13.665090833743673,-13.718985060812424,-13.36486943541354
2006-07-02 18:55:00,-13.450309355686633,-13.61786765222523,-13.692253992284478,-13.295142892439292
2006-07-02 19:00:00,-13.357902922928726,-13.551014173736428,-13.643395271992413,-13.347746455024463
2006-07-02 19:05:00,-13.343591646717895,-13.51536490490074,-13.613397602541408,-13.318341786347872
2006-07-02 19:10:00,-13.251196409144429,-13.466356275762555,-13.543437801306393,-13.295794569256715
2006-07-02 19:15:00,-13.258103845168572,-13.467690533599246,-13.505297450375505,-13.314976885392952
2006-07-02 19:20:00,-13.528112421993953,-13.555508118798622,-13.600353064290095,-13.26119871740762
2006-07-02 19:25:00,-13.03195014843268,-13.345033274251143,-13.455044968144184,-13.26891606612268
2006-07-02 19:30:00,-13.673524240620864,-13.565084995598538,-13.624867014906911,-13.1953785638378
2006-07-02 19:35:00,-13.167163692477237,-13.353231618392002,-13.49312752976144,-13.156229502554416
2006-07-03 07:00:00,-15.206430094852324,-15.00728561532775,-14.881624927965474,-15.70546848645968
2006-07-03 07:05:00,-15.83103610348347,-15.255609925752232,-15.118458590523716,-15.66305115405734
2006-07-03 07:10:00,-15.328121879760127,-15.07171703120273,-14.948398379097869,-15.677840072197789
2006-07-03 07:15:00,-15.737442106664531,-15.252597676720717,-15.099524165427088,-15.65156184487943
2006-07-03 07:20:00,-16.02787730932346,-15.35818065364793,-15.26939968366039,-15.580903680430604
2006-07-03 07:25:00,-15.838423739923543,-15.319491252616393,-15.191884136837295,-15.525799956352971
2006-07-03 07:30:00,-15.469909663965144,-15.166390275601657,-15.073332507440943,-15.553200564150426
2006-07-03 07:35:00,-15.576532571620618,-15.197953844170526,-15.117732495057048,-15.498333435009972
2006-07-03 07:40:00,-15.416855619878438,-15.09983771557584,-15.077854931936534,-15.505142651178415
2006-07-03 07:45:00,-15.57977251147877,-15.18786375236301,-15.102380047884887,-15.435240989211994
2006-07-03 07:50:00,-15.603928553906105,-15.215543278532149,-15.135328941257546,-15.317329519598031
2006-07-03 07:55:00,-15.507800701630964,-15.19924632785225,-15.11185673933446,-15.210053374014844
2006-07-03 08:00:00,-15.634313542025463,-15.200901451672287,-15.197540540317354,-15.071551900425463
2006-07-03 08:05:00,-15.24732921858889,-15.093593158780918,-15.040510736020083,-14.932869338042527
2006-07-03 08:10:00,-15.457711957629298,-15.131585379521043,-15.09373854649557,-14.75521938135876
2006-07-03 08:15:00,-15.160362886593644,-14.994862299645654,-15.017856859854405,-14.69605353267062
2006-07-03 08:20:00,-14.896458579844342,-14.88980639980722,-14.880649938649906,-14.650605796102289
2006-07-03 08:25:00,-14.864144753234225,-14.86160858502204,-14.821746883197392,-14.596537030327552
2006-07-03 08:30:00,-14.803304469213584,-14.809460794367713,-14.789038393369443,-14.5686407989227
2006-07-03 08:35:00,-14.415234364661366,-14.664817565986905,-14.622929197336548,-14.617749396938295
2006-07-03 08:40:00,-14.391811581518798,-14.608086933712244,-14.573352450274434,-14.653056161067465
2006-07-03 08:45:00,-14.80536744755142,-14.6773135022069,-14.640294893351898,-14.669467708806373
2006-07-03 08:50:00,-14.623771697883145,-14.591359579143704,-14.553463854553335,-14.662316667303475
2006-07-03 08:55:00,-14.539733314963794,-14.517012106349007,-14.504306737868244,-14.676359259087851
2006-07-03 09:00:00,-14.63592696514668,-14.525036097598113,-14.495986123455143,-14.6792358649809
2006-07-03 09:05:00,-14.709884854195847,-14.508149741055664,-14.497771297140536,-14.660392454324688
2006-07-03 09:10:00,-14.603653496128487,-14.461409520805605,-14.429940047150325,-14.643847923116692
2006-07-03 09:15:00,-14.903836387071484,-14.586274060010222,-14.515801562993552,-14.543828511984874
2006-07-03 09:20:00,-14.580864755038965,-14.452390466294334,-14.420211496060665,-14.48307310610885
2006-07-03 09:25:00,-14.623988865670054,-14.46313021125779,-14.409216261368972,-14.468900537438168
2006-07-03 09:30:00,-14.653187063056164,-14.500004214479594,-14.415929649568088,-14.409100473240285
2006-07-03 09:35:00,-14.596824505896375,-14.486370633591008,-14.397394675837832,-14.346848772061437
2006-07-03 09:40:00,-14.504385730691508,-14.425612336770005,-14.38736623092136,-14.30496770995291
2006-07-03 09:45:00,-14.303720093737278,-14.34690919281152,-14.318233056751442,-14.322475850941691
2006-07-03 09:50:00,-14.216332088507228,-14.305521961924503,-14.25870642916301,-14.345458979171678
2006-07-03 09:55:00,-14.53895322237035,-14.413498236562988,-14.343201703864644,-14.280376927219464
2006-07-03 10:00:00,-14.29438737169566,-14.307912484328591,-14.27350985604838,-14.266095601198629
2006-07-03 10:05:00,-14.223314183185485,-14.269809193482327,-14.221230691684362,-14.254962109528874
2006-07-03 10:10:00,-14.253099011126968,-14.24667030113681,-14.23702730970182,-14.245342432288528
2006-07-03 10:15:00,-14.408769460040055,-14.300858867671524,-14.239039860711792,-14.176051048807416
2006-07-03 10:20:00,-14.354230453154848,-14.268251378870325,-14.21644500960607,-14.10473317071412
2006-07-03 10:25:00,-14.148461257570462,-14.174108565056354,-14.150650269566423,-14.041456976453206
2006-07-03 10:30:00,-14.208699357751737,-14.1789369635433,-14.142100184329085,-14.04256611640429
2006-07-03 10:35:00,-14.156513406623672,-14.147159927597098,-14.10982679351456,-14.027301869090202
2006-07-03 10:40:00,-14.195380947684887,-14.161090581991845,-14.097360584545324,-14.02815995937921
2006-07-03 10:45:00,-13.993020927877792,-14.07879272140724,-14.032597649076004,-14.03683395069765
2006-07-03 10:50:00,-13.926323184595072,-14.027587899186535,-14.002952356325324,-14.043819051958687
2006-07-03 10:55:00,-13.768804178733324,-13.95249687534295,-13.92091089584054,-14.075680387860512
2006-07-03 11:00:00,-14.21535431309604,-14.115790283617496,-14.027614712807186,-14.06344139883035
2006-07-03 11:05:00,-14.064927691463543,-14.049471080670475,-13.995493449634886,-14.014748981254096
2006-07-03 11:10:00,-14.200529258143336,-14.087996160389345,-14.03976154677218,-13.95406102112446
2006-07-03 11:15:00,-14.045065107064032,-14.017602054855006,-14.005520847801526,-13.990610284496643
2006-07-03 11:20:00,-13.96823396561799,-13.984571909897706,-13.947553703004193,-13.97849722502982
2006-07-03 11:25:00,-13.959972049597022,-13.970026640600182,-13.927890681871853,-13.954992425778164
2006-07-03 11:30:00,-14.141920205458376,-14.04106184209332,-13.98150381259098,-13.930574116822232
2006-07-03 11:35:00,-13.772773128187122,-13.883806345866514,-13.869726864411671,-13.960342986747424
2006-07-03 11:40:00,-13.836401584093869,-13.901605402648649,-13.86503073759677,-13.972189009626437
2006-07-03 11:45:00,-14.264360918572738,-14.092141255120785,-14.0038903023274,-13.95284196744523
2006-07-03 11:50:00,-13.895555435360338,-13.94725851194837,-13.89886564654929,-13.954823536772423
2006-07-03 11:55:00,-13.818943398634344,-13.896891456673464,-13.879751936467576,-13.9623709268321
2006-07-03 12:00:00,-13.995410178266086,-13.961500954759224,-13.929499507286966,-13.943475652622944
2006-07-03 12:05:00,-13.951386405557177,-13.93139184951932,-13.90298361854042,-13.928138380038655
2006-07-03 12:10:00,-13.907477547911226,-13.911057462899045,-13.875526120167386,-13.988384603775328
2006-07-03 12:15:00,-14.148278607666615,-14.0182142991829,-13.968882161271722,-13.928829951896809
2006-07-03 12:20:00,-13.907445053689647,-13.918096133370565,-13.901883804307408,-13.95154442460979
2006-07-03 12:25:00,-13.864228028086895,-13.887341971577236,-13.88226596787614,-13.986462877009222
2006-07-03 12:30:00,-13.882038301735554,-13.903670953927511,-13.874152173783976,-13.995408732793596
2006-07-03 12:35:00,-13.859362625504206,-13.89445430332685,-13.85587906196998,-14.02303951763037
2006-07-03 12:40:00,-14.268955208335193,-14.051134935144352,-14.00954949714034,-13.975842412435648
2006-07-03 12:45:00,-13.790950580757707,-13.863236809781554,-13.873135866926436,-13.989486111631663
2006-07-03 12:50:00,-14.043731687601388,-13.975264917266411,-13.927417056649338,-13.949442389605274
2006-07-03 12:55:00,-14.073739002668542,-13.986062943680668,-13.974627974633243,-13.920800641308942
2006-07-03 13:00:00,-13.935713436441793,-13.930769833797388,-13.914555641465824,-13.92394818656553
2006-07-03 13:05:00,-14.025147132158695,-13.972547371166174,-13.940987441309217,-13.896252528923402
2006-07-03 13:10:00,-13.98577280844246,-13.944586787326063,-13.954848938727876,-13.901988308311267
2006-07-03 13:15:00,-13.872812631386552,-13.903183800788907,-13.88891466112037,-13.904481545990498
2006-07-03 13:20:00,-13.803469297624147,-13.874494236262604,-13.868823839147042,-13.92537827922831
2006-07-03 13:25:00,-13.90188862852835,-13.91346512860686,-13.892028974481097,-13.934464027840272
2006-07-03 13:30:00,-13.954598621252968,-13.938859940958189,-13.905887011810032,-13.898633279933454
2006-07-03 13:35:00,-13.85897312848703,-13.87816937897807,-13.894458538993506,-13.870312831262217
2006-07-03 13:40:00,-14.020187426950754,-13.959325345204965,-13.926910662341813,-13.842768919322095
2006-07-03 13:45:00,-13.887772028552485,-13.893555826536469,-13.900700191935083,-13.81274301547872
2006-07-03 13:50:00,-13.928849841598272,-13.902805173724856,-13.89683716168077,-13.789282014043517
2006-07-03 13:55:00,-13.95640294674343,-13.91717750669367,-13.904994948342251,-13.762042113877508
2006-07-03 14:00:00,-13.739614047083707,-13.81988787035936,-13.830357178494276,-13.77888707208784
2006-07-03 14:05:00,-13.689050768918277,-13.789023072101642,-13.79427661315952,-13.786954745515594
2006-07-03 14:10:00,-13.854923984219484,-13.853138045139096,-13.8412108693476,-13.765192232075126
2006-07-03 14:15:00,-13.707616692220569,-13.792339911096269,-13.787389115571711,-13.76976032987606
2006-07-03 14:20:00,-13.788083630620893,-13.81793182807634,-13.809888625213585,-13.746093435339368
2006-07-03 14:25:00,-13.792963459019036,-13.812331142547396,-13.82356144597506,-13.744723127418778
2006-07-03 14:30:00,-13.840683883074064,-13.831573561429767,-13.82161184533692,-13.722879884339738
2006-07-03 14:35:00,-13.737456737211172,-13.777388117115631,-13.790181029984238,-13.69843126382569
2006-07-03 14:40:00,-13.724348932486128,-13.765879727700856,-13.771037138615709,-13.682478436781505
2006-07-03 14:45:00,-13.735025394663968,-13.76121296194775,-13.762789912996372,-13.672587661175646
2006-07-03 14:50:00,-13.646082379038544,-13.713453322224066,-13.725572882646295,-13.68128201920147
2006-07-04 08:50:00,-14.253935534966423,-14.331918197616956,-14.150347933323337,-14.470452049790111
2006-07-04 08:55:00,-14.443726130732127,-14.380841543878224,-14.186088275886368,-14.51006955979808
2006-07-04 09:00:00,-14.22243944105339,-14.285758190024412,-14.118798486323048,-14.578539857085929
2006-07-04 09:05:00,-14.151968552020378,-14.24936292729132,-14.06788852889181,-14.57439077285042
2006-07-04 09:10:00,-14.39362599640724,-14.301937421424718,-14.152178524320874,-14.574065136807857
2006-07-04 09:15:00,-14.99267246664209,-14.55542617378064,-14.363125889080024,-14.509814231537431
2006-07-04 09:20:00,-14.618280290074452,-14.416364608510804,-14.22034316413252,-14.478034535921848
2006-07-04 09:25:00,-14.68143078604763,-14.41646446175042,-14.25028288434978,-14.424283947551627
2006-07-04 09:30:00,-14.633260935685987,-14.399510341457637,-14.244975920855246,-14.409655592495373
2006-07-04 09:35:00,-14.127074451339611,-14.206291778772268,-14.038153739030513,-14.41862700423337
2006-07-04 09:40:00,-14.391672353608554,-14.320313828828835,-14.067814325959288,-14.455580219347633
2006-07-04 09:45:00,-14.60716691938176,-14.417245710721854,-14.176486207068054,-14.340491526231189
2006-07-04 09:50:00,-14.427601885105345,-14.338162870049675,-14.134660177288383,-14.312887048993732
2006-07-04 09:55:00,-14.358926446361703,-14.32444666595356,-14.115961096445606,-14.35546818233865
2006-07-04 10:00:00,-14.545491614813054,-14.41590627809365,-14.186057803835707,-14.322343330023802
2006-07-04 10:05:00,-14.180902574854205,-14.264014409907416,-14.063317372376272,-14.338796507370423
2006-07-04 10:10:00,-14.61339147083742,-14.383308791962085,-14.213323776065904,-14.23826586152832
2006-07-04 10:15:00,-13.916635396690992,-14.12886932343999,-13.9587830607416,-14.331212517947302
2006-07-04 10:20:00,-14.261974906042822,-14.22304254999515,-14.01331802914595,-14.37397687938506
2006-07-04 10:25:00,-14.614413246431203,-14.355643720517843,-14.164031803110811,-14.311216371889705
2006-07-04 10:30:00,-14.346742616561764,-14.277261760546654,-14.05021125034319,-14.419390271527028
2006-07-04 10:35:00,-14.279621928028448,-14.239525099342773,-14.03430361869079,-14.517370583526548
2006-07-04 10:40:00,-14.01020730669028,-14.118151029288288,-13.968296068595055,-14.531919784509244
2006-07-04 10:45:00,-14.474315046110387,-14.29098686875331,-14.079832933069886,-14.54354230843184
2006-07-04 10:50:00,-14.51856153722057,-14.31838383396009,-14.10726935106436,-14.512350631025216
2006-07-04 10:55:00,-14.237849912364576,-14.19177021522358,-14.022753548435468,-14.455722453840654
2006-07-04 11:00:00,-14.99578613002351,-14.574701722892485,-14.338247146146822,-14.326686685761976
2006-07-04 17:35:00,-13.75059180354738,-14.135538502233596,-13.977842572443134,-13.895439190462689
2006-07-04 17:40:00,-14.179986145295496,-14.2810414976515,-14.063526722342637,-13.827625918240477
2006-07-04 17:45:00,-13.972736959337972,-14.18413176039703,-14.020964594820128,-13.806377270270229
2006-07-04 17:50:00,-14.167791850274728,-14.196973164542154,-14.05215140115646,-13.681159038402017
2006-07-04 17:55:00,-13.908171172340312,-14.087895613322935,-13.946109740687588,-13.575727763812631
2006-07-04 18:00:00,-13.30214200032876,-13.84566943333013,-13.707945789936836,-13.56468304583586
2006-07-04 18:05:00,-13.841807044108302,-13.97177456375408,-13.807410096070152,-13.50006535011424
2006-07-04 18:10:00,-13.773106309596084,-13.903374892252096,-13.782166037445643,-13.416058386346302
2006-07-04 18:15:00,-13.845245476248792,-13.89122427940998,-13.781633416239556,-13.297891342741371
2006-07-04 18:20:00,-13.416482256699291,-13.710788579233888,-13.691608263943785,-13.310327407490828
2006-07-04 18:25:00,-13.275583481439847,-13.615826775161768,-13.622931589006075,-13.335221537081043
2006-07-04 18:30:00,-13.235873735832287,-13.56439806370708,-13.52522355463224,-13.32836463477515
2006-07-04 18:35:00,-13.454100790277604,-13.612868326616333,-13.585590002695112,-13.271462526098992
2006-07-04 18:40:00,-13.269064588421037,-13.515748374297631,-13.528228657093845,-13.183191814183427
2006-07-07 01:25:00,-12.938108108534443,-12.970742309667262,-12.93493035812248,-12.786189470197694
2006-07-07 01:30:00,-12.805302432563854,-12.915972085002542,-12.91564649304033,-12.761459343916204
2006-07-07 01:35:00,-12.704846835653433,-12.87291712577538,-12.860113157907502,-12.767114263572974
2006-07-07 01:40:00,-12.84090066176592,-12.92734806913723,-12.899609355172624,-12.796722917327369
2006-07-07 01:45:00,-12.882933440667005,-12.942633073436276,-12.912752753130276,-12.804053428694631
2006-07-07 01:50:00,-12.8374522847747,-12.925401653700996,-12.892285188446646,-12.817815309721436
2006-07-07 01:55:00,-12.645701397036854,-12.842940281268314,-12.845374571358937,-12.888912493074947
2006-07-07 02:00:00,-12.65692161705601,-12.842298202388225,-12.82513258126406,-12.916184511639685
2006-07-07 02:05:00,-12.738776006680656,-12.874534262578376,-12.838369314415049,-12.949802385711449
2006-07-07 02:10:00,-13.018552613201724,-13.00150658976802,-12.945813416123864,-12.916290782777152
2006-07-07 02:15:00,-12.926916335413894,-12.970029576091855,-12.965923341281622,-12.953785471886198
2006-07-07 02:20:00,-12.92002391784892,-12.968717433984269,-12.992726591933389,-13.004728519038949
2006-07-07 02:25:00,-13.07228484407132,-13.045478556742887,-13.063038813483306,-12.98029786574795
2006-07-07 02:30:00,-12.820553497168834,-12.943440861282628,-13.003159663812625,-13.045422125496874
2006-07-07 02:35:00,-12.940483193292335,-12.999128006966703,-13.031722326473366,-13.070976604739457
2006-07-07 02:40:00,-12.817482908867618,-12.946925143810503,-13.013846514373313,-13.122584684875438
2006-07-07 02:45:00,-13.151884383339802,-13.1027181398813,-13.110808724953786,-13.09322135671206
2006-07-07 02:50:00,-13.225682576588266,-13.164198132207147,-13.187350358287526,-13.078938353943135
2006-07-07 02:55:00,-12.92570057741194,-13.043134549643533,-13.13875639301195,-13.169864239820994
2006-07-07 03:00:00,-13.21129925802853,-13.187424909280065,-13.217395276862886,-13.179137148210971
2006-07-07 03:05:00,-13.09380980856277,-13.139391771706531,-13.222025516591152,-13.187004797155549
2006-07-07 03:10:00,-13.127131505321318,-13.162068315221374,-13.197170412758316,-13.233721542932368
2006-07-07 03:15:00,-12.975704327631192,-13.101751696974436,-13.159902367892132,-13.334584488445218
2006-07-07 03:20:00,-13.13998476234086,-13.173370638077966,-13.194858607601985,-13.389089165358786
2006-07-07 03:25:00,-13.471255767103669,-13.353381369341976,-13.306020808327984,-13.412357131170303
2006-07-07 03:30:00,-13.26693675173257,-13.272578965686153,-13.306792829943523,-13.490121672022084
2006-07-07 03:35:00,-13.141015615501882,-13.232056792265547,-13.270319849727372,-13.569956187298551
2006-07-07 03:40:00,-13.407431886026524,-13.355922379887,-13.364965719235576,-13.650912916824774
2006-07-07 03:45:00,-13.580882159710264,-13.449034571815549,-13.437078793911075,-13.64340915112485
2006-07-07 03:50:00,-13.46701287080013,-13.425816084527364,-13.422617036347544,-13.689448866496768
2006-07-07 03:55:00,-13.61086354300095,-13.502750902487753,-13.51164529027224,-13.68666401919739
2006-07-07 04:00:00,-13.733523924569626,-13.589874588618269,-13.579036890794898,-13.698685724802845
2006-07-07 04:05:00,-13.620022721615408,-13.556876908973097,-13.566830304860336,-13.716504136461618
2006-07-07 04:10:00,-13.893172284865951,-13.72738636164842,-13.662717997662073,-13.735206685823671
2006-07-07 04:15:00,-13.535859561897032,-13.5743053032446,-13.607186596108797,-13.792725129514873
2006-07-07 04:20:00,-13.743251173872684,-13.668462369417322,-13.646904936949335,-13.835212654061332
2006-07-07 04:25:00,-13.594154444749956,-13.621980209370916,-13.6254681691506,-13.940964953636032
2006-07-07 04:30:00,-13.805654129292895,-13.74360846576278,-13.64843983565758,-14.037820109849278
2006-07-07 04:35:00,-13.726933263841682,-13.714479174050272,-13.65915188090519,-14.19684434403384
2006-07-07 04:40:00,-14.005387581038276,-13.85094589937955,-13.731934810051188,-14.296772690398782
2006-07-07 04:45:00,-13.880970126474836,-13.814874509212585,-13.714131339995063,-14.42596404913629
2006-07-07 04:50:00,-13.998176407879791,-13.878253245291944,-13.743387852412376,-14.582174584390572
2006-07-07 04:55:00,-14.228668039832025,-13.999452008442834,-13.817546676059528,-14.64474099383996
2006-07-07 05:00:00,-14.386785211119612,-14.110805427188224,-13.8790212469322,-14.69459765277862
2006-07-07 05:05:00,-14.681078900224644,-14.27352955057728,-14.025287962389369,-14.687790980641758
2006-07-07 05:10:00,-14.604957196676734,-14.28904548356134,-14.030488041095518,-14.661097035435253
2006-07-07 05:15:00,-14.656118481266036,-14.331833550747938,-14.08972285809195,-14.636816451098174
2006-07-07 05:20:00,-14.935439966318876,-14.535555321278482,-14.221235809127984,-14.649756783380518
2006-07-07 05:25:00,-14.60406643870945,-14.376787860827058,-14.140484874880288,-14.702327577104342
2006-07-07 05:30:00,-14.68592504911377,-14.453790261853722,-14.165999634641857,-14.810527437427588
2006-07-08 02:05:00,-12.895655853516743,-12.990338811490805,-13.069128920310344,-13.012857740685329
2006-07-08 02:10:00,-13.007266074904722,-13.046703450130977,-13.0967659944323,-13.03747263389991
2006-07-08 02:15:00,-13.033155325576004,-13.06751698197226,-13.110823117763973,-13.02574482176114
2006-07-08 02:20:00,-12.91218298123596,-13.016123959233347,-13.06977970794189,-13.082775534124735
2006-07-08 02:25:00,-13.009892556238087,-13.067488419435856,-13.095193223733617,-13.149268569593414
2006-07-08 02:30:00,-13.059080741968987,-13.092318283319162,-13.128427036595214,-13.16628816979
2006-07-08 02:35:00,-13.055568764188202,-13.099367794834356,-13.123563168119764,-13.14832100455727
2006-07-08 02:40:00,-13.154955347463863,-13.158124516988904,-13.173208070226485,-13.12675967197797
2006-07-08 02:45:00,-12.96278839492448,-13.080345665959472,-13.122430846489198,-13.16213148236919
2006-07-08 02:50:00,-13.254367284327005,-13.215105042547648,-13.219815973078113,-13.168948908821378
2006-07-08 02:55:00,-13.408850826869044,-13.305347682488897,-13.313203416677402,-13.145274873650584
2006-07-08 03:00:00,-13.161198314239048,-13.20828617062297,-13.25548906196445,-13.181410934256755
2006-07-08 03:05:00,-12.947765714972933,-13.119116215816604,-13.197794043047004,-13.205876828167062
2006-07-08 03:10:00,-13.025587554354216,-13.150114951555253,-13.20414883219957,-13.227624453240884
2006-07-08 03:15:00,-13.175019257271796,-13.222508579185112,-13.227938373780002,-13.252591073276475
2006-07-08 03:20:00,-13.295271785221232,-13.286424900938254,-13.292296406060906,-13.210510723875744
2006-07-08 03:25:00,-13.266806427932863,-13.283187924298709,-13.32415836603876,-13.21300011659815
2006-07-08 03:30:00,-13.378014771831792,-13.345846468164613,-13.382362127181755,-13.230023850846058
2006-07-08 03:35:00,-13.094561049525312,-13.225569049178896,-13.309247705448396,-13.28507410689628
2006-07-08 03:40:00,-13.156073391525489,-13.257170330125032,-13.296664798411106,-13.335189303044514
2006-07-08 03:45:00,-13.324818963030625,-13.330049304052883,-13.36268400813691,-13.378775524003318
2006-07-08 03:50:00,-13.04278974663575,-13.20408160915329,-13.277774424036563,-13.45278917215379
2006-07-08 03:55:00,-13.28174279872203,-13.30108296045418,-13.331635634465837,-13.520740031674968
2006-07-08 04:00:00,-13.480157271952509,-13.413991953329216,-13.4198570259976,-13.551686614766174
2006-07-08 04:05:00,-13.424862495484618,-13.404409988466137,-13.420365266655525,-13.58849169063229
2006-07-08 04:10:00,-13.45676456299437,-13.428625873454555,-13.453639702860425,-13.63170688048498
2006-07-08 04:15:00,-13.58633628878344,-13.497074893387351,-13.522812177398157,-13.67237708474329
2006-07-08 04:20:00,-13.486871626052675,-13.463947399471529,-13.491268022526956,-13.755666626184434
2006-07-08 04:25:00,-13.689447941394372,-13.564780636911026,-13.57845648255135,-13.787873256554688
2006-07-08 04:30:00,-13.665836755367453,-13.584643004489669,-13.590263849730608,-13.879665471914748
2006-07-08 04:35:00,-13.645692939840268,-13.594013771367225,-13.598420313416607,-13.97091953786675
2006-07-08 04:40:00,-13.716055808714096,-13.637835423657846,-13.64895025704432,-14.0521330628082
2006-07-08 04:45:00,-13.83035742760497,-13.729485534617409,-13.693854632697438,-14.117209217232654
2006-07-08 18:45:00,-13.479856214362798,-13.569299227279174,-13.603376172302626,-13.261720561885989
2006-07-08 18:50:00,-13.270268103270997,-13.465184069846732,-13.52829473317698,-13.23519950964402
2006-07-08 18:55:00,-13.289613454249386,-13.448077538934593,-13.492762606601325,-13.204673298862376
2006-07-08 19:00:00,-13.308302618536182,-13.43796285964002,-13.479971061969083,-13.203214759300993
2006-07-08 19:05:00,-13.154646565630536,-13.35912122496226,-13.40360474469398,-13.198510844904892
2006-07-08 19:10:00,-13.344199337807447,-13.42332083041401,-13.437041808750353,-13.167982321367266
2006-07-08 19:15:00,-13.203293277366653,-13.352422934352704,-13.40259982124086,-13.158076585121131
2006-07-08 19:20:00,-13.11114186209281,-13.297111322421552,-13.337690006416668,-13.1506321416122
2006-07-08 19:25:00,-13.106456218468985,-13.278207837928653,-13.31638588508273,-13.145037816162214
2006-07-08 19:30:00,-13.299551222165896,-13.347446346026077,-13.36193392465326,-13.077027786224654
2006-07-08 19:35:00,-13.12642316598228,-13.26919034452767,-13.300516139958964,-13.092486594135906
2006-07-08 19:40:00,-13.161028182126966,-13.269540900515963,-13.30644324457608,-13.059075567177471
2006-07-08 19:45:00,-13.14385871534261,-13.25309928694926,-13.284961524687343,-13.022063983884063
2006-07-08 19:50:00,-13.066475316677012,-13.213442778093512,-13.237836934488175,-12.97688591466348
2006-07-08 19:55:00,-13.072890294678514,-13.205621904638711,-13.222366524425247,-12.993353026364906
2006-07-08 20:00:00,-12.89149115817834,-13.122598330135745,-13.156414045001224,-13.025257061524089
2006-07-08 20:05:00,-13.219176013449792,-13.247972224936415,-13.245992540420843,-12.9965581592455
2006-07-08 20:10:00,-12.960561731281867,-13.133213880102852,-13.188623962069004,-12.982316786084288
2006-07-08 20:15:00,-12.921789417948297,-13.1085800801081,-13.148917542545991,-12.97716945854713
2006-07-08 20:20:00,-12.795407074810202,-13.048203214567778,-13.10057706518802,-13.025627854127242
2006-07-08 20:25:00,-13.17169253124534,-13.191859011781164,-13.191990687521116,-12.964951920328724
2006-07-08 20:30:00,-13.082915542590126,-13.151758598323717,-13.180937387290143,-12.943767827159885
2006-07-08 20:35:00,-13.046982686506608,-13.132350007923884,-13.17495701473714,-12.879304726527918
2006-07-08 20:40:00,-12.8751133766768,-13.052914934515323,-13.120325803501034,-12.876005522297673
2006-07-08 20:45:00,-12.890905394906463,-13.049309405754984,-13.083721078187994,-12.856549982951364
2006-07-08 20:50:00,-13.08615796866096,-13.128138363639003,-13.123248561642535,-12.831286419502137
2006-07-08 20:55:00,-12.807636639359728,-13.0105095128063,-13.049841013610786,-12.841754820369754
2006-07-08 21:00:00,-12.95581092575819,-13.062527153117625,-13.080187250755786,-12.852504972735138
2006-07-08 21:05:00,-12.660204053805373,-12.929947895957875,-12.99768114965121,-12.89721158664836
2006-07-08 21:10:00,-12.855318209114222,-13.00203832127822,-13.006513770113989,-12.9139247755865
2006-07-08 21:15:00,-12.774172043190813,-12.966667580536642,-12.986638229689405,-12.920391819507094
2006-07-08 21:20:00,-12.934576992697892,-13.025768787695023,-13.033324900465876,-12.927087363718918
2006-07-08 21:25:00,-12.870446639833142,-12.987616755516395,-13.020316184319917,-12.91657669723569
2006-07-08 21:30:00,-13.020311926678843,-13.0452072993754,-13.07287448197242,-12.862199872363869
2006-07-08 21:35:00,-12.928443852922506,-13.007330918800628,-13.04541948416843,-12.825356397521054
2006-07-08 21:40:00,-12.955597516199754,-13.021814235147229,-13.049946764420184,-12.824147115235858
2006-07-08 21:45:00,-12.81297384416318,-12.955885685595376,-13.00300869922577,-12.828894740720058
2006-07-08 21:50:00,-12.97475031578774,-13.0230928712025,-13.037401700296952,-12.795033506899866
2006-07-08 21:55:00,-12.807382351839273,-12.950486730207148,-12.99510515646788,-12.771600663268767
2006-07-08 22:00:00,-12.69405141108966,-12.900512467626696,-12.940912242647462,-12.785317040821583
2006-07-08 22:05:00,-12.70738300386562,-12.903722110381455,-12.936347366630915,-12.781267405093391
2006-07-08 22:10:00,-12.948341764669676,-13.008169466301569,-13.011145783501693,-12.760305394317928
2006-07-08 22:15:00,-12.84145971270618,-12.962320350932192,-12.99181254671914,-12.737604537955802
2006-07-08 22:20:00,-12.77158297068549,-12.928832164652238,-12.967761492139058,-12.716621538919782
2006-07-08 22:25:00,-12.66678529005268,-12.877123624178196,-12.924901971358777,-12.721887279563324
2006-07-08 22:30:00,-12.776349213855362,-12.908797048656307,-12.922690479727992,-12.69977166610298
2006-07-08 22:35:00,-12.683085305134258,-12.860605458388417,-12.87662738108744,-12.711098908905305
2006-07-08 22:40:00,-12.822569815654688,-12.912009061985954,-12.915229130621276,-12.715153227964365
2006-07-08 22:45:00,-12.70525492144683,-12.856732921949709,-12.889644180468208,-12.71435850718932
2006-07-08 22:50:00,-12.645684860831569,-12.820154835856073,-12.851652162711405,-12.727229514611045
2006-07-08 22:55:00,-12.69837956045724,-12.83837386021547,-12.858873224578948,-12.745141578432449
2006-07-08 23:00:00,-12.643655475274404,-12.814252624765698,-12.831365162373762,-12.756129193018502
2006-07-08 23:05:00,-12.751048646310387,-12.853467888689128,-12.85977337128154,-12.735203434693087
2006-07-08 23:10:00,-12.846895730009054,-12.888717527745486,-12.91169041835652,-12.703596559768418
2006-07-08 23:15:00,-12.70048677025327,-12.82382338721698,-12.86455725062401,-12.710007577175295
2006-07-08 23:20:00,-12.722910789724097,-12.83295316492099,-12.8666779076305,-12.70508186948032
2006-07-08 23:25:00,-12.80585211684238,-12.870810031617149,-12.902195408784891,-12.694926962686347
2006-07-08 23:30:00,-12.709580931515124,-12.830582069667171,-12.857944117797675,-12.725113516342272
2006-07-08 23:35:00,-12.625494501090206,-12.79205051423155,-12.82728481522381,-12.737985911417583
2006-07-08 23:40:00,-12.657254480461026,-12.79864314080208,-12.8347014448516,-12.769730048409912
2006-07-08 23:45:00,-12.738952527781146,-12.834930918200811,-12.8579075978591,-12.77972502812758
2006-07-08 23:50:00,-12.69335660137313,-12.816938601746756,-12.845813101385696,-12.79935084413322
2006-07-08 23:55:00,-12.744922676078552,-12.841572459560409,-12.869392071791628,-12.825020932265558
2006-07-09 00:00:00,-12.890700253450673,-12.911978649244762,-12.937661851808604,-12.821783478620087
2006-07-09 00:05:00,-12.702728640266477,-12.83019329538624,-12.878182909490285,-12.83204315326014
2006-07-09 00:10:00,-12.8477193602339,-12.893370734966634,-12.921932400238685,-12.839815111925876
2006-07-09 00:15:00,-12.798922348268263,-12.876971791747838,-12.920829649290868,-12.8221165154818
2006-07-09 00:20:00,-12.811111497406968,-12.883895258061898,-12.914337009000729,-12.83927386920669
2006-07-09 00:25:00,-12.898943493967067,-12.928744048649245,-12.960232453209883,-12.81729193304223
2006-07-09 00:30:00,-12.871275415940053,-12.927433062919643,-12.966897632763969,-12.797233342573062
2006-07-09 00:35:00,-12.76428680374459,-12.886889698872336,-12.92844853424727,-12.766950809543795
2006-07-09 00:40:00,-12.894350938771604,-12.949100175175769,-12.981245549014195,-12.784267049604797
2006-07-09 00:45:00,-12.692730711784929,-12.865662588442191,-12.91369814268671,-12.831350829756294
2006-07-09 00:50:00,-12.9140556775752,-12.965449336322006,-12.978425663120056,-12.807767772624029
2006-07-09 00:55:00,-12.7670522238937,-12.90199586931491,-12.954863789628044,-12.854449364509888
2006-07-09 01:00:00,-12.750923410573847,-12.893349920162777,-12.928730865938018,-12.88984696213033
2006-07-09 01:05:00,-12.582591605568998,-12.82066919278694,-12.873739747218073,-12.943306490159951
2006-07-09 01:10:00,-12.99824863932264,-12.998310447726316,-13.005113422373707,-12.921088999798506
2006-07-09 01:15:00,-12.975233450512825,-12.996836990888834,-13.031584010113644,-12.902324396302454
2006-07-09 01:20:00,-12.7725574504194,-12.909838482675958,-12.983972157867768,-12.93862749570958
2006-07-09 01:25:00,-13.047141861937217,-13.031340534864716,-13.080169746772487,-12.96656888367502
2006-07-09 01:30:00,-12.963308591564209,-13.004413752949509,-13.076024384827424,-12.94089630933
2006-07-09 01:35:00,-12.90334900502232,-12.981489860182164,-13.041082363469457,-12.948056197124536
2006-07-09 01:40:00,-12.864943668244528,-12.970408578978754,-13.035026624928564,-12.957922992341787
2006-07-09 01:45:00,-12.862645771717608,-12.970029633910755,-13.024346869005628,-12.986028007793104
2006-07-09 01:50:00,-12.990376278137749,-13.031212957462742,-13.057299571384616,-12.96319890911166
2006-07-09 01:55:00,-13.21478992954481,-13.152243872348084,-13.168725451300888,-12.935316322967116
2006-07-09 02:00:00,-12.809273261131889,-12.98590641464724,-13.079453275588994,-12.9946208791954
2006-07-09 02:05:00,-12.94630815833284,-13.043203672138008,-13.110362344303285,-12.984724711977153
2006-07-09 02:10:00,-12.924144497366926,-13.031532377973598,-13.108754594714386,-13.046569454831149
2006-07-09 02:15:00,-13.03127586442551,-13.085253623252273,-13.114594382949695,-13.031008336377049
2006-07-09 02:20:00,-12.853401628230182,-13.007276366668853,-13.089119719521966,-13.099735233941333
2006-07-09 02:25:00,-13.047494643953144,-13.087988688479092,-13.149366423765532,-13.116338480241875
2006-07-09 02:30:00,-13.165100425044905,-13.150683773889543,-13.210059363277685,-13.125032737084627
2006-07-09 02:35:00,-12.886931039385551,-13.035406851345444,-13.148708977642002,-13.15061155808394
2006-07-09 02:40:00,-13.295213272494834,-13.230287418299898,-13.277238095591487,-13.15733711030466
2006-07-09 02:45:00,-12.937908980244211,-13.077285687426333,-13.216913713787482,-13.225420946067564
2006-07-09 02:50:00,-13.26576311479898,-13.215724254052946,-13.293555137271856,-13.224765048470466
2006-07-09 02:55:00,-13.14711386157136,-13.180207462770973,-13.287926661658842,-13.25725497699405
2006-07-09 03:00:00,-13.21726602392031,-13.221950540075593,-13.305184004528408,-13.279196309836266
2006-07-09 03:05:00,-13.04040405210978,-13.15263600012519,-13.255549366385315,-13.347634069538362
2006-07-09 03:10:00,-13.335566831549473,-13.29174279422924,-13.346729011054618,-13.362639736278702
2006-07-09 03:15:00,-13.346411662362955,-13.31986965076988,-13.366670540333184,-13.354005538817912
2006-07-09 03:20:00,-13.26182787376365,-13.290316821163056,-13.363819295558663,-13.385860702552204
2006-07-09 03:25:00,-13.342053432712856,-13.331874270890502,-13.40108627186773,-13.40150640282906
2006-07-09 03:30:00,-13.348913948699971,-13.356583495639786,-13.402700730832288,-13.460883942770211
2006-07-09 03:35:00,-13.45103065007286,-13.403308726340123,-13.44936259945302,-13.460724134945387
2006-07-09 03:40:00,-13.425600803082054,-13.416931711915357,-13.449502769432236,-13.492217262929556
2006-07-09 12:25:00,-14.09871121668267,-13.91291761253707,-13.889652677904568,-13.759360126400525
2006-07-09 12:30:00,-13.997564799559791,-13.880372943970288,-13.876162980210893,-13.730406358412484
2006-07-09 12:35:00,-13.85189386914799,-13.820467967379075,-13.810624083275972,-13.722805413597053
2006-07-09 12:40:00,-13.802784201482751,-13.805434562021652,-13.792657320246086,-13.71544158408889
2006-07-09 12:45:00,-13.762913502513424,-13.792501457101755,-13.774942998383972,-13.737037983830795
2006-07-09 12:50:00,-13.401076447036887,-13.647272031807326,-13.640570123272727,-13.788466796468562
2006-07-09 12:55:00,-13.739927945889654,-13.776219654973556,-13.756180909016596,-13.79215746355857
2006-07-09 13:00:00,-13.823842191631556,-13.82911940932667,-13.797104814899548,-13.768090115323227
2006-07-09 13:05:00,-13.806288258074291,-13.819407973492654,-13.800994391892653,-13.762861263137632
2006-07-09 13:10:00,-13.758601282252684,-13.78971527996769,-13.804393333978476,-13.758377118378922
2006-07-09 13:15:00,-13.892491756417623,-13.842830640997423,-13.842749969593363,-13.71724859815818
2006-07-09 13:20:00,-13.709649330090835,-13.75309255768356,-13.762671572112607,-13.693035705297811
2006-07-09 13:25:00,-13.762071890610802,-13.76235497194326,-13.763041685407307,-13.672077366022474
2006-07-09 13:30:00,-13.679438044400609,-13.723993432981915,-13.729571539694792,-13.671708293531584
2006-07-09 13:35:00,-13.774915376236311,-13.760843528088737,-13.754791348614862,-13.646628001539373
2006-07-09 13:40:00,-13.731696413700424,-13.742677234565775,-13.74940753623684,-13.637457475965869
2006-07-09 13:45:00,-13.645720664002628,-13.721532516067564,-13.714074437511153,-13.635251554853488
2006-07-09 13:50:00,-13.56437166937941,-13.678615715101005,-13.688350560394294,-13.665688522163594
2006-07-09 13:55:00,-13.63632198505129,-13.69827836174569,-13.704160015635386,-13.676413985858847
2006-07-09 14:00:00,-13.677223638364712,-13.708639739830144,-13.707556413537592,-13.68003388261574
2006-07-09 14:05:00,-13.624433624283045,-13.68247842232678,-13.685162000486471,-13.713047751552802
2006-07-09 14:10:00,-13.676673274714116,-13.692437987968445,-13.705493327771851,-13.72850336496985
2006-07-10 16:30:00,-14.52204628229964,-14.261698531702718,-14.231139109286788,-14.765094386859754
2006-07-10 16:35:00,-14.149469619179538,-14.0873619448796,-14.12622982860125,-14.931139396566406
2006-07-10 16:40:00,-14.151055071225551,-14.103150551794188,-14.102393881111608,-15.053668977329458
2006-07-10 16:45:00,-14.824929200216298,-14.450782175782976,-14.387259171674671,-15.035058692476444
2006-07-10 16:50:00,-15.18443960149072,-14.687897251779226,-14.56633445787426,-14.923623980358212
2006-07-10 16:55:00,-15.37787909019147,-14.822259239070432,-14.708574152270128,-14.76758360612546
2006-07-10 17:00:00,-14.90279402794944,-14.57529055056604,-14.576624706554224,-14.640068648563044
2006-07-10 17:05:00,-15.145739677419456,-14.733198128342568,-14.679845521608277,-14.46286077518564
2006-07-10 17:10:00,-14.886232151071562,-14.618521279247997,-14.612795379603671,-14.32355099337981
2006-07-10 17:15:00,-14.713268184925017,-14.563898261501668,-14.54762322310288,-14.215135410742144
2006-07-10 17:20:00,-14.51583086623012,-14.50613752771168,-14.492021384008838,-14.14353618588338
2006-07-10 17:25:00,-14.441637018251672,-14.469229064425711,-14.496260488216617,-14.02892449868866
2006-07-10 17:30:00,-14.137703935661529,-14.370942659171694,-14.36876816143735,-13.978278264857025
2006-07-10 17:35:00,-14.082492726249534,-14.349569613838952,-14.339118390923502,-13.92383757901059
2006-07-10 17:40:00,-14.050373113323184,-14.309790326549896,-14.337482437241912,-13.842622435139951
2006-07-10 17:45:00,-14.062774804736828,-14.265869644938975,-14.305946016461752,-13.76008294937391
2006-07-10 17:50:00,-14.086235632715333,-14.212087140536177,-14.27275369560043,-13.69451161943853
2006-07-10 17:55:00,-13.753966923992804,-14.064463116605234,-14.098104765522978,-13.675554594644598
2006-07-10 18:00:00,-13.83382661940005,-14.02895653035904,-14.062404839134006,-13.637194385517947
2006-07-10 18:05:00,-13.755848495533137,-13.950807696191047,-13.985537288609574,-13.578999879888416
2006-07-10 18:10:00,-13.56308217782574,-13.837955727205744,-13.867486180091134,-13.58334641566607
2006-07-10 18:15:00,-13.56753789736793,-13.7924079061222,-13.83200156432729,-13.523946848531011
2006-07-10 18:20:00,-13.69280766755778,-13.796464537937243,-13.851735328302434,-13.4717583994458
2006-07-10 18:25:00,-13.64022470295559,-13.75459978075841,-13.798045552234507,-13.414537113278849
2006-07-10 18:30:00,-13.6036653935496,-13.7201257677855,-13.773215366862946,-13.360763628624383
2006-07-10 18:35:00,-13.406681418391765,-13.623192035687696,-13.690617311693282,-13.336220850032332
2006-07-10 18:40:00,-13.58916142862848,-13.66506039209303,-13.71362811501342,-13.261638964963922
2006-07-10 18:45:00,-13.21114048733022,-13.49608211397172,-13.570184978151191,-13.241481807725656
2006-07-10 18:50:00,-13.37967698569439,-13.531622509819456,-13.566479352902835,-13.204957276387775
2006-07-10 18:55:00,-13.296896958851274,-13.47890151704919,-13.538932124808111,-13.18287699027509
2006-07-10 19:00:00,-13.281024543441712,-13.450361848020108,-13.496552785974982,-13.146865587216464
2006-07-10 19:05:00,-13.259424631201652,-13.426331070238763,-13.466088048026103,-13.146106598521374
2006-07-10 19:10:00,-13.141670125445389,-13.365083220794824,-13.414842418277274,-13.138663109024286
2006-07-10 19:15:00,-13.090197688447873,-13.322743018804552,-13.364322404234771,-13.123803651826318
2006-07-10 19:20:00,-13.16052960975569,-13.324225235205324,-13.362306218676776,-13.095123974331846
2006-07-10 19:25:00,-13.164415444541309,-13.303687094782848,-13.33896653237476,-13.10392268101673
2006-07-10 19:30:00,-13.064955980542695,-13.246971524331537,-13.281689908088005,-13.103888943688812
2006-07-10 19:35:00,-13.25487078575947,-13.304996981953355,-13.343136740090134,-13.080692839542138
2006-07-10 19:40:00,-13.0970092751912,-13.231956303018038,-13.269972227015865,-13.094176322567352
2006-07-10 19:45:00,-13.001040829622267,-13.181632843193434,-13.218635791719125,-13.090282884596435
2006-07-10 19:50:00,-12.988451660426662,-13.160828764742234,-13.192967886641885,-13.103815831690264
2006-07-10 19:55:00,-13.217207424465562,-13.247326098733351,-13.254863018335872,-13.062168675940084
2006-07-10 20:00:00,-13.064753672212984,-13.176792129280871,-13.206351426456784,-13.029081955189524
2006-07-10 20:05:00,-13.11569434879085,-13.193954917982325,-13.21824267900451,-12.992480828264396
2006-07-10 20:10:00,-13.177910115523597,-13.22336779694266,-13.245379086866633,-12.947047083869766
2006-07-10 20:15:00,-12.977680288525123,-13.135738426716218,-13.170940897319923,-12.941522256737102
2006-07-10 20:20:00,-13.069649198442368,-13.167874980580152,-13.18326852824198,-12.91546420378843
2006-07-10 20:25:00,-12.96732451887393,-13.121663340710263,-13.149976068313414,-12.915088380941013
2006-07-10 20:30:00,-12.866233318800171,-13.070386736325704,-13.098975421639803,-12.965029860205387
2006-07-10 20:35:00,-12.89608741378338,-13.068569372673384,-13.093361876750086,-13.002261935872433
2006-07-10 20:40:00,-12.90530767806527,-13.066352624972057,-13.086609060973972,-12.986411867467568
2006-07-10 20:45:00,-12.94453132572914,-13.079986986415785,-13.088250626397716,-12.969348700730132
2006-07-10 20:50:00,-12.913300909659783,-13.05822120620749,-13.088564738576414,-12.984552411656336
2006-07-10 20:55:00,-12.965069523970516,-13.069648591343924,-13.091519189976712,-12.988939594120412
2006-07-10 21:00:00,-13.165882599118731,-13.15547722085168,-13.169642375077173,-12.947902514489392
2006-07-10 21:05:00,-13.11947969432896,-13.133766888968106,-13.182139579471984,-12.902018939055852
2006-07-10 21:10:00,-12.810207209817175,-12.99942403973267,-13.080983129544576,-12.94258288663142
2006-07-10 21:15:00,-12.842152383123423,-13.00412659538463,-13.067329295661995,-12.939384923294378
2006-07-10 21:20:00,-13.004522886122508,-13.068630689616413,-13.093236150464731,-12.924300839671451
2006-07-11 16:30:00,-14.377735801686049,-14.120368094993562,-14.0881968131427,-14.997342036611826
2006-07-11 16:35:00,-14.413404107394433,-14.155556041284044,-14.1408899670652,-15.196165736881404
2006-07-11 16:40:00,-14.637915241466228,-14.300158218246136,-14.262001190564185,-15.265839129832193
2006-07-11 16:45:00,-14.828635507318648,-14.437198087872453,-14.376994277601744,-15.337667317533384
2006-07-11 16:50:00,-14.925569123778654,-14.50421343037069,-14.46367737575741,-15.27800572960005
2006-07-11 16:55:00,-15.041759556027031,-14.611698186543649,-14.542924595718937,-15.172527520518916
2006-07-11 17:00:00,-16.136768105496962,-15.494451474090626,-15.11998603113941,-14.902548181988328
2006-07-11 17:05:00,-15.606346771563098,-15.029940563483589,-14.933867049016,-14.67268082069511
2006-07-11 17:10:00,-15.05595513661976,-14.759706243605752,-14.715908612036118,-14.54717148512212
2006-07-11 17:15:00,-15.2596047491636,-14.88879109993019,-14.815723884665127,-14.36818492893623
2006-07-11 17:20:00,-14.567599827454249,-14.626357590348988,-14.57160926288785,-14.27627774069431
2006-07-11 17:25:00,-14.408890821910322,-14.571391243976816,-14.501266743745576,-14.193046509613415
2006-07-11 17:30:00,-14.51689126484884,-14.61014829312089,-14.581334615575246,-14.10051429906679
2006-07-11 17:35:00,-14.227143239811692,-14.5011830262047,-14.503162407690994,-14.0066949241772
2006-07-11 17:40:00,-14.302899412276313,-14.502452266688785,-14.508091320037938,-13.904244286135976
2006-07-11 17:45:00,-14.185685296410464,-14.437893128864578,-14.472446115404065,-13.805997602465986
2006-07-11 17:50:00,-14.016155888538137,-14.347774915195275,-14.34640249039203,-13.715404767904566
2006-07-11 17:55:00,-13.909503840157262,-14.232386777997789,-14.285547246503182,-13.689493329230563
2006-07-11 18:00:00,-13.961698348482468,-14.15500317696604,-14.186426085318203,-13.611842706065724
2006-07-11 18:05:00,-13.664226499013507,-14.003683368972478,-14.005055102279137,-13.572254213917995
2006-07-11 18:10:00,-13.688195656302598,-13.938829701673695,-13.969577959146037,-13.519669474998324
2006-07-11 18:15:00,-13.596205403984037,-13.855133144088798,-13.878764357077642,-13.478243798156756
2006-07-11 18:20:00,-13.472598930857734,-13.772487329366385,-13.791879497891896,-13.46319507440462
2006-07-11 18:25:00,-13.754035179203786,-13.827436994986025,-13.85682788253975,-13.412163054806424
2006-07-11 18:30:00,-13.495794525475356,-13.707795352620344,-13.76063718473809,-13.407476204213069
2006-07-11 18:35:00,-13.426695618400762,-13.646150908889298,-13.699135398369792,-13.409110889052094
2006-07-11 18:40:00,-13.37268718664776,-13.588447256807944,-13.651457455502593,-13.39612578325937
2006-07-11 18:45:00,-13.347651342934618,-13.546044523677754,-13.58323727979709,-13.38613192378288
2006-07-11 18:50:00,-13.382306596475695,-13.532111260205165,-13.552288507280153,-13.385232297841869
2006-07-11 18:55:00,-13.447843054387253,-13.53118593376328,-13.567797356323014,-13.345815679600571
2006-07-11 19:00:00,-13.46767343998363,-13.527062871646272,-13.549743276911324,-13.301086039310585
2006-07-11 19:05:00,-13.436503691298102,-13.503454804226244,-13.533620618128545,-13.268722011440886
2006-07-11 19:10:00,-13.294776537436684,-13.435401684753757,-13.469644874878227,-13.261907880665976
2006-07-11 19:15:00,-13.28768818607568,-13.42361232439636,-13.43869149375439,-13.220844609073437
2006-07-11 19:20:00,-13.376908840829635,-13.4421344498822,-13.46195598852682,-13.172630006883502
2006-07-11 19:25:00,-13.211343344939475,-13.362235206347629,-13.38699970142794,-13.148423806560764
2006-07-11 19:30:00,-13.199295678648102,-13.347181564375344,-13.37074848868144,-13.14587884987584
2006-07-11 19:35:00,-13.24231941566948,-13.357905756054809,-13.380758484632128,-13.130079517555377
2006-07-11 19:40:00,-13.25389181060612,-13.358368769802828,-13.370899729493944,-13.115235295637452
2006-07-11 19:45:00,-13.04130851315627,-13.263751841012114,-13.29541276930672,-13.12710603609604
2006-07-11 19:50:00,-13.087621278281564,-13.267125833988995,-13.297237297878148,-13.124381146995551
2006-07-11 19:55:00,-13.066106085184147,-13.241311531066325,-13.27126044168041,-13.11647059642747
2006-07-11 20:00:00,-13.184026111995252,-13.272949064462512,-13.292172613355104,-13.11134142402479
2006-07-11 20:05:00,-13.147523450656148,-13.249414257201964,-13.27982031112104,-13.083083969044669
2006-07-11 20:10:00,-13.164826421279685,-13.250403133841871,-13.282320720243597,-13.039442408171585
2006-07-11 20:15:00,-13.11253292699836,-13.218488084182315,-13.258213897158589,-13.040648683874
2006-07-11 20:20:00,-13.071271885859726,-13.192339400108516,-13.221247199938428,-13.015833679447892
2006-07-11 20:25:00,-13.018642955232352,-13.1637466533296,-13.184955801741712,-12.992589932527949
2006-07-11 20:30:00,-13.15325075957522,-13.213668763262609,-13.226145523929176,-12.965557688939864
2006-07-11 20:35:00,-12.977978865322672,-13.13224009419574,-13.164447413814642,-12.983062302975767
2006-07-11 20:40:00,-12.902977171678971,-13.093039198268862,-13.12007853792965,-13.047013735255696
2006-07-11 20:45:00,-13.119770234299462,-13.182485007045234,-13.195067870339194,-13.027630411714991
2006-07-11 20:50:00,-12.922382119488129,-13.097337946725997,-13.12459895615473,-13.042450927884076
2006-07-11 20:55:00,-12.879180358074873,-13.07053871330331,-13.092107230771118,-13.050587752715757
2006-07-11 21:00:00,-12.99105726913727,-13.105626950901428,-13.1302345118673,-13.041702635685414
2006-07-11 21:05:00,-13.08300675190425,-13.138470861183103,-13.153576887734856,-13.010169335310488
2006-07-11 21:10:00,-13.28668564972074,-13.23299299588792,-13.239500365352852,-12.94183424751936
2006-07-11 21:15:00,-13.003470466511937,-13.111801344461682,-13.168863157056538,-12.936455470927092
2006-07-11 21:20:00,-13.01130492740814,-13.113918007647795,-13.152439216049595,-12.92819245634703
2006-07-11 21:25:00,-12.928001480521642,-13.073054876176236,-13.115551897358351,-12.918011646686038
2006-07-11 21:30:00,-12.937746393498529,-13.071543201046111,-13.082033426695268,-12.917904219170577
2006-07-11 21:35:00,-12.893807036383038,-13.052543014443629,-13.058540318851929,-12.901062845732016
2006-07-11 21:40:00,-12.876675180792876,-13.039236081428353,-13.058630193955542,-12.908730152189468
2006-07-11 21:45:00,-12.971197691320535,-13.075042487578436,-13.08236771788461,-12.89474751860398
2006-07-11 21:50:00,-12.961726839927769,-13.0741740477064,-13.08587866220244,-12.890989637043184
2006-07-11 21:55:00,-12.86691662255568,-13.032524579200237,-13.047671682737118,-12.88497415872849
2006-07-11 22:00:00,-12.937101886224657,-13.055331273058083,-13.064625453617264,-12.888757827518509
2006-07-11 22:05:00,-12.792759142665084,-12.982015144885056,-13.007341778307335,-12.893362235588391
2006-07-11 22:10:00,-12.92267884608089,-13.017225842912534,-13.021242063622545,-12.883784823963657
2006-07-11 22:15:00,-12.887301947626506,-12.997048636970831,-13.018555609255571,-12.870607549830735
2006-07-11 22:20:00,-12.93917914583069,-13.016616778624115,-13.029264790479337,-12.85113865431862
2006-07-11 22:25:00,-12.830823694848611,-12.968372544248137,-12.997275185174772,-12.841657684618422
2006-07-11 22:30:00,-12.95980401460257,-13.023442241903348,-13.039640087583136,-12.83890220932004
2006-07-11 22:35:00,-12.820385417627689,-12.964044163604957,-12.99078330087062,-12.821161809811557
2006-07-11 22:40:00,-12.865214665426969,-12.979128189408982,-12.997352179440178,-12.828340777842962
2006-07-11 22:45:00,-12.808238245010095,-12.949178693241429,-12.976784533842071,-12.863756068046683
2006-07-11 22:50:00,-12.822365888395789,-12.950496212506682,-12.969772531177048,-12.867862828847684
2006-07-11 22:55:00,-12.773938107923016,-12.925840846062378,-12.94921099161963,-12.867479316086618
2006-07-12 12:35:00,-14.27908149477386,-14.213402462683243,-14.189976951511564,-14.346605643588603
2006-07-12 12:40:00,-14.372790666840803,-14.251179539297947,-14.225925597291129,-14.362601646896069
2006-07-12 12:45:00,-14.270643462384696,-14.208738790241268,-14.187209577567316,-14.356394730204787
2006-07-12 12:50:00,-14.324853248455566,-14.237533932078245,-14.204105282908182,-14.333749090891784
2006-07-12 12:55:00,-14.221322206456362,-14.17735411334777,-14.175481152771209,-14.359732673097769
2006-07-12 13:00:00,-14.341143954694306,-14.232625627872048,-14.201403679745034,-14.336801755334122
2006-07-12 13:05:00,-14.548880380518783,-14.32601789455027,-14.288886611077745,-14.310265308810134
2006-07-12 13:10:00,-14.468767091417885,-14.308796361846822,-14.2712611466458,-14.317446763054225
2006-07-12 13:15:00,-14.233401673142518,-14.200077750356336,-14.198910147187346,-14.352808339500214
2006-07-12 13:20:00,-14.188979412577543,-14.18300770316985,-14.176463527488366,-14.362612748124793
2006-07-12 13:25:00,-14.377223237141068,-14.258117922888104,-14.232316877305886,-14.34626867504172
2006-07-12 13:30:00,-14.203559141939232,-14.188027193119982,-14.170188436704938,-14.349109491035913
2006-07-12 13:35:00,-14.389661296642563,-14.258666508607538,-14.24614868773626,-14.321815674746023
2006-07-12 13:40:00,-14.511855932520216,-14.323289825410304,-14.310044216511615,-14.269021237518537
2006-07-12 13:45:00,-14.44557078490506,-14.29756943483531,-14.291342693252563,-14.229035074206704
2006-07-12 13:50:00,-14.247805922143913,-14.223234450922932,-14.22102093464862,-14.224868413025712
2006-07-12 13:55:00,-14.279158625185929,-14.22961488213192,-14.231145215327471,-14.215991708645264
2006-07-12 14:00:00,-14.22060461609339,-14.1892476922717,-14.20044828791243,-14.24926712137468
2006-07-12 14:05:00,-14.22589845672214,-14.1826217041961,-14.190188918352504,-14.22643137351978
2006-07-12 14:10:00,-14.195088962241892,-14.17489432390196,-14.179675014125142,-14.198927674624334
2006-07-12 14:15:00,-14.20565351593955,-14.180736403336743,-14.184415744113434,-14.166711851049044
2006-07-12 14:20:00,-14.222806244152473,-14.176306319249164,-14.193853415055385,-14.169434253936853
2006-07-12 14:25:00,-14.225898572359938,-14.18282690347079,-14.186662360016353,-14.143132263050752
2006-07-12 14:30:00,-14.420257150288776,-14.25596006373602,-14.258964801913162,-14.098287808880878
2006-07-12 14:35:00,-14.08888379613605,-14.10937868802162,-14.144335285983852,-14.10558952643614
2006-07-12 14:40:00,-14.030066595412515,-14.07159253383968,-14.097686763423471,-14.142102566267724
2006-07-12 14:45:00,-14.012358979220108,-14.057695645682305,-14.077078585345769,-14.147638147715714
2006-07-12 14:50:00,-14.239140198928116,-14.14191355628492,-14.13915864284338,-14.13513741252705
2006-07-12 14:55:00,-14.068086569224452,-14.070849387523085,-14.08399638052593,-14.124034449236287
2006-07-12 15:00:00,-14.15119059872622,-14.099480034590693,-14.11932802543241,-14.086519928244682
2006-07-12 15:05:00,-14.132694332743226,-14.090443865685138,-14.114667778875631,-14.08582841420543
2006-07-12 15:10:00,-14.24914471876422,-14.138389956905316,-14.144659778431716,-14.102469213881266
2006-07-12 15:15:00,-14.045572467908046,-14.05112209934864,-14.069114214792098,-14.1314309897869
2006-07-12 15:20:00,-14.164135498701636,-14.094010887058344,-14.104356769657336,-14.13133477913796
2006-07-12 15:25:00,-14.00146930984998,-14.01126920860039,-14.050515214863797,-14.14429621531866
2006-07-12 15:30:00,-13.926103270410431,-13.980369054085566,-13.99584789075849,-14.184815700160437
2006-07-12 15:35:00,-14.128544959413215,-14.065023381742389,-14.066793221498353,-14.218266477612344
2006-07-12 15:40:00,-14.348989690275934,-14.173463017042288,-14.158817884045773,-14.18481772382192
2006-07-12 15:45:00,-14.219343065522953,-14.108836809294544,-14.132103781588018,-14.198512014555089
2006-07-12 15:50:00,-14.1635582926269,-14.095164547562124,-14.11754494524668,-14.24705774558305
2006-07-12 15:55:00,-14.079238042571983,-14.056655368040646,-14.08608993834233,-14.28028996759446
2006-07-12 16:00:00,-14.16922026618942,-14.094192843135396,-14.095678050496218,-14.336652813848746
2006-07-12 16:05:00,-14.329249797581378,-14.159550922514317,-14.162575367025378,-14.38007885477356
2006-07-12 16:10:00,-14.14829687843889,-14.095685206753048,-14.104004073116782,-14.466787950484472
2006-07-12 16:15:00,-14.301508636465265,-14.160580503659546,-14.171792580822196,-14.61633040550424
2006-07-12 16:20:00,-14.454832967889162,-14.25226283420091,-14.244883748717278,-14.681634308574232
2006-07-12 16:25:00,-14.278631143364851,-14.190981334157398,-14.182293226218354,-14.962813746146914
2006-07-12 16:30:00,-14.507397748447426,-14.297484036320595,-14.284443448805533,-15.012082386876612
2006-07-12 16:35:00,-14.589805638397973,-14.331819905487633,-14.349391833453389,-15.07179566490619
2006-07-12 16:40:00,-14.668551163609866,-14.390801196248235,-14.38000007789657,-15.082579583508943
2006-07-12 16:45:00,-15.198764002591764,-14.706872605164332,-14.625205878220743,-14.982306925596864
2006-07-12 16:50:00,-14.846656270671309,-14.54189944221852,-14.525402585062034,-14.916378925324558
2006-07-12 16:55:00,-15.96570742188755,-15.290426501250565,-15.078733736573112,-14.663665466593416
2006-07-12 17:00:00,-14.803009824101208,-14.584577422220272,-14.593767910077544,-14.579784466718785
2006-07-12 17:05:00,-14.948084265835254,-14.68423985946594,-14.61389400170493,-14.467824643354357
2006-07-12 17:10:00,-14.733255715966571,-14.607468155848691,-14.59319510530847,-14.338777947503653
2006-07-12 17:15:00,-14.597127708205896,-14.55919770060174,-14.53689787540949,-14.22489651301092
2006-07-12 17:20:00,-14.451088095580776,-14.51999151424555,-14.481566562994203,-14.143853322547702
2006-07-12 17:25:00,-14.44942718987078,-14.512967443046184,-14.530074462172498,-14.054063288952545
2006-07-12 17:30:00,-14.29972365139672,-14.4521041471035,-14.460553525342664,-13.984409496608722
2006-07-12 17:35:00,-14.276325383467585,-14.428195685204267,-14.441186967023798,-13.893502141688186
2006-07-12 17:40:00,-13.95897600341356,-14.285359181798253,-14.327968818784386,-13.879600252195994
2006-07-12 17:45:00,-13.913839043430594,-14.22849938210188,-14.220431207423928,-13.834315536015092
2006-07-12 17:50:00,-13.964828461340826,-14.157395491756017,-14.223964860397832,-13.764861710335548
2006-07-12 17:55:00,-13.910687306303783,-14.09047121402465,-14.08803968436239,-13.698936673281844
2006-07-12 18:00:00,-13.881800752786535,-14.033460738275911,-14.04392551760314,-13.640088423809226
2006-07-12 18:05:00,-13.730881427401073,-13.940903896878051,-13.963178944813077,-13.580206936145975
2006-07-12 18:10:00,-13.875564666460404,-13.951857860864536,-13.968782138510017,-13.514485642053431
2006-07-12 18:15:00,-13.642130587343203,-13.839812928079894,-13.868419066802357,-13.483231633727415
2006-07-12 18:20:00,-13.548105420535205,-13.768860927983283,-13.803626153580907,-13.496730756200336
2006-07-12 18:25:00,-13.515137040617404,-13.720270502945931,-13.762725101735953,-13.468746035679905
2006-07-12 18:30:00,-13.528711472771697,-13.68977116349788,-13.733222879333812,-13.522429019301764
2006-07-12 18:35:00,-13.371592443602678,-13.60576897520968,-13.64206888003539,-13.494209041809633
2006-07-12 18:40:00,-13.481236872939228,-13.625050869945756,-13.660292736454524,-13.482819931542531
2006-07-12 18:45:00,-13.454606552067675,-13.592961814307843,-13.6377599779673,-13.456233154908642
2006-07-12 18:50:00,-13.629100158760552,-13.64315552852174,-13.676108399503644,-13.381940263155174
2006-07-12 18:55:00,-13.34722871568797,-13.51568947129366,-13.577068710347245,-13.390241380390076
2006-07-12 19:00:00,-13.850809388957586,-13.718149300976195,-13.731520849569089,-13.29250807072966
2006-07-12 19:05:00,-13.202272571422512,-13.440854223807191,-13.525093525042022,-13.330288703206689
2006-07-12 19:10:00,-13.412902189936862,-13.503285806810068,-13.534311385788389,-13.302351507111467
2006-07-12 19:15:00,-13.295085911913734,-13.447118366754356,-13.500866878177655,-13.271981913274129
2006-07-12 19:20:00,-13.183342808239743,-13.391289897224924,-13.42408830138893,-13.30350210321357
2006-07-12 19:25:00,-13.397035390187924,-13.466669379558631,-13.483906296154505,-13.26265871689622
2006-07-12 19:30:00,-13.264409516540374,-13.410029248316576,-13.454070807505566,-13.264775640267384
2006-07-12 19:35:00,-13.428956391580456,-13.472463259713235,-13.48783968035498,-13.224007967799066
2006-07-12 19:40:00,-13.245279006138183,-13.392135021625696,-13.44118999837378,-13.190744812676368
2006-07-12 19:45:00,-13.112868392253857,-13.323186836677904,-13.371223218806552,-13.190475665698717
2006-07-12 19:50:00,-13.372463962331118,-13.41964927247032,-13.427660255229942,-13.142372538347214
2006-07-12 19:55:00,-13.151975130102729,-13.308729914658972,-13.371009362000637,-13.118963140279906
2006-07-12 20:00:00,-13.277110926674837,-13.34794481721428,-13.357443905787882,-13.074179309226263
2006-07-12 20:05:00,-13.184350331474777,-13.302152219819265,-13.349058770878203,-13.072040992862243
2006-07-12 20:10:00,-13.045700205494514,-13.23667892182816,-13.270984332335884,-13.09736648035295
2006-07-12 20:15:00,-13.111253452569043,-13.257809662607391,-13.27015471040321,-13.088011382397186
2006-07-13 04:00:00,-14.064681614226837,-13.926260017447255,-13.90167884487506,-14.099635220517223
2006-07-13 04:05:00,-14.05142084960289,-13.929265414939168,-13.92047576775073,-14.153714740607288
2006-07-13 04:10:00,-14.215894457256132,-14.03602876470178,-13.983692915405916,-14.182549835303892
2006-07-13 04:15:00,-14.04266082376184,-13.96379384995133,-13.957063221691543,-14.252508506705322
2006-07-13 04:20:00,-14.168921400297371,-14.045209712131935,-14.002179854949446,-14.327956620072856
2006-07-13 04:25:00,-14.084063839208444,-14.018703562711345,-13.988765988465808,-14.432097478006176
2006-07-13 04:30:00,-14.034850126433373,-14.002973295066454,-13.97067957611487,-14.55373069236868
2006-07-13 04:35:00,-14.37589785450547,-14.170466552570362,-14.101215822328667,-14.651839882695414
2006-07-13 04:40:00,-14.388904967616856,-14.188590580477712,-14.1353362613742,-14.784281010504008
2006-07-13 04:45:00,-14.462412909989316,-14.2342056449415,-14.17974753062738,-14.89908321097292
2006-07-13 04:50:00,-14.621610311778186,-14.34438534002495,-14.267239184875354,-15.040378493791115
2006-07-13 04:55:00,-14.708908524257154,-14.39764822597702,-14.327714109658643,-15.106597670041824
2006-07-13 05:00:00,-14.764649643884008,-14.44912705196294,-14.3703260741037,-15.301126466811091
2006-07-13 05:05:00,-14.964552129182378,-14.561644480795142,-14.489233075067956,-15.476928878376944
2006-07-13 05:10:00,-15.18355289084641,-14.72638058625258,-14.606021977747533,-15.534237815285431
2006-07-13 05:15:00,-15.15122622844058,-14.723796081440328,-14.644209505111814,-15.537690297418528
2006-07-13 05:20:00,-15.46938166177397,-14.948430716681676,-14.813823568498236,-15.517680332643923
2006-07-13 05:25:00,-15.106223350485791,-14.787110898726176,-14.713326745423178,-15.551744684258423
2006-07-13 05:30:00,-15.931822308861822,-15.277491025755785,-15.115164817719606,-15.44750576547138
2006-07-13 05:35:00,-16.0193665985775,-15.355105497653645,-15.202768008977438,-15.364727950201171
2006-07-13 05:40:00,-15.52740685921074,-15.087801323969888,-15.036077517871275,-15.349000515682365
2006-07-13 05:45:00,-15.171940774325744,-14.94946856592955,-14.936925884635636,-15.395391162865424
2006-07-13 05:50:00,-15.349322335677556,-15.038362001848563,-15.018125758255644,-15.422791886300676
2006-07-13 05:55:00,-15.31060899762158,-15.041836802076904,-15.009543107467982,-15.58018464459514
2006-07-13 06:00:00,-15.30638856486396,-15.04391839810041,-15.052369830086867,-15.875538616681094
2006-07-13 06:05:00,-15.52269970695626,-15.12707273004483,-15.168649547126034,-15.736292435664827
2006-07-13 06:10:00,-15.43304271464909,-15.105258468689218,-15.14828909984186,-15.837926728662556
2006-07-13 06:15:00,-15.450284773061895,-15.092428570505117,-15.162876140275888,-15.988765599049222
2006-07-13 06:20:00,-15.513727601391468,-15.154367182342614,-15.164376249090417,-16.014040090270473
2006-07-13 06:25:00,-16.254964969199364,-15.438564188285577,-15.490806579808416,-15.858902731611725
2006-07-13 06:30:00,-17.078512166104083,-16.04102648347117,-15.90900477044843,-15.466486322557447
2006-07-13 06:35:00,-14.68722273649646,-14.91514368235344,-14.79903252815254,-15.593998042261491
2006-07-13 06:40:00,-16.04284870391106,-15.399296482620208,-15.348392543412784,-15.38416180746013
2006-07-13 06:45:00,-16.355318226657488,-15.569482135003028,-15.535673999377195,-15.119849646193028
2006-07-13 06:50:00,-15.665374317443383,-15.283369935829615,-15.24070222288242,-15.00487815198608
2006-07-13 06:55:00,-15.32414139543586,-15.181473723216689,-15.174189063541537,-15.31950154438052
2006-07-13 07:00:00,-14.724011745935847,-14.990428977699697,-15.059661024193144,-15.540928387071894
2006-07-13 07:05:00,-15.452293864185302,-15.178678873247678,-15.16053304893014,-15.422194732705576
2006-07-13 07:10:00,-14.7838304856383,-14.978052610964076,-14.982272366710776,-15.447261307163858
2006-07-13 07:15:00,-14.769445605968276,-14.942427842887094,-14.91417535856882,-15.499067503759331
2006-07-13 07:20:00,-14.975546161666289,-14.920911811415634,-15.009077536403897,-15.453156522167378
2006-07-13 07:25:00,-17.211880940337906,-15.877112447128289,-16.040042497060824,-15.12522934788769
2006-07-13 07:30:00,-16.05257407409988,-15.416352132900697,-15.343891170219369,-14.952465782047168
2006-07-13 07:35:00,-14.739892516176402,-14.88571536574691,-14.865351806163464,-14.984667439992055
2006-07-13 07:40:00,-14.934228891647791,-14.852534486918346,-14.917603464268012,-14.951757269251434
2006-07-13 07:45:00,-15.080283132454513,-14.874192290331631,-14.85715505714713,-14.949683652236072
2006-07-13 07:50:00,-14.700080040838976,-14.760101377965638,-14.67442010092444,-15.007529379808474
2006-07-13 07:55:00,-15.24431766338417,-14.95948811867955,-14.896334787046436,-14.995525251148502
2006-07-13 08:00:00,-15.015992563418962,-14.840976141974313,-14.913747237887604,-14.955458719566218
2006-07-13 08:05:00,-14.933102926396923,-14.845342740910128,-14.819801440482196,-14.94073178328614
2006-07-13 08:10:00,-14.736766942101664,-14.78653641013972,-14.76413586595395,-14.996804552121116
2006-07-13 08:15:00,-15.067842008551338,-14.88194915826457,-14.8364067308975,-14.984172972762652
2006-07-13 08:20:00,-15.047153481170996,-14.696352572019368,-14.909006973121462,-14.965373851383536
2006-07-13 08:25:00,-15.172293816526722,-14.742636022962564,-14.867795385493068,-14.844868625933383
2006-07-13 08:30:00,-14.77559348956306,-14.6766290420734,-14.669849991158737,-14.790215889272655
2006-07-13 08:35:00,-14.844740730527462,-14.690608958170609,-14.686607176605191,-14.738753021303026
2006-07-13 08:40:00,-15.07320401766272,-14.768637182114029,-14.768127588284807,-14.61457571753909
2006-07-13 08:45:00,-14.99205322622734,-14.76836161723852,-14.723923924414938,-14.511484272633568
2006-07-13 19:15:00,-13.432043779885689,-13.549840775305798,-13.582421054808444,-13.352332924780749
2006-07-13 19:20:00,-13.382214151282591,-13.509400365036594,-13.55388225659005,-13.347226374022537
2006-07-13 19:25:00,-13.314222001839736,-13.46144785591856,-13.492737586372703,-13.314671890697548
2006-07-13 19:30:00,-13.46008265051586,-13.503225736587062,-13.528106601701998,-13.28717992903872
2006-07-13 19:35:00,-13.398391214474165,-13.47230216903158,-13.498498199613794,-13.269787859490894
2006-07-13 19:40:00,-13.328239037670487,-13.435632454436798,-13.4589284390966,-13.251062168114274
2006-07-13 19:45:00,-13.230848435082745,-13.38308120350104,-13.420684140092137,-13.231843527254362
2006-07-13 19:50:00,-13.351574875642775,-13.426113728995157,-13.435986045239432,-13.207058068285953
2006-07-13 19:55:00,-13.118895116344522,-13.323441774660978,-13.347838594952728,-13.202117212039278
2006-07-13 20:00:00,-13.295130808289276,-13.381147291401843,-13.394160691485691,-13.16746290528268
2006-07-13 20:05:00,-13.294038927279724,-13.375326438730577,-13.39905634771819,-13.147724486970066
2006-07-13 20:10:00,-13.215884817137145,-13.335562972137923,-13.36025390571139,-13.142328653802416
2006-07-13 20:15:00,-13.115536618832731,-13.285055156751936,-13.31737365346916,-13.137387277185644
2006-07-13 20:20:00,-13.202862006194517,-13.3132479702023,-13.333660993623052,-13.117795111779577
2006-07-13 20:25:00,-13.08925003668338,-13.255375848302227,-13.277482249989758,-13.134758772190796
2006-07-13 20:30:00,-13.087205126751671,-13.238877687851712,-13.25924152926778,-13.113058124972902
2006-07-13 20:35:00,-13.1756084029493,-13.264499598385957,-13.286240420370747,-13.098969278068845
2006-07-14 12:05:00,-14.03748059727081,-13.955275767295667,-13.90366580866692,-13.886482464725187
2006-07-14 12:10:00,-13.93274747143941,-13.913551828046815,-13.901933146931423,-13.891209564500029
2006-07-14 12:15:00,-13.944896812265736,-13.914525006855484,-13.89142674441119,-13.852209039969726
2006-07-14 12:20:00,-13.795638594956417,-13.857887173914689,-13.848806958418775,-13.87388465160409
2006-07-14 12:25:00,-13.938332603684358,-13.91811527142633,-13.885194250530642,-13.81845321000351
2006-07-14 12:30:00,-13.931363662805762,-13.91546320522989,-13.883725108065304,-13.785132814170204
2006-07-14 12:35:00,-13.775915903384492,-13.840434249975027,-13.843467894596069,-13.801601255706323
2006-07-14 12:40:00,-13.96110969426561,-13.917923948687545,-13.88504924660255,-13.78503457985978
2006-07-14 12:45:00,-13.710893809631166,-13.812178385014647,-13.818426585598706,-13.831256684950496
2006-07-14 12:50:00,-13.925692206943705,-13.883539540554295,-13.860602782273505,-13.824190434863866
2006-07-14 12:55:00,-13.605744026354502,-13.757069746330547,-13.769734022304249,-13.852363156246618
2006-07-14 13:00:00,-13.731441316715378,-13.790374675608213,-13.779476733593022,-13.863443685804333
2006-07-14 13:05:00,-13.87472658151066,-13.84399491126928,-13.824829496167151,-13.841121629962958
2006-07-14 13:10:00,-13.86170946572964,-13.83497851642739,-13.828526296732896,-13.825906413075732
2006-07-14 13:15:00,-13.988226526903812,-13.898736602307045,-13.870945630132516,-13.778158351586695
2006-07-14 13:20:00,-13.883294677514476,-13.849633092354614,-13.866668261403108,-13.807512688911183
2006-07-14 13:25:00,-13.77478034019629,-13.800358409549908,-13.812032165334452,-13.806254694203073
2006-07-14 13:30:00,-13.79792452297112,-13.812245281481488,-13.806776550734446,-13.805035409248244
2006-07-14 13:35:00,-13.740794044096257,-13.778402780984766,-13.784560361380384,-13.83329618881509
2006-07-14 13:40:00,-13.77041842459134,-13.795015740860444,-13.778608541836684,-13.831125320410598
2006-07-14 13:45:00,-13.70173814351486,-13.7563923979217,-13.773731240071726,-13.837092462125224
2006-07-14 13:50:00,-14.059420672551958,-13.931568862080452,-13.889780759377045,-13.787974699814042
2006-07-14 13:55:00,-13.767232603223215,-13.804764267518555,-13.823555049170531,-13.793900009554804
2006-07-14 14:00:00,-13.790608610876005,-13.808629374228666,-13.821842159376304,-13.792022832250844
2006-07-14 14:05:00,-13.910358692587891,-13.859184976935175,-13.867271305611771,-13.76557036767853
2006-07-14 14:10:00,-13.757393271983275,-13.786795945907835,-13.807812484151333,-13.75676521418634
2006-07-15 09:15:00,-14.46861028656216,-14.371593526524524,-14.381669760183852,-14.494347213342438
2006-07-15 09:20:00,-14.56277056168381,-14.433269698376726,-14.36330622081494,-14.499012504713605
2006-07-15 09:25:00,-14.420034374068608,-14.354925436328076,-14.335116957080317,-14.458342459457263
2006-07-15 09:30:00,-14.476929848026034,-14.376202907019774,-14.350024535573953,-14.45830522408592
2006-07-15 09:35:00,-14.37469348682674,-14.324605321014069,-14.317744166427214,-14.469603962170735
2006-07-15 09:40:00,-14.695365372127547,-14.467446276475354,-14.418070485585224,-14.38888843141157
2006-07-15 09:45:00,-14.436289406046292,-14.37173992397832,-14.332298408699849,-14.331054267619088
2006-07-15 09:50:00,-14.5907630037376,-14.419266828176376,-14.389537248225311,-14.284377301245195
2006-07-15 09:55:00,-14.17601416034947,-14.240348613929818,-14.25694672639019,-14.303995253880489
2006-07-15 10:00:00,-14.476706320160169,-14.353281298098969,-14.3108465502577,-14.247632407626204
2006-07-15 10:05:00,-14.442485799697844,-14.33649329150474,-14.309471586200845,-14.19108876167286
2006-07-15 10:10:00,-14.211071551564649,-14.242219460064272,-14.219421442752838,-14.19210695249487
2006-07-15 10:15:00,-14.089284712385895,-14.17967091665486,-14.174087696133986,-14.188126236895002
2006-07-15 10:20:00,-14.310701725864336,-14.255597192322114,-14.2348573391477,-14.165808257286049
2006-07-16 10:00:00,-14.240822497630964,-14.177245355997616,-14.107932874152194,-14.043677511292458
2006-07-16 10:05:00,-14.129717757972765,-14.121685382983218,-14.074153035871385,-14.052172668754428
2006-07-16 10:10:00,-13.973383548092231,-14.049285539821652,-14.00877443704265,-14.112446674472356
2006-07-16 10:15:00,-13.947162763850626,-14.022466474516404,-13.988394334122743,-14.146487378156916
2006-07-16 10:20:00,-13.97415265509475,-14.01826708783824,-13.981025157154,-14.153216919881707
2006-07-16 10:25:00,-14.097139583353664,-14.058394733997403,-14.00040224112395,-14.149731249700242
2006-07-16 10:30:00,-14.140508903937969,-14.076744255613209,-14.02272301823204,-14.124727061834632
2006-07-16 10:35:00,-14.180688529287874,-14.075450326458991,-14.050179906001004,-14.099360002555116
2006-07-16 10:40:00,-14.335027640218703,-14.149583869325154,-14.10204729061174,-14.039195737108631
2006-07-16 10:45:00,-14.151406957048534,-14.070862338956594,-14.047205333742829,-14.010304095528218
2006-07-16 10:50:00,-14.0145297319868,-14.022894045278967,-13.98075399079479,-14.01398380593675
2006-07-16 10:55:00,-14.076225562264868,-14.034925059727255,-14.004063132355189,-14.01287293141868
2006-07-16 11:00:00,-13.990483776744313,-13.9983646662169,-13.964034837258891,-14.00995261443753
2006-07-16 11:05:00,-14.028486347067467,-14.01839209229918,-13.967674386424113,-13.98857066499425
2006-07-16 11:10:00,-13.97404210535871,-13.998448734896922,-13.96747448628262,-13.983596273785809
2006-07-16 11:15:00,-13.978056818471543,-13.99966200668619,-13.965968067892716,-13.96703590019932
2006-07-16 11:20:00,-14.036607878800202,-14.017680515101766,-13.988774304311695,-13.943344316992496
2006-07-16 11:25:00,-14.069560719888733,-14.026718881125506,-14.000874267145331,-13.930265016984954
2006-07-16 11:30:00,-13.972961874857427,-13.98006093716958,-13.963196914018525,-13.909964859153249
2006-07-16 11:35:00,-13.900194505860537,-13.932515126191356,-13.93497642224725,-13.893738938991511
2006-07-16 11:40:00,-13.94419570028915,-13.941195159584804,-13.9303977349482,-13.872217703819086
2006-07-16 11:45:00,-13.878694721499862,-13.91203364829049,-13.89654392634594,-13.84322834829834
2006-07-16 11:50:00,-13.89445846628762,-13.909778479930376,-13.898986400772944,-13.81549389417458
2006-07-16 11:55:00,-13.991084977662386,-13.949459706365705,-13.937728211249556,-13.75225623621025
2006-07-16 12:00:00,-13.851160898957724,-13.88631464536909,-13.893662718357485,-13.750319939081448
2006-07-16 12:05:00,-13.802838869252328,-13.861467522544253,-13.865821615247476,-13.716096657766666
2006-07-16 12:10:00,-13.815068144707354,-13.859480315874348,-13.8648145837565,-13.696794714327153
2006-07-16 12:15:00,-13.704758732922643,-13.804142714347822,-13.81142103789098,-13.70688460376852
2006-07-16 12:20:00,-13.728051799363952,-13.797897868458405,-13.80434247938248,-13.711057653937916
2006-07-16 12:25:00,-13.611658972057512,-13.73995908136709,-13.760444524616268,-13.730383115214844
2006-07-16 12:30:00,-13.839543029456546,-13.82460499637402,-13.818365059969702,-13.730552119858382
2006-07-16 12:35:00,-13.59749921027309,-13.71745440453132,-13.747899780333263,-13.781248829589376
2006-07-16 12:40:00,-13.699256512979725,-13.747990907077089,-13.7575228132246,-13.78703823600662
2006-07-16 12:45:00,-13.7652980406614,-13.76779703132114,-13.783765413035889,-13.80415193646231
2006-07-16 12:50:00,-13.753090129289776,-13.751305144221233,-13.770052786704422,-13.815938376965278
2006-07-16 12:55:00,-13.727611855356871,-13.73668514399597,-13.748939958902248,-13.850663887696737
2006-07-16 13:00:00,-13.840556854951636,-13.784969244503229,-13.79468272301788,-13.808000362419884
2006-07-16 13:05:00,-13.901679468659038,-13.814374462459368,-13.818742442360456,-13.787312384319089
2006-07-16 13:10:00,-13.733993124939904,-13.74788284355373,-13.764720177839008,-13.735043925621287
2006-07-16 13:15:00,-13.867980041029384,-13.809152114899977,-13.81354963275036,-13.671385533979274
2006-07-16 13:20:00,-13.823808887945386,-13.801549941432926,-13.806183363420033,-13.59631617054095
2006-07-16 13:25:00,-13.935965093202316,-13.848041540414693,-13.849286224459828,-13.520992281079211
2006-07-16 13:30:00,-13.584575573198006,-13.708508621020568,-13.736859331864116,-13.490805018238348
2006-07-16 13:35:00,-13.777551455507012,-13.787624432920246,-13.788841888032737,-13.423136445943175
2006-07-16 13:40:00,-13.420382416117286,-13.637296233509598,-13.675628435629374,-13.441980449243108
2006-07-16 13:45:00,-13.486029751254746,-13.651203557978354,-13.658943839376116,-13.443185337291936
2006-07-16 13:50:00,-13.373392671178628,-13.595924013854392,-13.618674588283811,-13.471970133159566
2006-07-16 13:55:00,-13.484021832319188,-13.622144819778086,-13.631872257312605,-13.467365027649205
2006-07-16 14:00:00,-13.403451979891251,-13.57184436464816,-13.595543466885786,-13.484455595124532
2006-07-16 14:05:00,-13.371540023542824,-13.542811196856242,-13.567494009675574,-13.511673522301848
2006-07-16 14:10:00,-13.53344642868952,-13.587652521578176,-13.604165719708751,-13.545138422019988
2006-07-16 14:15:00,-13.493259078192574,-13.557137542117784,-13.584223332676851,-13.58037686589191
2006-07-16 14:20:00,-13.5461014680665,-13.55798628019978,-13.58568759030964,-13.613092707310969
2006-07-16 14:25:00,-13.4563911848023,-13.51625497265491,-13.543198571720696,-13.621492203403545
2006-07-16 14:30:00,-13.505995388356888,-13.52280116703538,-13.54829542926288,-13.635932170030165
2006-07-16 14:35:00,-13.534847593834092,-13.539621595577556,-13.544223983121045,-13.63579158337578
2006-07-16 14:40:00,-13.734235819770989,-13.637062023602033,-13.630970409641536,-13.62669761002535
2006-07-16 14:45:00,-13.704689726065968,-13.64052351102874,-13.643380646571153,-13.595741132674949
2006-07-16 14:50:00,-13.742396552717652,-13.6659096360904,-13.676763243290791,-13.591401737531395
2006-07-16 14:55:00,-13.506788096311489,-13.571560220893424,-13.601889707581392,-13.61817062325915
2006-07-16 15:00:00,-13.592635274844977,-13.6163758234324,-13.618947920833646,-13.641527955407367
2006-07-16 15:05:00,-13.534003947428944,-13.590289424768196,-13.59883911511668,-13.67556763280646
2006-07-16 15:10:00,-13.679672008577851,-13.659079330478326,-13.646583293987128,-13.685385628872442
2006-07-16 15:15:00,-13.518950851122522,-13.591147963153675,-13.60759308396015,-13.713796824306607
2006-07-16 15:20:00,-13.71636026858468,-13.68523012494196,-13.681545101824556,-13.704453868319762
2006-07-16 15:25:00,-13.667401349245432,-13.669996492735212,-13.68098126712001,-13.739473576067123
2006-07-16 15:30:00,-13.73277933278054,-13.705442730504949,-13.70227573509439,-13.736138379571877
2006-07-16 22:05:00,-12.905348613846188,-12.937035336671212,-12.959733386151184,-12.727247958840016
2006-07-16 22:10:00,-12.504636522533575,-12.760137719509078,-12.852432631016558,-12.771260399044603
2006-07-16 22:15:00,-13.072810302230913,-13.00687024671804,-13.012276825771352,-12.678537906499384
2006-07-16 22:20:00,-12.765718630974357,-12.87871312354718,-12.966098206656303,-12.649361275562825
2006-07-16 22:25:00,-12.63316735816202,-12.822117729678691,-12.888006249592491,-12.682900631568929
2006-07-16 22:30:00,-12.794227164526005,-12.88993004788906,-12.925603991579314,-12.648656174082166
2006-07-16 22:35:00,-12.592927543337629,-12.802722321987972,-12.85185651153968,-12.692311640400606
2006-07-16 22:40:00,-12.768711337217807,-12.87204481203707,-12.859184225584537,-12.708379339143576
2006-07-16 22:45:00,-12.516475751691882,-12.766453451369411,-12.811681089939247,-12.707365600376836
2006-07-16 22:50:00,-12.590658556260506,-12.793440075845709,-12.792409436938469,-12.751953685545876
2006-07-16 22:55:00,-12.834403494198632,-12.891826854709436,-12.879262166719656,-12.709166427823872
2006-07-16 23:00:00,-12.58876018832984,-12.781512904141106,-12.822426442184977,-12.735741150459395
2006-07-16 23:05:00,-12.854860572523863,-12.89578906826143,-12.874599477746605,-12.710555642524634
2006-07-16 23:10:00,-12.865117818770132,-12.897201063608634,-12.933826502272064,-12.702012264100397
2006-07-16 23:15:00,-12.510393087815848,-12.737500984306614,-12.791595821555305,-12.763336376672914
2006-07-16 23:20:00,-12.858187067274724,-12.885495974297406,-12.877780957554869,-12.717626431394882
2006-07-16 23:25:00,-12.577679832228824,-12.765982516432144,-12.82437979367668,-12.708257052170916
2006-07-17 20:50:00,-12.823146906091626,-13.041163474446616,-13.077199623201096,-12.902064789443235
2006-07-17 20:55:00,-12.904923008926213,-13.069550328124048,-13.07345048514376,-12.873184017815946
2006-07-17 21:00:00,-12.870893059556977,-13.044536947053402,-13.050504100552857,-12.839829913564172
2006-07-17 21:05:00,-12.697703079331886,-12.960211290931374,-12.968291612776104,-12.867636583493535
2006-07-17 21:10:00,-12.776073359885356,-12.98424759041763,-12.973072119258005,-12.943609461193873
2006-07-17 21:15:00,-13.167152475610711,-13.140054549752682,-13.116832973770572,-12.89714330252793
2006-07-17 21:20:00,-12.995643984623875,-13.06397803167481,-13.089569473033036,-12.860678368020816
2006-07-17 21:25:00,-12.731638379162469,-12.9488625394984,-13.00379678554359,-12.852316078390135
2006-07-17 21:30:00,-12.670768376227432,-12.913745132265433,-12.959205824235948,-12.851118070790362
2006-07-17 21:35:00,-12.864542694175782,-12.977852299751442,-12.969666111610811,-12.8123592292604
2006-07-17 21:40:00,-13.2319108284535,-13.139245200796038,-13.092109353347166,-12.698432464750375
2006-07-17 21:45:00,-12.888355986166268,-12.99618794483134,-13.045180912435928,-12.671344310286376
2006-07-17 21:50:00,-12.776853972848896,-12.947747328562858,-13.012465909497914,-12.750790253648065
2006-07-17 21:55:00,-12.681464525740587,-12.901980142574216,-12.957448563879405,-12.855350876792498
2006-07-17 22:00:00,-12.66358033062879,-12.889361167735863,-12.88610401438424,-12.879337047292797
2006-07-17 22:05:00,-12.631989991909403,-12.873318504576424,-12.846478776125965,-12.932013244870596
2006-07-17 22:10:00,-12.548350096846116,-12.827800228950574,-12.823754186193868,-12.97006432525052
2006-07-17 22:15:00,-12.72582729065787,-12.872952742217535,-12.860858909009902,-12.995171026025124
2006-07-17 22:20:00,-13.253529083739458,-13.120218908960382,-13.072249746781132,-12.868515430767504
2006-07-17 22:25:00,-13.30882879943202,-13.17698747043318,-13.173827397210308,-12.759001231218482
2006-07-17 22:30:00,-12.807496948898288,-12.960209440726588,-13.094907170265689,-12.719349839335347
2006-07-17 22:35:00,-12.948047177376198,-13.00728104999972,-13.133443963157184,-12.696692115872327
2006-07-17 22:40:00,-12.776656579125651,-12.928103068328245,-13.040022325730051,-12.706337695979697
2006-07-17 22:45:00,-12.8764677844,-12.970254260335714,-13.009231743281449,-12.709542655403588
2006-07-17 22:50:00,-12.49359530982759,-12.81056510880572,-12.907035347396134,-12.755205478278445
2006-07-17 22:55:00,-12.651743876777664,-12.871215342103364,-12.918173172676026,-12.722867425549394
2006-07-17 23:00:00,-12.569588135048283,-12.835883079839473,-12.88434890568013,-12.73480303881334
2006-07-17 23:05:00,-12.812100894416972,-12.942349471733722,-12.9390940381896,-12.694690830300368
2006-07-17 23:10:00,-12.83453052232106,-12.958426710595129,-12.971347424451784,-12.678143523785192
2006-07-17 23:15:00,-12.89569719402996,-12.974089041032984,-13.01069623352531,-12.643990188884205
2006-07-17 23:20:00,-12.767572651809026,-12.898732686259116,-12.959988153429691,-12.590910704481674
2006-07-17 23:25:00,-12.45771521348996,-12.747224966841843,-12.819299509673504,-12.62294937094858
2006-07-17 23:30:00,-12.64120198808865,-12.80723578092878,-12.821688948775694,-12.640589165571756
2006-07-17 23:35:00,-12.57142712296906,-12.76468673707314,-12.780329478657173,-12.652038521890042
2006-07-17 23:40:00,-12.73524697232449,-12.824377754826374,-12.81872397172431,-12.658457865218464
2006-07-17 23:45:00,-12.69077718462404,-12.806020312021326,-12.82555447959905,-12.670108546945164
2006-07-17 23:50:00,-12.449095803212746,-12.705476888202409,-12.74789401607702,-12.71253657584393
2006-07-17 23:55:00,-12.649946981015802,-12.786150384621562,-12.782965369191988,-12.73522517459934
2006-07-18 00:00:00,-12.74704058237101,-12.827501131782928,-12.826187123566848,-12.727606436017554
2006-07-18 00:05:00,-12.640123492154355,-12.7761542485259,-12.780708809165668,-12.773967769018514
2006-07-18 00:10:00,-12.773763263570618,-12.823822866846884,-12.840531725109273,-12.766482245181413
2006-07-18 00:15:00,-12.760681390622045,-12.814307379263624,-12.851815513837936,-12.745969198161369
2006-07-18 00:20:00,-12.703663745329756,-12.795543411775466,-12.81779887748406,-12.77334505946979
2006-07-18 06:55:00,-14.923354197372664,-14.89700809066617,-14.764736118829727,-15.154766479663271
2006-07-18 07:00:00,-15.422696832029729,-15.047647832762602,-14.945121470596602,-15.021571162128255
2006-07-18 07:05:00,-14.94195812214672,-14.85479277749904,-14.781285815198409,-15.011486505297302
2006-07-18 07:10:00,-15.343478926408078,-14.982672341042356,-14.87569799780666,-14.923433871816316
2006-07-18 07:15:00,-15.106763841559282,-14.882318042844036,-14.835551419979373,-14.87838832351362
2006-07-18 07:20:00,-15.01085627929163,-14.888208747973389,-14.728749557445145,-14.828099179205932
2006-07-18 07:25:00,-15.102844876544191,-14.861551691224829,-14.803875839624348,-14.77706151142398
2006-07-18 07:30:00,-14.623525158095235,-14.697962828373312,-14.61742178124922,-14.79713750538193
2006-07-18 07:35:00,-14.881449371696402,-14.747048877018065,-14.640019714451668,-14.7392228576812
2006-07-18 07:40:00,-14.815163009884358,-14.688242083696458,-14.636075212168777,-14.630278983757863
2006-07-18 07:45:00,-14.836491245569906,-14.692945882454762,-14.591049617069858,-14.523019143104362
2006-07-18 07:50:00,-14.70912141344549,-14.651027527155993,-14.538958460606189,-14.466498162159665
2006-07-18 07:55:00,-14.796618638576891,-14.6366087656108,-14.576968505721208,-14.391079362974226
2006-07-18 14:40:00,-12.820014740662334,-13.403777825527326,-13.373047558381485,-13.714134414406663
2006-07-18 14:45:00,-13.095157856207011,-13.479605144147907,-13.326966781299328,-13.900529624202631
2006-07-18 14:50:00,-13.395042712404644,-13.564884212242305,-13.35946845080634,-13.94553102777548
2006-07-18 14:55:00,-14.136872268609638,-13.856716399016626,-13.630844712432566,-13.930920538759205
2006-07-18 15:00:00,-14.01984138083663,-13.834246355701715,-13.644089674200286,-13.948677387744626
2006-07-18 15:05:00,-13.545922215023005,-13.657003299523906,-13.548935593110542,-14.021424057575462
2006-07-18 15:10:00,-14.091970053359058,-13.940069049786686,-13.675154476028442,-14.033416680274415
2006-07-18 15:15:00,-14.213529028254474,-14.001127253239927,-13.76687470883311,-14.062383544243216
2006-07-18 15:20:00,-13.665051314525794,-13.745451529915975,-13.652523046831378,-14.177892522940873
2006-07-18 15:25:00,-14.049209045417475,-13.8638270829276,-13.765497505894666,-14.183219378161295
2006-07-18 15:30:00,-14.126382532568066,-13.903993641206196,-13.8088121593171,-14.178127730224457
2006-07-18 15:35:00,-13.982402313509004,-13.930893913155936,-13.70933536487676,-14.279259808260234
2006-07-18 15:40:00,-14.163925616096076,-14.046564813681933,-13.827229722607887,-14.205942321343068
2006-07-18 15:45:00,-14.387330269886167,-14.179171245724492,-13.957169728486932,-14.1172900480543
2006-07-18 15:50:00,-14.35810536016844,-14.137794075326008,-14.016086915062171,-14.030208772086642
2006-07-18 15:55:00,-14.081169945464415,-14.029830694302138,-13.936131278075583,-14.05988484267797
2006-07-18 16:00:00,-14.095832934041534,-14.06986542548964,-13.899250879563782,-14.045731238606356
2006-07-18 16:05:00,-14.589194839542566,-14.288647978626573,-14.105210684909023,-13.973994578223236
2006-07-18 16:10:00,-13.724020535591109,-13.922716354909488,-13.796747931359668,-14.121633808524772
2006-07-18 16:15:00,-13.855416601244102,-13.979628336162753,-13.76344843494612,-13.933362115251638
2006-07-18 16:20:00,-13.83561767545305,-13.960267561992891,-13.79248257117694,-13.896858875723538
2006-07-18 16:25:00,-14.259226484650192,-14.124990311284524,-13.905452058178527,-13.674929890343837
2006-07-18 16:30:00,-14.01091096269845,-14.032589002726596,-13.831141048736386,-13.834357743811802
2006-07-18 16:35:00,-14.15877516633834,-14.084855726857407,-13.895538261445024,-13.874215606985418
2006-07-18 16:40:00,-14.609856192040096,-14.273572220925187,-14.081653987013402,-13.862193496647668
2006-07-18 16:45:00,-12.725786354876952,-13.542317112677049,-13.28817754724006,-14.027811137957904
2006-07-18 16:50:00,-13.616598166010824,-13.822151971739462,-13.546452280901905,-13.85663585728948
2006-07-18 16:55:00,-12.92765254346254,-13.54530351666044,-13.366432477437408,-13.797138503940468
2006-07-18 17:00:00,-14.967478112415687,-14.329141098050124,-14.226604356404293,-13.481350952112551
2006-07-18 17:05:00,-14.39792234538004,-14.12361769060795,-13.980554817562902,-13.233350750329214
2006-07-18 17:10:00,-14.537723183100196,-14.204866427259256,-14.023562802360996,-13.125876575014884
2006-07-18 17:15:00,-13.719492361740349,-13.884783138356406,-13.727545148325934,-13.243018908716875
2006-07-18 17:20:00,-12.589546351907742,-13.443323755737584,-13.2863156700531,-13.416910355059317
2006-07-18 17:25:00,-12.570668481187369,-13.373839661864096,-13.124182960325737,-13.71817057833125
2006-07-18 17:30:00,-13.072752859154155,-13.506798702465884,-13.250790201969432,-13.83752116035633
2006-07-18 17:35:00,-12.90992133715909,-13.392952913324756,-13.22864591851354,-14.016987439952226
2006-07-18 17:40:00,-13.89287824685202,-13.779250608419094,-13.502177961418388,-13.980607961778723
2006-07-18 17:45:00,-14.422346089312532,-14.015309072934553,-13.823156150255455,-13.822509523814608
2006-07-18 17:50:00,-13.63289508778127,-13.727807687969827,-13.54482646760931,-13.834831511875148
2006-07-18 17:55:00,-14.378229864183156,-13.91377697484187,-13.93806520654263,-13.694537291029953
2006-07-18 18:00:00,-13.788856438032989,-13.706818097579252,-13.770421184492452,-13.699970966667394
2006-07-18 18:05:00,-13.986718899096664,-13.742973354060092,-13.795809403829908,-13.63216969186685
2006-07-18 18:10:00,-13.674601551267717,-13.649107059133474,-13.71911804165564,-13.570161017977757
2006-07-18 18:15:00,-13.473755088415238,-13.616881955624798,-13.591472416909689,-13.58878257028883
2006-07-18 18:20:00,-13.706827160691764,-13.76000425785155,-13.659303805012724,-13.584057703768986
2006-07-18 18:25:00,-13.536464593317202,-13.698327637902876,-13.689453311342112,-13.579238014253791
2006-07-18 18:30:00,-13.821458520767074,-13.854170893052157,-13.743518608912202,-13.5120780468124
2006-07-18 18:35:00,-13.579911178019785,-13.7336153362499,-13.779964722549336,-13.454258489519429
2006-07-18 18:40:00,-13.30254956575206,-13.597840312871298,-13.693058666679494,-13.504144959521357
2006-07-18 18:45:00,-13.585484341752515,-13.683345503454676,-13.650777736868749,-13.445240987084246
2006-07-18 18:50:00,-13.678478033846323,-13.681188916318384,-13.709580129879102,-13.413632052361276
2006-07-18 18:55:00,-13.507546517658623,-13.60571375816056,-13.610501318447737,-13.325736433329524
2006-07-18 19:00:00,-13.41849864745877,-13.548634767015791,-13.59314816162308,-13.282252082044458
2006-07-18 19:05:00,-13.232993834261965,-13.458140903955767,-13.493508372241916,-13.267403176795668
2006-07-18 19:10:00,-13.601868403832029,-13.60558168533914,-13.54789248509585,-13.207431954200237
2006-07-18 19:15:00,-13.232060492675124,-13.444147096867932,-13.47531545309559,-13.158780790408848
2006-07-18 19:20:00,-13.488824406988387,-13.537543855351917,-13.509848569627763,-13.107281669989169
2006-07-18 19:25:00,-12.980172861287008,-13.320672177096371,-13.405833507696988,-13.12128107105554
2006-07-18 19:30:00,-13.157592496384208,-13.358411165510962,-13.378533196257033,-13.07923172703972
2006-07-18 19:35:00,-13.143900402769225,-13.342421753558051,-13.359691088680291,-13.092733827750608
2006-07-18 19:40:00,-13.24204104657734,-13.367431911225044,-13.38614590248179,-13.027474069410465
2006-07-18 19:45:00,-12.9401535099268,-13.22796445728,-13.30660409513357,-13.032865161428347
2006-07-18 19:50:00,-13.179829818628214,-13.294392128482674,-13.337047636398353,-13.008395740565163
2006-07-18 19:55:00,-13.064169123137995,-13.23323016901409,-13.296894603613763,-13.001756511961554
2006-07-18 20:00:00,-12.905296576836546,-13.15599432418028,-13.21448877242016,-13.001783686844368
2006-07-18 20:05:00,-13.2249129781251,-13.263725128680498,-13.302780986754788,-12.948600157332002
2006-07-18 20:10:00,-12.850482120713629,-13.098408348014344,-13.184935593654682,-12.970365908630848
2006-07-18 20:15:00,-12.972500119852992,-13.12539228391181,-13.17561960738068,-12.941552669478291
2006-07-18 20:20:00,-13.033013611453075,-13.139561470176869,-13.172777012830464,-12.914634329122428
2006-07-18 20:25:00,-13.024333606969078,-13.1321583382717,-13.151487080772023,-12.903664580576352
2006-07-18 20:30:00,-12.905459741771224,-13.074920518609725,-13.10115748796976,-12.926384517175345
2006-07-18 20:35:00,-12.905811974507609,-13.061651485883136,-13.090634046688375,-12.932178317828962
2006-07-18 20:40:00,-12.981076455050005,-13.086461806978376,-13.07376509162099,-12.914188025036392
2006-07-18 20:45:00,-12.799620800575468,-13.00374360299366,-13.020968425770675,-12.954880908758074
2006-07-18 20:50:00,-12.871503395861186,-13.01880516615519,-13.018545955896013,-12.949813891672468
2006-07-18 20:55:00,-12.958515057873722,-13.05301603086128,-13.046028285501167,-12.931559308689812
2006-07-18 21:00:00,-13.041779332455738,-13.08209064034949,-13.083318137655514,-12.91261136146312
2006-07-18 21:05:00,-12.940575125342706,-13.037593215215033,-13.047849979125136,-12.868349490525642
2006-07-18 21:10:00,-12.873134467018987,-13.007519061499936,-13.0301694149451,-12.83166287835745
2006-07-18 21:15:00,-13.043778045086665,-13.078771286232731,-13.076725387374516,-12.85080070285044
2006-07-18 21:20:00,-12.841101177709742,-12.988554693705757,-13.012979979970872,-12.86208620040725
2006-07-18 21:25:00,-12.848987444339992,-12.986465812500898,-12.995318286364192,-12.848114610231583
2006-07-18 21:30:00,-12.928091562367223,-13.019647500794056,-13.027189376326689,-12.787694091422065
2006-07-18 21:35:00,-12.675004015355649,-12.909829116014222,-12.939286930922496,-12.806350978308156
2006-07-18 21:40:00,-12.653014909647636,-12.890979750011352,-12.905996506340824,-12.836168763022412
2006-07-18 21:45:00,-13.158605165501305,-13.115473943145563,-13.091971153292985,-12.788182603304808
2006-07-18 21:50:00,-12.908813931774992,-13.009099425482784,-13.046598328013744,-12.790345781795654
2006-07-18 21:55:00,-12.765158076742706,-12.942157223892542,-12.995897429785028,-12.805674844096195
2006-07-18 22:00:00,-12.565568680785685,-12.847778855881591,-12.923283056438336,-12.836194665889431
2006-07-18 22:05:00,-12.786945394491104,-12.92713107480702,-12.933530446527964,-12.851841963413392
2006-07-18 22:10:00,-12.831921328838677,-12.938315331470625,-12.941984812308462,-12.855748323908369
2006-07-18 22:15:00,-12.870687918101186,-12.950462561907113,-12.956333426391913,-12.861833011445889
2006-07-18 22:20:00,-12.92179358090907,-12.97511168391026,-12.989282784986717,-12.825481286344196
2006-07-18 22:25:00,-12.857132161451466,-12.94680320375124,-12.97555454463692,-12.840969408437548
2006-07-18 22:30:00,-12.7486879584585,-12.901357664301091,-12.915451332349464,-12.907606094962286
2006-07-18 22:35:00,-12.880829006178152,-12.9653046156163,-12.952708240960492,-12.853635852592474
2006-07-18 22:40:00,-12.85535920271404,-12.948289265108835,-12.957903841903477,-12.884564222730305
2006-07-18 22:45:00,-12.907195985507403,-12.961470297470228,-12.963267678805538,-12.879332306143027
2006-07-18 22:50:00,-12.70368340375562,-12.873798863994324,-12.904724879753475,-12.865101860753844
2006-07-18 22:55:00,-12.950060894011571,-12.991050909058314,-12.979339940945376,-12.867364025200809
2006-07-18 23:00:00,-13.148507846331336,-13.096347971526992,-13.084035771894376,-12.826638878533148
2006-07-18 23:05:00,-12.55700755195927,-12.844908956980897,-12.896644319968471,-12.847566429244448
2006-07-18 23:10:00,-13.040929423541025,-13.048090380985204,-13.045576322184896,-12.86700855460605
2006-07-18 23:15:00,-12.87580483289715,-12.978686048283716,-13.033352290419806,-12.887844982731576
2006-07-18 23:20:00,-12.6183006736016,-12.86687620714486,-12.901940118131469,-12.91669904202725
2006-07-18 23:25:00,-12.963633938512272,-13.013004571780868,-13.010958967733096,-12.953417685865825
2006-07-18 23:30:00,-12.904156792868672,-12.990950130716303,-13.017815673430016,-12.940044405663247
2006-07-18 23:35:00,-12.682572914045975,-12.895665740548576,-12.910211011927554,-12.971988017859209
2006-07-18 23:40:00,-13.15758197334448,-13.10316259376255,-13.090328424813867,-12.926945476139291
2006-07-18 23:45:00,-13.00082354619756,-13.04886096236966,-13.064262987411611,-12.891109148708663
2006-07-18 23:50:00,-12.791425202832343,-12.960214181876356,-12.980315744399702,-12.890940953529718
2006-07-18 23:55:00,-13.183945685905902,-13.122542997448823,-13.12954819289424,-12.819854697948232
2006-07-19 00:00:00,-12.823917111653238,-12.979096678108698,-13.003925535772902,-12.823622177446362
2006-07-19 00:05:00,-12.874234702859532,-12.998313251942948,-12.994749610441676,-12.78928041075157
2006-07-19 00:10:00,-12.887326520658837,-13.000721958390958,-13.013383734642112,-12.740619331018902
2006-07-19 00:15:00,-12.78580549488543,-12.962358742681529,-12.950269023088522,-12.722204705322143
2006-07-19 00:20:00,-12.790416089577572,-12.96240505562011,-12.946640755560376,-12.713234565599938
2006-07-19 22:45:00,-12.752680584751683,-12.954003275681002,-12.95695147401483,-13.036415820052966
2006-07-19 22:50:00,-12.993868713130466,-13.049926333413746,-13.02255111151638,-13.01011200787153
2006-07-19 22:55:00,-13.307689102192494,-13.19249660969654,-13.1736593938623,-12.95670659833194
2006-07-19 23:00:00,-12.931659277567226,-13.038087508987738,-13.084921147793786,-12.97665556416746
2006-07-19 23:05:00,-13.08338841446053,-13.112654491234771,-13.137001807682754,-12.95191237081466
2006-07-19 23:10:00,-12.956442481598552,-13.059837996097087,-13.102204557641802,-12.93507539161247
2006-07-19 23:15:00,-12.945447061461053,-13.05643260745772,-13.055176442885468,-13.013789607890228
2006-07-19 23:20:00,-12.836045782222955,-13.007264658341684,-13.017613011032024,-13.033640483962571
2006-07-19 23:25:00,-12.987256717228568,-13.064172505543624,-13.058381619946871,-13.054669767027724
2006-07-19 23:30:00,-13.051352841304752,-13.0955240811171,-13.086955535168302,-13.03792093273798
2006-07-19 23:35:00,-12.93492963016657,-13.05662650313754,-13.067871366692954,-13.053287664051616
2006-07-19 23:40:00,-12.85542025947202,-13.027887705818223,-13.046470101159343,-13.10477475814018
2006-07-19 23:45:00,-13.417732294081343,-13.291895537307266,-13.229790074232485,-13.047357902255582
2006-07-19 23:50:00,-12.95515103865702,-13.083740329192963,-13.166575339917186,-13.079471444197477
2006-07-19 23:55:00,-13.11343273362343,-13.1493212137015,-13.16421689624057,-13.09990334239193
2006-07-20 00:00:00,-12.950859719928486,-13.07886616704698,-13.16076256364281,-13.124071902611028
2006-07-20 00:05:00,-13.02712984459168,-13.1107792219545,-13.137019108131364,-13.151290872335377
2006-07-20 00:10:00,-13.164342968550654,-13.178139569826673,-13.192189511836393,-13.14862226993365
2006-07-20 00:15:00,-13.073231166001124,-13.149535056901684,-13.21683488770987,-13.1062862598136
2006-07-20 00:20:00,-13.147832001213878,-13.18814628678096,-13.258256057915702,-13.081120207938554
2006-07-20 00:25:00,-13.236024238427955,-13.234084269799029,-13.32894038449264,-13.035947371328383
2006-07-20 00:30:00,-13.095871196880866,-13.182079985653514,-13.309495974155032,-13.039909093419729
2006-07-20 00:35:00,-13.190443749666134,-13.235930918723996,-13.33318040460652,-13.100083737358691
2006-07-20 00:40:00,-13.148331354140298,-13.207637644935572,-13.356654045810624,-13.085249026649754
2006-07-20 00:45:00,-12.819215163099724,-13.065119000930126,-13.206375792466757,-13.103924010851422
2006-07-20 00:50:00,-12.996835689963593,-13.132708109278576,-13.233694102188544,-13.136512245959054
2006-07-20 00:55:00,-12.96498736331418,-13.118385992024068,-13.209488419397196,-13.124028654074124
2006-07-20 01:00:00,-13.119641182515547,-13.18605214405624,-13.237982607173103,-13.152464538178418
2006-07-20 01:05:00,-13.55149149043474,-13.394549502736306,-13.41381416102582,-13.118705961814472
2006-07-20 01:10:00,-13.059323205524471,-13.18371024734672,-13.29308824323229,-13.141497680577322
2006-07-20 01:15:00,-12.931265241766432,-13.12580719233536,-13.227868619534265,-13.183652110443168
2006-07-20 01:20:00,-13.19236512951884,-13.227115675833826,-13.290659420167676,-13.196213150744118
2006-07-20 01:25:00,-12.890085696366793,-13.098190746585688,-13.161957079659215,-13.283656387478016
2006-07-20 01:30:00,-13.29025648714132,-13.263563727222255,-13.26874340086608,-13.268510625543938
2006-07-20 01:35:00,-13.348939996114243,-13.298225174612954,-13.343305368580404,-13.250792240581475
2006-07-20 01:40:00,-13.196073460282678,-13.250394475461658,-13.28457021470855,-13.287704606643167
2006-07-20 01:45:00,-13.18419202332766,-13.252739190842531,-13.294483051921375,-13.3334982014142
2006-07-20 01:50:00,-13.267731241232015,-13.300767630630473,-13.313679208090536,-13.35031131586558
2006-07-20 01:55:00,-13.41474503004182,-13.375945252730938,-13.35811311330883,-13.32495852339954
2006-07-20 02:00:00,-13.19938208899356,-13.272297141914764,-13.33094108687604,-13.332050184892545
2006-07-20 02:05:00,-13.24262955624695,-13.29345904708088,-13.314521914396108,-13.346388289072792
2006-07-20 02:10:00,-13.417547649425464,-13.391037727321669,-13.375455548216808,-13.300153463824165
2006-07-20 02:15:00,-13.458953718432705,-13.417288425616457,-13.414728874996907,-13.291466231977711
2006-07-20 02:20:00,-13.368609884576108,-13.40050398933928,-13.383281493374316,-13.265438837500556
2006-07-20 02:25:00,-13.26262833306448,-13.3510620220033,-13.367494521447322,-13.253420297479856
2006-07-20 02:30:00,-13.24193194231379,-13.338489938292524,-13.340490149445928,-13.225971150716186
2006-07-20 02:35:00,-13.32865816687371,-13.379076774924972,-13.350137083125087,-13.243535173671432
2006-07-20 02:40:00,-13.140138791889402,-13.300896277682089,-13.291266142538944,-13.260112965201426
2006-07-20 02:45:00,-13.406830309285604,-13.416102184162751,-13.378689343709375,-13.300287820492116
2006-07-20 02:50:00,-13.212445517713158,-13.329084711350806,-13.347447633890544,-13.32830485003296
2006-07-20 02:55:00,-13.19051697730248,-13.31809622948126,-13.313705856596671,-13.3653339235435
2006-07-20 03:00:00,-13.077237119550666,-13.267749034998369,-13.276629163415022,-13.413700365391156
2006-07-20 03:05:00,-13.434042228717884,-13.412292684779334,-13.382895446221069,-13.39727721050815
2006-07-20 03:10:00,-13.23960564225244,-13.324208641181135,-13.345037812243016,-13.424797369721578
2006-07-20 03:15:00,-13.64787940489293,-13.509777459899803,-13.488423712242913,-13.390608385855304
2006-07-20 03:20:00,-13.380547723867686,-13.40043709287244,-13.454074049522406,-13.408172575039888
2006-07-20 03:25:00,-13.412691490639348,-13.421535245474384,-13.456109330995735,-13.42150441715985
2006-07-20 03:30:00,-13.367435720045057,-13.404143436111603,-13.447587028243518,-13.418865804698612
2006-07-20 03:35:00,-13.335503288578808,-13.399703927543388,-13.414495464322604,-13.446128785446604
2006-07-20 03:40:00,-13.40472660476036,-13.426946621084982,-13.437325419802006,-13.468868384085145
2006-07-20 03:45:00,-13.44274543664903,-13.453816422474633,-13.458153037351396,-13.51434921835982
2006-07-20 03:50:00,-13.485932933055649,-13.48495314482402,-13.4770544007819,-13.530735824470916
2006-07-20 03:55:00,-13.4926825289044,-13.505998163664067,-13.48824497062276,-13.568566813595815
2006-07-20 04:00:00,-13.351604030822903,-13.440339433234575,-13.456615478153998,-13.651526476532636
2006-07-20 04:05:00,-13.499081187521488,-13.51294861694952,-13.482695092110832,-13.696536292755376
2006-07-20 04:10:00,-13.541164189364238,-13.521604156811623,-13.520335630900671,-13.73084959809684
2006-07-20 04:15:00,-13.715630435069718,-13.615580249828586,-13.571587535696672,-13.747926467913482
2006-07-20 04:20:00,-13.584252575142736,-13.564737634104446,-13.56791619150531,-13.835043996331189
2006-07-20 04:25:00,-13.719668434744364,-13.639957261635477,-13.6145116351263,-13.919699191271503
2006-07-20 04:30:00,-13.849361979534375,-13.721587646388338,-13.67717197002373,-13.992989300939708
2006-07-20 04:35:00,-13.769140077630569,-13.698057464639756,-13.685732377377468,-14.131332986752073
2006-07-20 04:40:00,-13.74704400695829,-13.700054702888742,-13.691575218633124,-14.299937350049651
2006-07-20 04:45:00,-13.818091841880992,-13.74376457679171,-13.723659467568316,-14.441135728392114
2006-07-20 04:50:00,-14.106957637238546,-13.901798257588272,-13.816879373041749,-14.547615071719877
2006-07-20 04:55:00,-14.227599546567358,-14.000693842768506,-13.889646600940267,-14.723016104484683
2006-07-20 05:00:00,-14.289102839909749,-14.052640365833316,-13.965729845076826,-14.903008998618164
2006-07-20 05:05:00,-14.599202250323652,-14.249438207498605,-14.106857571311078,-15.046669074430122
2006-07-20 05:10:00,-14.758670360200464,-14.35622676630144,-14.22078878879703,-15.070069539477442
2006-07-20 05:15:00,-14.665281504837315,-14.346289316388877,-14.227795848476738,-15.234977020153307
2006-07-20 05:20:00,-14.7458346801264,-14.412529654356838,-14.287910284248504,-15.375041569874554
2006-07-20 05:25:00,-15.28000556969952,-14.751171248921956,-14.520539036426811,-15.40997702103047
2006-07-20 05:30:00,-15.369060320348424,-14.847226480659192,-14.590798280804686,-15.47201149660351
2006-07-20 05:35:00,-15.461161664455211,-14.945016973211317,-14.672665166678634,-15.479715055511017
2006-07-20 05:40:00,-14.899073613035586,-14.673840783458946,-14.504035513356264,-15.839258413558213
2006-07-20 05:45:00,-15.654727082719296,-15.098899199197485,-14.817670141519082,-15.818732704199151
2006-07-20 05:50:00,-15.58622140026489,-15.07927107043586,-14.818669322386318,-15.695980173759231
2006-07-20 05:55:00,-15.489618276635014,-15.058979296344594,-14.802790941576442,-15.529045678101086
2006-07-20 06:00:00,-15.741267173786667,-15.19989332133881,-14.950892783947085,-15.390685051351138
2006-07-20 06:05:00,-15.507383017900231,-15.094875003785116,-14.8887960947577,-15.259771614507857
2006-07-20 06:10:00,-17.056333530043172,-16.251632287826247,-15.665705450484602,-14.96498866187438
2006-07-20 06:15:00,-15.531572826564933,-15.206910454270226,-14.94014196534112,-14.884152289615043
2006-07-20 06:20:00,-14.84970563943637,-14.959393758235398,-14.703870523748098,-14.868204796364346
2006-07-20 06:25:00,-14.48801164959954,-14.82735967548001,-14.585042319785073,-14.877032123404533
2006-07-20 06:30:00,-14.91110410711378,-14.91122471733835,-14.612342253232033,-14.9134165161845
2006-07-20 06:35:00,-14.721902165564932,-14.8607549467883,-14.48575449276576,-14.951609137230651
2006-07-20 06:40:00,-15.287635929880125,-14.978683646434344,-14.761432460054982,-15.070379101865916
2006-07-20 06:45:00,-15.04655413045771,-14.893990059744691,-14.6686205253285,-15.167321275523063
2006-07-20 06:50:00,-14.754020448656592,-14.790782977039964,-14.51577190508165,-15.356197696667143
2006-07-20 06:55:00,-14.540975727478465,-14.684336648303876,-14.397723820507167,-15.478015642413885
2006-07-20 07:00:00,-15.129410926344775,-14.817685764111834,-14.543355856649644,-15.521611323990134
2006-07-20 07:05:00,-14.951057891841836,-14.617465968692445,-14.511799373164376,-15.451223520715851
2006-07-20 07:10:00,-16.000255370778326,-15.186765424546152,-14.92995999711598,-15.29188469389855
2006-07-20 07:15:00,-15.628206478573798,-15.052320640590716,-14.752991934633371,-15.05468508667108
2006-07-20 07:20:00,-15.887280016261272,-15.271093480152514,-14.865911817323486,-14.579455014628843
2006-07-20 07:25:00,-15.271883748872288,-14.941403754537326,-14.648085154516878,-14.316584509804445
2006-07-20 07:30:00,-15.390985247077875,-15.025880173440068,-14.669579697091054,-14.24733435119875
2006-07-20 07:35:00,-14.528729915818149,-14.69603919358352,-14.356405173632089,-14.43444585043245
2006-07-20 07:40:00,-15.044223103701317,-14.850349626340147,-14.533598054717462,-14.525123751049913
2006-07-20 07:45:00,-14.205008141382184,-14.57981256670399,-14.244702893607448,-14.63625329501604
2006-07-20 07:50:00,-13.03589952618896,-14.109167244305771,-13.83801322306971,-15.065207548209829
2006-07-20 14:55:00,-15.076621230267056,-14.623880513052198,-14.510639574350725,-14.151763352745688
2006-07-20 15:00:00,-14.711716672573072,-14.408312459457594,-14.45935813703473,-13.997359022096104
2006-07-20 15:05:00,-14.401376330804522,-14.31035197934064,-14.262975947268677,-13.865230260892616
2006-07-20 15:10:00,-14.09819107786184,-14.181094013230789,-14.172319212293136,-13.731125741161344
2006-07-20 15:15:00,-13.79694018511483,-14.068229555363173,-13.970437108146882,-13.69099101218698
2006-07-20 15:20:00,-14.517315424296326,-14.304999568166592,-14.167131752737731,-13.636396484703427
2006-07-20 15:25:00,-13.385040563143423,-13.878303836829096,-13.798649817651306,-13.85338365982461
2006-07-20 15:30:00,-13.78529068867557,-13.97388478013289,-13.764857796365508,-13.810877951234223
2006-07-20 15:35:00,-13.608603720219415,-13.89938686256143,-13.765068687380234,-13.754595531069288
2006-07-20 15:40:00,-13.293563829381686,-13.76122605792851,-13.638145327287328,-13.736275670548984
2006-07-20 15:45:00,-13.556131688403475,-13.834805927012074,-13.63810479480773,-13.784035700550238
2006-07-20 15:50:00,-14.189748461761162,-13.985708513826102,-13.94704021405892,-13.78011228347988
2006-07-20 15:55:00,-14.686963707826235,-14.198868063338844,-14.120833367996095,-13.801835248793015
2006-07-20 16:00:00,-13.53025631065442,-13.747966738777055,-13.643169682865466,-14.086181340768606
2006-07-20 16:05:00,-13.270909112501444,-13.623352222949045,-13.523231008174612,-14.239834546093448
2006-07-20 16:10:00,-13.18364494089962,-13.561936308418682,-13.442968818869222,-14.643279216420195
2006-07-20 22:55:00,-12.738603301627544,-12.906234110293608,-13.021265441035451,-12.729964232924464
2006-07-20 23:00:00,-12.534199210262784,-12.814061186389113,-12.932347851829087,-12.738629724864662
2006-07-20 23:05:00,-12.771105386574767,-12.899772559168476,-12.979388963729166,-12.752384436347915
2006-07-20 23:10:00,-12.889734851284,-12.942729977912007,-12.995532579315872,-12.739736436421964
2006-07-20 23:15:00,-12.631638857732115,-12.83029696467323,-12.902795254591291,-12.78071124509811
2006-07-20 23:20:00,-12.60136939177416,-12.81015401642954,-12.85825820089999,-12.782235062197149
2006-07-20 23:25:00,-12.951737757737858,-12.962081385420133,-12.947850507602112,-12.751901012528336
2006-07-20 23:30:00,-12.586192277541771,-12.803343296969707,-12.839079883092545,-12.814780453500171
2006-07-20 23:35:00,-12.853634002387686,-12.903493378814629,-12.885248529007807,-12.77572031768438
2006-07-20 23:40:00,-12.81384610008259,-12.888137372906868,-12.90207631191514,-12.774510457210187
2006-07-20 23:45:00,-12.877488056702392,-12.917620097097926,-12.898632388662932,-12.742007736255069
2006-07-20 23:50:00,-12.610512120911682,-12.80311416067058,-12.81961312755367,-12.74727203142612
2006-07-20 23:55:00,-12.76973345972499,-12.873395345893996,-12.846952081508247,-12.754697828339932
2006-07-21 00:00:00,-12.963468923372805,-12.966932622372422,-12.923451292397417,-12.697155245258148
2006-07-21 00:05:00,-12.619273303130722,-12.818939598224215,-12.842138776864951,-12.718795124812557
2006-07-21 00:10:00,-12.806586879418536,-12.895069338599171,-12.879536415175592,-12.736110208495562
2006-07-21 00:15:00,-12.68247207788507,-12.84687144607122,-12.864615170781372,-12.787514910652192
2006-07-21 00:20:00,-12.6420977763002,-12.825711810296914,-12.829237003660143,-12.825805766008768
2006-07-21 00:25:00,-12.814287894294456,-12.895585834829324,-12.87295515006636,-12.870989906213811
2006-07-21 00:30:00,-12.6182133670632,-12.81164817243308,-12.835036288492244,-12.880702960977018
2006-07-21 00:35:00,-12.749113100827278,-12.85863597321124,-12.851268121828664,-12.849613391747091
2006-07-21 00:40:00,-12.910477034603174,-12.927633694501267,-12.932919028320647,-12.813670330627795
2006-07-21 00:45:00,-12.990900233005949,-12.978400596376376,-12.96737553221496,-12.797579099592689
2006-07-21 00:50:00,-12.871842966258557,-12.933199052682554,-12.956568654340227,-12.786556273296776
2006-07-21 00:55:00,-13.085392706615266,-13.03220645961462,-13.047729806429167,-12.774867835828632
2006-07-21 01:00:00,-12.676491464366835,-12.860918663367569,-12.91569883053192,-12.804525924742189
2006-07-21 01:05:00,-12.562575858904436,-12.811222104961908,-12.862646583264338,-12.852879523566768
2006-07-21 01:10:00,-12.694819072619689,-12.860164531460043,-12.878353471560104,-12.87682718667993
2006-07-21 01:15:00,-12.894352904614191,-12.952912117407694,-12.938941910547376,-12.869386009938824
2006-07-21 01:20:00,-12.805705603750786,-12.918134858761093,-12.951994066811352,-12.937095988696894
2006-07-21 01:25:00,-13.015262139625316,-13.022560503684405,-13.032811120756758,-12.953586054501466
2006-07-21 01:30:00,-12.854439940029252,-12.959612171493688,-13.024130308095978,-12.93849196820891
2006-07-21 01:35:00,-12.85269733621412,-12.958789292914538,-13.016987374472825,-12.95324752484429
2006-07-21 01:40:00,-12.838505166936468,-12.947451006702392,-13.004146399987416,-12.967211829838604
2006-07-21 01:45:00,-12.84970595980536,-12.948073774070016,-12.982856206241516,-12.96638681196017
2006-07-21 01:50:00,-13.211965620846454,-13.109050379037472,-13.121215308247002,-12.899803781374262
2006-07-21 01:55:00,-13.114202621181091,-13.0871353104304,-13.140193464225495,-12.883804251113922
2006-07-21 02:00:00,-12.763875017541617,-12.945130156072327,-13.053741988546502,-12.960219443396218
2006-07-21 02:05:00,-12.941230849483103,-13.029554711422128,-13.093743620598472,-13.061699302113109
2006-07-21 02:10:00,-12.922290765626755,-13.0244397913782,-13.088595966613063,-13.100108021296524
2006-07-21 02:15:00,-12.844756141629246,-12.993410267075513,-13.027663990146266,-13.139191284672158
2006-07-21 02:20:00,-12.812467408421556,-12.97571016734005,-13.020024082964072,-13.19400354367689
2006-07-21 02:25:00,-13.01820515052456,-13.063645891006042,-13.062848014250074,-13.218516039620276
2006-07-21 02:30:00,-13.222366460329887,-13.170202104560824,-13.14348084022508,-13.217465036572742
2006-07-21 02:35:00,-13.550109792190929,-13.359229895584065,-13.30024886983524,-13.13615744028164
2006-07-21 02:40:00,-13.152743109636706,-13.18958083149901,-13.250294740382373,-13.162206386753626
2006-07-21 02:45:00,-13.079255721883056,-13.155257046481994,-13.253237168697796,-13.193991372798523
2006-07-21 02:50:00,-13.141341020268849,-13.180251520772469,-13.243099672802318,-13.165594458632562
2006-07-21 02:55:00,-13.16527998163762,-13.206984898468503,-13.20706440847417,-13.174888239645297
2006-07-21 03:00:00,-13.216060499863588,-13.239867923235764,-13.230552166262813,-13.187830508860776
2006-07-21 03:05:00,-13.062264221671676,-13.181686238947217,-13.201857903887106,-13.214663335064133
2006-07-21 03:10:00,-13.309036933015864,-13.306200930445064,-13.263985210509068,-13.194286596099897
2006-07-21 03:15:00,-13.269965551424098,-13.307547763892416,-13.280142579225508,-13.261601310405556
2006-07-21 03:20:00,-12.97095959309197,-13.1818272881528,-13.206645156090143,-13.2852678291194
2006-07-21 03:25:00,-13.221042638804576,-13.283214636630325,-13.269488395982492,-13.298752497432057
2006-07-21 14:05:00,-14.732624564858508,-14.360539940574023,-14.247987594579683,-14.219840770610734
2006-07-21 14:10:00,-14.792766049658546,-14.378711958168047,-14.277234366408283,-14.194197857361212
2006-07-21 14:15:00,-13.870252208145985,-14.038985449770776,-13.9120209076717,-14.301987550410674
2006-07-21 14:20:00,-13.896796200036368,-14.034751949941846,-13.861959515437457,-14.357672007515918
2006-07-21 14:25:00,-14.308658579409068,-14.215583333757367,-13.994698210526549,-14.39401621616066
2006-07-21 14:30:00,-14.413017298956088,-14.319810457488892,-14.045164229723555,-14.263612279460675
2006-07-21 14:35:00,-14.037554085092204,-14.158034853147823,-14.006189779096824,-14.382127089291997
2006-07-21 14:40:00,-14.638908685799208,-14.370102724017162,-14.268731152302305,-14.395049150802068
2006-07-21 14:45:00,-14.516990713356156,-14.338295853518764,-14.224164149935255,-14.349167309935517
2006-07-21 14:50:00,-14.23090250902608,-14.2366230531339,-14.110227233477996,-14.402137747893391
2006-07-21 14:55:00,-14.526723715639724,-14.304848082649633,-14.24129647889088,-14.506497276905009
2006-07-21 15:00:00,-13.630594054579044,-13.975675604910291,-13.905003206035367,-14.610801068497407
2006-07-21 15:05:00,-14.748642712804518,-14.353097723092729,-14.300532110026069,-14.476702388474996
2006-07-21 15:10:00,-14.716441170497433,-14.427940703857017,-14.272285333203463,-14.412699931016167
2006-07-21 15:15:00,-14.24169955251904,-14.23366058617494,-14.110907446410373,-14.337178850197333
2006-07-21 15:20:00,-14.548725078954453,-14.351054981369751,-14.238700713766285,-14.18141866635206
2006-07-21 15:25:00,-15.152880427158223,-14.65663017852752,-14.505195079558842,-14.013090388300084
2006-07-21 15:30:00,-14.25641770032638,-14.285664407769255,-14.117337049099527,-13.9595021264905
2006-07-21 15:35:00,-13.944050430303898,-14.14587062395485,-14.055901091665095,-14.03950356493012
2006-07-21 15:40:00,-14.332426136649968,-14.26511048278719,-14.156050161184917,-14.062324684603418
2006-07-21 15:45:00,-13.78857315433438,-14.068178096542525,-13.946753433681383,-14.016946272895709
2006-07-21 15:50:00,-13.614164077065883,-13.978573199063897,-13.865233690758606,-14.038334524599046
2006-07-21 15:55:00,-14.142910874484173,-14.182556773571845,-13.974191305495072,-14.056876525331628
2006-07-21 16:00:00,-13.934887927102713,-14.062917501781047,-13.957834385553747,-14.16935145727262
2006-07-21 16:05:00,-14.42405920548887,-14.20899729854139,-14.102204128628207,-14.219745022512992
2006-07-21 16:10:00,-14.46935291250866,-14.256476213052778,-14.116678759760852,-14.296099909683
2006-07-21 16:15:00,-13.516302467267252,-13.885271129869055,-13.733660842371084,-14.60534354256388
2006-07-21 16:20:00,-13.742493775197335,-13.892414047816558,-13.783989184888824,-14.92233253741668
2006-07-21 16:25:00,-14.25416293669856,-14.071361258241268,-13.914744289046626,-14.928907124490534
2006-07-21 16:30:00,-14.60973754765811,-14.273273701946538,-14.055723434957528,-14.685778882935573
2006-07-21 16:35:00,-14.726420481293308,-14.316638570475574,-14.18775685327105,-14.626675016107807
2006-07-21 16:40:00,-14.927482235528718,-14.500253645212482,-14.30773997121518,-14.501529245775522
2006-07-21 16:45:00,-15.371764857196254,-14.838291494827946,-14.548861993376065,-14.397410763756351
2006-07-21 16:50:00,-15.644426761392822,-14.992405343325924,-14.760470380654006,-14.221474963989111
2006-07-21 16:55:00,-14.293610690417294,-14.337265636365638,-14.138294609009984,-14.238531828466492
2006-07-21 17:00:00,-13.15096850306064,-13.908410137852371,-13.759096892360576,-14.17284811304501
2006-07-21 17:05:00,-14.371796586499933,-14.295394808202342,-14.193178261413864,-13.934036659443857
2006-07-21 17:10:00,-14.176607786991694,-14.27522792293422,-14.050646989037068,-13.94572634001834
2006-07-21 17:15:00,-14.747054427632424,-14.531540376890051,-14.290129393891952,-13.666073914038895
2006-07-21 17:20:00,-14.588811962789396,-14.459457323479407,-14.34497780571816,-13.57182433039945
2006-07-21 17:25:00,-14.395951935100468,-14.375150198314705,-14.286576841268309,-13.59294970847574
2006-07-21 17:30:00,-12.756865690161646,-13.76749830997634,-13.625476048850722,-13.803191275445409
2006-07-21 17:35:00,-12.938927980530815,-13.777163432871776,-13.5727788823872,-13.974348198613209
2006-07-21 17:40:00,-14.246745986076393,-14.08920573176904,-14.031813749757513,-13.88567820383171
2006-07-21 17:45:00,-13.069139987393566,-13.682894602766122,-13.566740705982372,-13.982461982613394
2006-07-21 17:50:00,-14.023314388679085,-13.918034498423586,-13.808032999449235,-13.879556772383491
2006-07-21 17:55:00,-14.522704261377124,-14.232386777997789,-13.990011446307363,-13.739186447411695
2006-07-21 18:00:00,-14.01831501970601,-13.958859324874162,-13.886612363941678,-13.669656951247294
2006-07-21 18:05:00,-13.965869635175428,-13.935909037779153,-13.859995580141897,-13.657673391660854
2006-07-21 18:10:00,-13.714726060751577,-13.805362982223944,-13.86050671390005,-13.580954989841675
2006-07-21 18:15:00,-13.6498423854439,-13.740818703856938,-13.782656875887612,-13.556601293506052
2006-07-21 18:20:00,-13.405883163436483,-13.619044989568396,-13.729799643928974,-13.547253032635169
2006-07-21 18:25:00,-13.680482297091611,-13.757242827206513,-13.70232773820756,-13.479313951230376
2006-07-21 18:30:00,-13.60113814390268,-13.745639759343634,-13.743050595431844,-13.383651507444636
2006-07-21 18:35:00,-13.893968335475686,-13.82546855054904,-13.933309356834547,-13.272221283518483
2006-07-21 18:40:00,-13.25441564983652,-13.596321844020476,-13.69792858304286,-13.230679806262051
2006-07-21 18:45:00,-13.503720164065973,-13.674249838901432,-13.770094743926848,-13.203117768096908
2006-07-21 18:50:00,-13.34979359098381,-13.57561821145261,-13.740238036786526,-13.158519044250344
2006-07-21 18:55:00,-13.272847809114582,-13.503806415409455,-13.611678490400957,-13.166982314589182
2006-07-21 19:00:00,-13.027163495191248,-13.377831767787184,-13.500981555437008,-13.188664893400947
2006-07-21 19:05:00,-13.225387064192397,-13.4179810382148,-13.487511949524826,-13.157629500479953
2006-07-21 19:10:00,-13.005166670660138,-13.310709865056978,-13.394271777811596,-13.152533834129592
2006-07-21 19:15:00,-13.338347949529826,-13.426640415806366,-13.443324960961304,-13.135282755968449
2006-07-21 19:20:00,-13.082201421361129,-13.3087623221522,-13.401728968995368,-13.149081959094945
2006-07-21 19:25:00,-13.32362730105508,-13.38185350589632,-13.425775771154257,-13.083996033276456
2006-07-21 19:30:00,-13.157259170427997,-13.288797976489386,-13.39582598323896,-13.056613782979626
2006-07-21 19:35:00,-13.039174330843574,-13.220134303891816,-13.286301975076135,-13.116494764727504
2006-07-21 19:40:00,-12.974592759286324,-13.177593210134871,-13.237796227550271,-13.11569880084612
2006-07-21 19:45:00,-13.234841408289329,-13.26759720256801,-13.290808407560403,-13.064189793394606
2006-07-21 19:50:00,-13.164996611210666,-13.233602696184231,-13.271442372616455,-13.052856913249574
2006-07-21 19:55:00,-12.93311203523865,-13.134839024823444,-13.190095605103384,-13.02990708870576
2006-07-21 20:00:00,-12.992965639737566,-13.15170991481025,-13.197148750852074,-13.014797564767008
2006-07-21 20:05:00,-13.39846019242139,-13.338169896228498,-13.31634782409579,-12.919286322146686
2006-07-21 20:10:00,-12.969816918179117,-13.14801820698005,-13.20855646313027,-12.900172723772627
2006-07-21 20:15:00,-12.925787363580246,-13.118762393060484,-13.170349163824724,-12.860196216217028
2006-07-21 20:20:00,-13.09699909906487,-13.178654504946534,-13.229421414756995,-12.838077943087304
2006-07-21 20:25:00,-12.795413319251358,-13.04434481485002,-13.107286876991877,-12.8586855818271
2006-07-21 20:30:00,-12.902308322648365,-13.076663816251653,-13.107683740560054,-12.85462374631109
2006-07-21 20:35:00,-12.825392823427803,-13.0394838065037,-13.09168341339477,-12.80815764546405
2006-07-21 20:40:00,-12.855135501391477,-13.040058150542906,-13.076272987912482,-12.815024911807695
2006-07-21 20:45:00,-12.68592802915214,-12.953660525244157,-13.013268068785695,-12.848968190646424
2006-07-21 20:50:00,-12.964289489195972,-13.056372128888736,-13.07974622015998,-12.787239750508984
2006-07-21 20:55:00,-12.919059382965743,-13.035792590134143,-13.081909008847202,-12.751316116539952
2006-07-21 21:00:00,-12.877937540827906,-13.002892537700951,-13.073272159679355,-12.754892504574894
2006-07-21 21:05:00,-12.54659627616446,-12.84453111047199,-12.93609283196348,-12.810338574357074
2006-07-21 21:10:00,-12.896338636902156,-12.97754117625268,-13.006075385469146,-12.820380271745623
2006-07-21 21:15:00,-12.88958793346011,-12.967762670495125,-13.019085264670473,-12.788975011323869
2006-07-21 21:20:00,-12.593919079646918,-12.835511015220527,-12.902937321804576,-12.857288503755992
2006-07-21 21:25:00,-12.703516769686964,-12.872456424783342,-12.918045352891006,-12.83928115438804
2006-07-21 21:30:00,-12.899396042494262,-12.95280324441974,-12.96836895595812,-12.775725637023143
2006-07-21 21:35:00,-12.879272868314237,-12.946221603440137,-12.96091417811424,-12.76070977970175
2006-07-21 21:40:00,-12.956589110327943,-12.989407464656,-12.992107090491258,-12.721897629146351
2006-07-21 21:45:00,-12.701156139653976,-12.878821996535134,-12.941302796640269,-12.737172862051366
2006-07-21 21:50:00,-13.003799918601873,-13.003478821342927,-12.993015262275891,-12.776572626083428
2006-07-21 21:55:00,-12.595472962573748,-12.828076892385177,-12.900442393580445,-12.814884758795058
2006-07-21 22:00:00,-12.518062707029284,-12.787217894964932,-12.829935476561808,-12.908857295949696
2006-07-21 22:05:00,-12.789177550929177,-12.897741207768725,-12.903696215432642,-12.949898307265888
2006-07-21 22:10:00,-12.723716611727864,-12.86383233117526,-12.903644924690884,-12.992044353391291
2006-07-21 22:15:00,-12.79280759490295,-12.894176383513702,-12.904321997373764,-13.035156235325116
2006-07-21 22:20:00,-13.240198343792269,-13.11930184339378,-13.094696715396724,-12.932926147476428
2006-07-21 22:25:00,-12.825345874481329,-12.938345859849612,-13.041494550292118,-12.931430777275995
2006-07-21 22:30:00,-13.081898074504362,-13.05383327209772,-13.100305782523272,-12.896615126880056
2006-07-21 22:35:00,-13.035423185184582,-13.038719903202145,-13.13506017397389,-12.929051471738433
2006-07-21 22:40:00,-12.976593293212588,-13.024843772029726,-13.081911916485623,-12.931024136955088
2006-07-21 22:45:00,-13.051478539592487,-13.06046550461448,-13.116872226889264,-12.915991107420512
2006-07-21 22:50:00,-12.626817917883216,-12.884546645784823,-12.974693883664097,-12.93681435283693
2006-07-21 22:55:00,-12.816373653278736,-12.971584268483282,-12.98105748296108,-13.016231300020465
2006-07-21 23:00:00,-12.873004027581482,-13.000744710127952,-13.020970693728644,-13.02698830392545
2006-07-21 23:05:00,-13.230041109787589,-13.177215739448814,-13.126668293343076,-12.988490803821692
2006-07-21 23:10:00,-12.988429400150316,-13.080540053099938,-13.10960670723025,-13.00558568422556
2006-07-21 23:15:00,-12.96128070929843,-13.062168155569989,-13.11240836223149,-13.054833047600203
2006-07-21 23:20:00,-12.751756985649424,-12.967975386226762,-12.999493713290535,-13.124564288360045
2006-07-21 23:25:00,-13.292875350834665,-13.204649332928492,-13.150541458604517,-13.114573182508648
2006-07-21 23:30:00,-12.937546166649204,-13.05284847169023,-13.073300276542897,-13.14508788732927
2006-07-21 23:35:00,-12.999056484987891,-13.07755127854166,-13.075169713589748,-13.170936057672384
2006-07-21 23:40:00,-13.090998220022326,-13.117665973267313,-13.121371157666406,-13.201412457472015
2006-07-21 23:45:00,-13.256765091912438,-13.218769286400535,-13.160596072266785,-13.18750848649944
2006-07-21 23:50:00,-13.17014434348012,-13.193148199785616,-13.16102241928856,-13.175752082914814
2006-07-21 23:55:00,-13.23292881690936,-13.235792615916148,-13.199568458470235,-13.194667160097085
2006-07-22 00:00:00,-13.12063445339183,-13.18445157236798,-13.17543895580554,-13.211486302168746
2006-07-22 00:05:00,-13.154145333589875,-13.203777395013027,-13.166618954493511,-13.18986041478804
2006-07-22 00:10:00,-13.273856720003204,-13.268860400977086,-13.21673512663562,-13.185909938472664
2006-07-22 00:15:00,-13.173341294986418,-13.243150244347325,-13.20028934926413,-13.219461378628784
2006-07-22 00:20:00,-13.099605748515671,-13.204472436005156,-13.19640061548617,-13.192438790796936
2006-07-22 00:25:00,-13.346419308912427,-13.32532980746334,-13.27272368163975,-13.12207018339732
2006-07-22 00:30:00,-13.221549479278496,-13.279139705133554,-13.258927838696652,-13.104016839094736
2006-07-22 00:35:00,-13.024389778030043,-13.195923391328758,-13.197355716554933,-13.156019764496106
2006-07-22 00:40:00,-13.250154021112934,-13.288008170320808,-13.26624226483392,-13.144694892268667
2006-07-22 00:45:00,-13.37465001542412,-13.350489542623606,-13.314436429826513,-13.111189418137734
2006-07-22 00:50:00,-12.937470134796223,-13.163674610980694,-13.189051152305922,-13.138289107472204
2006-07-22 00:55:00,-12.924207693424192,-13.14898953558393,-13.171147077960407,-13.197139293877958
2006-07-22 01:00:00,-13.113229413462976,-13.221814839118224,-13.209307418905444,-13.22407301406112
2006-07-22 01:05:00,-13.336407214800476,-13.316381769015509,-13.274324511049208,-13.220037948695625
2006-07-22 01:10:00,-13.182205163571156,-13.253264591183225,-13.266506714548374,-13.213557375152524
2006-07-22 01:15:00,-13.173617120046972,-13.252637718673729,-13.273870686844344,-13.246625781766635
2006-07-22 01:20:00,-13.100068126255795,-13.214540354264674,-13.253851625387265,-13.271003949951517
2006-07-22 01:25:00,-13.2773086817662,-13.286605686182588,-13.27891494520748,-13.281188908118558
2006-07-22 01:30:00,-13.274831792380834,-13.297000194496515,-13.28714016000396,-13.28698567199078
2006-07-22 01:35:00,-13.312196779243342,-13.314881585391682,-13.320459195747702,-13.26277613262659
2006-07-22 01:40:00,-13.143321606674748,-13.23723667184318,-13.291155492358804,-13.293732024560631
2006-07-22 01:45:00,-13.372027841598776,-13.35098091654188,-13.33074540281026,-13.25047137459813
2006-07-22 01:50:00,-13.246337077546192,-13.308662020816111,-13.316124139472008,-13.28263983003992
2006-07-22 01:55:00,-13.33841818503812,-13.3556785720421,-13.343570036367735,-13.306888454980244
2006-07-22 02:00:00,-13.309612534616138,-13.341619126048489,-13.357421226208192,-13.361235409163056
2006-07-22 02:05:00,-13.166939586422377,-13.282321710454305,-13.303109578972824,-13.362539283168005
2006-07-22 02:10:00,-13.329056929369548,-13.356044739133283,-13.33528453168858,-13.383626255040236
2006-07-22 02:15:00,-13.112463920141682,-13.267503825045152,-13.28185616685296,-13.454916132524556
2006-07-22 02:20:00,-13.439347795742211,-13.410538647276804,-13.367506733528693,-13.48150264358111
2006-07-22 02:25:00,-13.483909857437611,-13.4396832429293,-13.423980958647496,-13.483335232886402
2006-07-22 02:30:00,-13.635694418714998,-13.521606729752657,-13.496840031574662,-13.482210104795609
2006-07-22 02:35:00,-13.174762830452057,-13.329895014319291,-13.384635689623748,-13.536608363624746
2006-07-22 02:40:00,-13.45557868290879,-13.447593175557891,-13.45517227182338,-13.563380096933306
2006-07-22 02:45:00,-13.5402031886613,-13.4980400498237,-13.485347318121756,-13.598302423199012
2006-07-22 02:50:00,-13.598866872979023,-13.533638423573016,-13.518694612476407,-13.62730025641591
2006-07-22 02:55:00,-13.494905398181723,-13.497649790319787,-13.507797934006293,-13.686814854251727
2006-07-22 03:00:00,-13.628943657454052,-13.577328190953644,-13.54529634197826,-13.67378175154497
2006-07-22 03:05:00,-13.50115235626782,-13.526840460407906,-13.51966140952072,-13.674174457511077
2006-07-22 03:10:00,-13.61620905927122,-13.59973778460902,-13.53128123402178,-13.732839840258974
2006-07-22 03:15:00,-13.7497372113018,-13.664671675631,-13.60021748111049,-13.682947261328936
2006-07-22 03:20:00,-13.772853872280418,-13.68614966226652,-13.627733539321335,-13.697775134952996
2006-07-22 03:25:00,-13.85199305747026,-13.726439143525674,-13.679305028108088,-13.713226831139597
2006-07-22 03:30:00,-13.550745113487126,-13.620722518212029,-13.586617046007524,-13.786616331496218
2006-07-22 03:35:00,-13.503508601098645,-13.599671625333148,-13.563877409046595,-13.84876551976607
2006-07-22 03:40:00,-13.968201297939716,-13.815568480555068,-13.692802096665163,-13.8559918703857
2006-07-22 03:45:00,-13.450381654606902,-13.593360909262357,-13.572244167681449,-13.911370465512045
2006-07-22 03:50:00,-13.861821056205876,-13.777979026269575,-13.64941242617145,-13.980327135383352
2006-07-22 03:55:00,-13.944703292408764,-13.82377179712129,-13.719368476552903,-14.02339475694953
2006-07-22 04:00:00,-13.991082144536303,-13.868316749391225,-13.73654481261604,-14.064868369272553
2006-07-22 04:05:00,-13.876403763240893,-13.82527323830618,-13.7393082903248,-14.12500707876541
2006-07-22 04:10:00,-14.0115592860197,-13.890229823246257,-13.795084820335218,-14.199233420965436
2006-07-22 04:15:00,-13.782653135022931,-13.795867471070496,-13.73281384729884,-14.297110352772464
2006-07-22 04:20:00,-14.275561017614832,-14.022814428654216,-13.88498897125807,-14.287252692941353
2006-07-22 04:25:00,-14.20310942653812,-14.026777451670805,-13.8864798628588,-14.329664706004928
2006-07-22 04:30:00,-14.239923934112234,-14.07374073723553,-13.917320427611877,-14.392188098193012
2006-07-22 04:35:00,-14.237235355280696,-14.063576521598725,-13.973124492958148,-14.349139961596002
2006-07-22 04:40:00,-14.456917801771048,-14.22854899071774,-14.02249238435243,-14.292969247545098
2006-07-22 04:45:00,-14.369914407861154,-14.185210314150224,-14.040853597610605,-14.289257678922883
2006-07-22 04:50:00,-14.216415000809258,-14.12609800576312,-14.008563749562612,-14.271104568109031
2006-07-22 04:55:00,-14.457581909651886,-14.246591378338852,-14.080166148433014,-14.263874488170377
2006-07-22 05:00:00,-14.615064402878534,-14.353136924306655,-14.13985310320402,-14.254896774172323
2006-07-22 05:05:00,-13.97894578405294,-14.081352132817068,-13.97019397142206,-14.45393619675632
2006-07-22 05:10:00,-14.11989409565462,-14.15201492277786,-13.963883029456891,-14.509586540710796
2006-07-22 05:15:00,-14.347644996127867,-14.231385239018865,-14.058855833829236,-14.438330528840076
2006-07-23 02:05:00,-13.076044518018003,-13.113501913936805,-13.102978454684123,-13.040246177604416
2006-07-23 02:10:00,-12.924588315240278,-13.048768307583048,-13.060718808786625,-13.017776365565105
2006-07-23 02:15:00,-12.87129177868864,-13.028339415971372,-13.024275515558758,-13.026104050584372
2006-07-23 02:20:00,-13.08570232682264,-13.13116208972209,-13.078160365088396,-13.02012285887714
2006-07-23 02:25:00,-13.145735516823724,-13.167376755122271,-13.121222751801362,-12.987108238294386
2006-07-23 02:30:00,-13.171032065955174,-13.184717192392757,-13.13976580876643,-12.969161656589916
2006-07-23 02:35:00,-13.043127148824382,-13.133735290939471,-13.117212304279068,-12.954995505817088
2006-07-23 02:40:00,-12.789769443004412,-13.020722296318777,-13.042075438296006,-13.042732419196794
2006-07-23 02:45:00,-12.921257773166449,-13.06111923400284,-13.019420718915184,-13.101738976816526
2006-07-23 02:50:00,-13.049814974213112,-13.112372306095262,-13.060948017923408,-13.106111270913951
2006-07-23 02:55:00,-12.94764799569334,-13.071964006997424,-13.031935747133518,-13.12791766889922
2006-07-23 03:00:00,-13.063352720275605,-13.12077287183748,-13.085792945021767,-13.133807217650578
2006-07-23 03:05:00,-12.958130099640163,-13.07759209868478,-13.066292635335504,-13.164967846308114
2006-07-23 03:10:00,-13.316190995556266,-13.252714126349554,-13.166906345475114,-13.147705493461546
2006-07-23 03:15:00,-13.275296844245066,-13.24179647263202,-13.22392138407126,-13.14929797050386
2006-07-23 03:20:00,-13.076048825526026,-13.156378646405942,-13.193887136528907,-13.19690319040143
2006-07-23 03:25:00,-13.078486383604938,-13.15321430475902,-13.187094049960653,-13.243725643581447
2006-07-23 03:30:00,-13.09869012842156,-13.16254225674142,-13.16731905567269,-13.252640262705311
2006-07-23 03:35:00,-13.145093900494828,-13.19646631079603,-13.15046571462363,-13.305634363047853
2006-07-23 03:40:00,-13.212616835112682,-13.237074287463646,-13.190801492483022,-13.33240921134963
2006-07-23 03:45:00,-13.284851764317857,-13.27818910460518,-13.23620976187462,-13.38339470480205
2006-07-23 03:50:00,-13.361680072637816,-13.331258803158953,-13.275147823406506,-13.480477024244472
2006-07-23 03:55:00,-13.359421203868129,-13.341891004969147,-13.304535063247258,-13.49054128545859
2006-07-23 04:00:00,-13.152177785345836,-13.261901809681518,-13.25271910022201,-13.597920623322846
2006-07-23 04:05:00,-13.463058562175815,-13.398813234622368,-13.3474582176944,-13.6446035450434
2006-07-23 04:10:00,-13.373265867104436,-13.365436270223162,-13.359784336644475,-13.70535266311409
2006-07-23 04:15:00,-13.59076477562392,-13.487668900345216,-13.422857309048522,-13.72447367676202
2006-07-23 04:20:00,-13.9441739603829,-13.698651553833178,-13.590899197802136,-13.72030636511841
2006-07-23 04:25:00,-13.419806756698112,-13.465371905383137,-13.522853378634592,-13.762348785321
2006-07-23 04:30:00,-13.79645381253137,-13.65942594032672,-13.614499263124817,-13.822958545388923
2006-07-23 04:35:00,-13.743156061782836,-13.654220157882063,-13.642507162912889,-13.895517448343298
2006-07-24 02:00:00,-12.937389014880084,-12.98056568289091,-12.995539906564694,-12.839701786882651
2006-07-24 02:05:00,-12.743155614868886,-12.895246900439853,-12.931754926202132,-12.872285974667312
2006-07-24 02:10:00,-12.820370269075992,-12.920990129480186,-12.943594248327646,-12.906904057883308
2006-07-24 02:15:00,-12.663941004924512,-12.845694021999709,-12.894621592224029,-12.941194654851952
2006-07-24 02:20:00,-12.888224563807473,-12.937619770108398,-12.954858555878882,-12.946435706825364
2006-07-24 02:25:00,-13.06949618072457,-13.025983816182649,-13.052288838092483,-12.931755777310665
2006-07-24 02:30:00,-12.85302331917008,-12.94126207168889,-13.061300685387575,-12.976246032901573
2006-07-24 02:35:00,-12.938660452482353,-12.9913441086982,-13.0949898635024,-12.995714465862491
2006-07-24 02:40:00,-13.02807899964756,-13.043481896682897,-13.151714574402138,-13.035993221715769
2006-07-24 02:45:00,-12.869684297641877,-12.97720883321776,-13.128430409455785,-13.096401193824075
2006-07-24 02:50:00,-12.919670933466843,-13.000728491926612,-13.124112275635705,-13.094745347267796
2006-07-24 02:55:00,-12.981416661455269,-13.029764622937137,-13.146117486745885,-13.138068441641868
2006-07-24 03:00:00,-13.119965112900577,-13.1061116467368,-13.169682587716546,-13.104844372095302
2006-07-24 03:05:00,-13.055471108066772,-13.088467746971752,-13.173656544376648,-13.157894715772432
2006-07-24 03:10:00,-13.269751448038868,-13.212388161364752,-13.22963698706958,-13.207866376502402
2006-07-24 03:15:00,-13.23213215920118,-13.207901096751613,-13.25352407991906,-13.239075919949002
2006-07-24 03:20:00,-12.909735391577966,-13.068788679759578,-13.168850247141949,-13.320471661152547
2006-07-24 03:25:00,-13.2413554589753,-13.222920249750285,-13.215354230996384,-13.343011506334005
2006-07-24 03:30:00,-12.920620666711724,-13.088142053110287,-13.147570462741598,-13.432123602490272
2006-07-24 03:35:00,-13.373773408632514,-13.295921525105522,-13.249262848582893,-13.455877386185184
2006-07-24 03:40:00,-13.56958123896199,-13.422057314000986,-13.372209816868518,-13.462068671898322
2006-07-24 03:45:00,-13.419389354834518,-13.371682272490574,-13.375453120338724,-13.489529941659084
2006-07-24 03:50:00,-13.398109896618145,-13.37905148638376,-13.387304436472728,-13.512650405133773
2006-07-24 03:55:00,-13.376594515609304,-13.37940846749727,-13.390202188923803,-13.56102649912398
2006-07-24 04:00:00,-13.455293218353566,-13.431222480485234,-13.387850229280868,-13.629711579169127
2006-07-24 04:05:00,-13.51629609273357,-13.465605157665175,-13.43400223623526,-13.654032087456384
2006-07-24 04:10:00,-13.606728927945063,-13.522247883530351,-13.490489407614136,-13.70522580844836
2006-07-24 04:15:00,-13.584156993274329,-13.546018721993804,-13.501955221777092,-13.78345317513674
2006-07-24 04:20:00,-13.536832679273118,-13.530901088954383,-13.517427594495956,-13.826549330329868
2006-07-24 04:25:00,-13.66685108677791,-13.624500231655388,-13.555201110494464,-13.8691649526484
2006-07-24 04:30:00,-13.86740376005704,-13.725083116873286,-13.656519014314332,-13.907649241133596
2006-07-24 04:35:00,-13.662219099092916,-13.633602950114383,-13.623816252534072,-13.991352043159653
2006-07-24 04:40:00,-13.913891311715837,-13.769173901686836,-13.709976324690444,-14.01741662964398
2006-07-24 04:45:00,-14.053521005493169,-13.86236212546836,-13.793300460788585,-14.084357154486131
2006-07-24 04:50:00,-13.795409632113987,-13.761069137434989,-13.723776034792644,-14.180570347457085
2006-07-24 04:55:00,-13.922544748415469,-13.833582941647672,-13.773749645422935,-14.273514922395682
2006-07-24 05:00:00,-14.098309490968228,-13.934913309599638,-13.85471321526841,-14.337683088820771
2006-07-24 05:05:00,-14.164436041341771,-13.98363796121242,-13.891928748184698,-14.461999157943756
2006-07-24 05:10:00,-14.0702790040785,-13.960263109937625,-13.88005872139745,-14.58860427730202
2006-07-24 05:15:00,-14.45516392327049,-14.181728980386229,-14.037949448355002,-14.648197754571624
2006-07-24 05:20:00,-14.372688847758605,-14.158079431519418,-14.04483845791479,-14.733791234614696
2006-07-24 05:25:00,-14.480212458232094,-14.221269591257723,-14.109544810740422,-14.753504472796536
2006-07-24 05:30:00,-14.48331768005417,-14.262845311757443,-14.1296532239262,-14.871933421561945
2006-07-24 05:35:00,-14.91033338118207,-14.501019167443223,-14.32585950156774,-14.907573106915024
2006-07-24 05:40:00,-14.829908795125704,-14.46893638515592,-14.343842431067252,-14.933333855081935
2006-07-24 05:45:00,-14.812725018163698,-14.510558360775324,-14.356507057282384,-14.991561765580716
2006-07-24 05:50:00,-14.886249728017042,-14.5717284437993,-14.424841154261246,-15.059010865463778
2006-07-24 05:55:00,-14.598492581149925,-14.450094882523397,-14.352009173255071,-15.10543470069521
2006-07-24 06:00:00,-15.193890794457625,-14.763792189602896,-14.581348804850744,-15.161552915185274
2006-07-24 06:05:00,-15.124172071489548,-14.765730510393183,-14.59076618047651,-15.26104814017329
2006-07-24 06:10:00,-14.984472243386996,-14.693009483244325,-14.574357097501904,-15.272988899319298
2006-07-24 06:15:00,-15.16209352189656,-14.807362083949922,-14.653120137513444,-15.274671776211145
2006-07-24 06:20:00,-15.29094386476421,-14.88915674665128,-14.719843577264983,-15.286181206366113
2006-07-24 06:25:00,-14.877034436160518,-14.72196646018129,-14.575175190648237,-15.442124676123129
2006-07-24 06:30:00,-15.530600775224809,-15.008035873368996,-14.843156173813044,-15.192948462031897
2006-07-24 06:35:00,-15.721144346520042,-15.13896677151996,-14.934858670023338,-14.889935567228932
2006-07-24 06:40:00,-15.056116220074053,-14.840640329805415,-14.701639550939888,-14.860532112749231
2006-07-24 06:45:00,-15.172191592712222,-14.892044338135252,-14.743648180412444,-14.875976465935585
2006-07-24 06:50:00,-15.359999289316042,-15.016003317734288,-14.81157689444255,-14.910510653928252
2006-07-24 06:55:00,-15.812695254702607,-15.207162775948094,-15.009793629594396,-14.842280536349357
2006-07-24 07:00:00,-14.035542970307317,-14.548155447155564,-14.32664206337256,-15.132065738938946
2006-07-24 07:05:00,-13.903067989533003,-14.465593065105278,-14.276235418152122,-15.265987261852976
2006-07-24 07:10:00,-14.879695261920247,-14.7316499694868,-14.58212514430934,-15.306253731190086
2006-07-24 07:15:00,-15.264858405657126,-14.847549688307977,-14.690740442774418,-15.286392360987463
2006-07-24 07:20:00,-15.56720430163427,-15.026971909902372,-14.818993465917572,-15.254794910543428
2006-07-24 07:25:00,-15.40331431795362,-14.902295050845863,-14.874278837645797,-15.28980356042624
2006-07-24 07:30:00,-15.774254012388164,-15.041200562905672,-15.01488443924866,-15.181446663971672
2006-07-24 07:35:00,-14.706598081029018,-14.695592947316385,-14.53951428476688,-15.14074643724974
2006-07-24 07:40:00,-15.121293384116116,-14.813494703355213,-14.647960126064744,-15.089528490138829
2006-07-24 07:45:00,-15.145691109543788,-14.802791268660709,-14.705780493274547,-15.07076764487125
2006-07-24 07:50:00,-15.377617748765264,-14.834448966398131,-14.830799640965076,-15.028980191561184
2006-07-24 07:55:00,-15.613367836179687,-15.14225978912795,-14.877394895589571,-14.911733523654856
2006-07-24 08:00:00,-15.124112633660756,-14.965028788190704,-14.757784187974496,-14.92252299287197
2006-07-24 08:05:00,-14.46239614250843,-14.694212578907264,-14.60127461834364,-14.980734367165462
2006-07-24 08:10:00,-14.813985238899445,-14.77327645498037,-14.689492019141674,-15.014599474851927
2006-07-24 08:15:00,-15.03312684740291,-14.804137061367868,-14.745154686031498,-14.927150817596194
2006-07-24 08:20:00,-15.126893028904863,-14.829939323504696,-14.767513495050144,-14.900081627731264
2006-07-24 08:25:00,-14.90988632545034,-14.71176339024395,-14.755865379227242,-14.91779120976626
2006-07-24 08:30:00,-15.188850720979232,-14.88069957620635,-14.789030600898473,-14.877833840266428
2006-07-24 08:35:00,-14.81166438826938,-14.712404023651551,-14.683985068276494,-14.83895641217338
2006-07-24 08:40:00,-15.01717519119144,-14.774371082387654,-14.72061921889036,-14.760808156194384
2006-07-24 08:45:00,-14.508435135144104,-14.574986654429727,-14.563773061035809,-14.794117624255666
2006-07-24 08:50:00,-14.964478005353088,-14.671759996900034,-14.6799351931772,-14.756062380914972
2006-07-24 08:55:00,-15.016143933298125,-14.713002217986844,-14.69083430134267,-14.645737444755715
2006-07-24 09:00:00,-14.949107313444827,-14.740717938787132,-14.64841371765853,-14.625761246218485
2006-07-24 09:05:00,-14.578398894608696,-14.581842935182449,-14.554197858796512,-14.664549980119542
2006-07-24 09:10:00,-14.54828577095527,-14.547234738998286,-14.537055236800876,-14.671500158765218
2006-07-24 09:15:00,-14.708292174787385,-14.578037526486176,-14.555603760126177,-14.663709408957113
2006-07-24 09:20:00,-14.736145735844328,-14.588253663494829,-14.547599147856747,-14.610004555336475
2006-07-25 11:25:00,-13.92044846639146,-13.987206485877016,-13.934964995228253,-13.991796843954296
2006-07-25 11:30:00,-14.156198062345236,-14.080336659483338,-14.02995693186141,-13.976357116279914
2006-07-25 11:35:00,-13.878742826824332,-13.962644988416216,-13.937381737055224,-14.04071955420767
2006-07-25 11:40:00,-13.897283439903322,-13.960142528622502,-13.917200225839522,-14.080331802695772
2006-07-25 11:45:00,-13.90857067202712,-13.939570997785506,-13.93473889726458,-14.114991110787184
2006-07-25 11:50:00,-13.98071059032552,-13.953509804645094,-13.927156328712064,-14.1755873990515
2006-07-25 11:55:00,-14.129275327753,-14.020180893415098,-13.97644053827257,-14.152471576446924
2006-07-25 12:00:00,-14.063559754117838,-13.98803636054302,-13.97482258287281,-14.165893424525164
2006-07-25 12:05:00,-14.264917541119216,-14.093026231198106,-14.04380560659463,-14.087802813989072
2006-07-25 12:10:00,-14.134957075379187,-14.030314927586312,-14.02251645959856,-14.042458226337631
2006-07-25 12:15:00,-14.11652643384724,-14.036392214304684,-14.001436022888404,-13.997300567188606
2006-07-25 12:20:00,-14.344288088635818,-14.15331266797945,-14.099579519730469,-13.917495337184787
2006-07-25 12:25:00,-13.99058033430665,-13.99206992261712,-13.992194850150993,-13.91824926672616
2006-07-25 12:30:00,-14.144090900406171,-14.070637539074935,-14.0261215241721,-13.950253444219454
2006-07-25 12:35:00,-13.796374311544415,-13.929179785148856,-13.93013974019104,-13.934332663300374
2006-07-25 12:40:00,-13.862889347104389,-13.95243269636439,-13.91985475433662,-13.941439444435623
2006-07-25 12:45:00,-13.84558062350034,-13.939896286914673,-13.92099178634143,-13.964749885456264
2006-07-25 12:50:00,-13.865456535156213,-13.935053838435122,-13.923260238608895,-13.99322647406588
2006-07-25 12:55:00,-13.99510373809819,-13.981604297056684,-13.96024243354184,-13.99772651902198
2006-07-25 13:00:00,-14.336115907547033,-14.116731864397533,-14.10433577650793,-13.934089505918092
2006-07-25 13:05:00,-13.700849654939384,-13.859005651618055,-13.872540876876204,-13.97236726529391
2006-07-25 13:10:00,-13.905530351919843,-13.923543165173813,-13.911682458559412,-13.991087868607366
2006-07-25 13:15:00,-13.985442893801329,-13.933488218271671,-13.951945894374871,-13.9597567898338
2006-07-25 13:20:00,-14.036316355908404,-13.962586128776422,-13.929852959813507,-13.968380073977288
2006-07-25 13:25:00,-14.022104007834791,-13.947962139047087,-13.949185207998998,-14.005484080781711
2006-07-25 13:30:00,-13.95429380001426,-13.934969914302348,-13.934793560866908,-14.03869386906008
2006-07-25 13:35:00,-13.93051609555648,-13.926694613206122,-13.915836776030812,-14.052441295361982
2006-07-25 13:40:00,-14.017853913981677,-13.969554722741622,-13.94964304474488,-14.069873057584386
2006-07-25 13:45:00,-13.797456536797734,-13.879184013937753,-13.870389398902445,-14.138645516441562
2006-07-25 13:50:00,-14.088056292044932,-13.995666894180324,-13.969847671686034,-14.157424574662516
2006-07-25 13:55:00,-14.244727759566848,-14.04525602507052,-14.060383041833854,-14.13337058259298
2006-07-25 14:00:00,-14.153552500775003,-14.047256558996784,-14.01611424686334,-14.116388304496091
2006-07-25 14:05:00,-14.013000537730102,-13.985523666804072,-13.989270521884745,-14.084805597871451
2006-07-25 14:10:00,-14.122444776410603,-14.034104089171796,-14.030454894017511,-14.14683764505071
2006-07-25 14:15:00,-14.21009111648408,-14.07654697752776,-14.05563242587493,-14.171929717643716
2006-07-25 14:20:00,-14.200730930465152,-14.08016326060343,-14.062795800196188,-14.169280513482809
2006-07-25 14:25:00,-14.100403807149648,-14.046232355009217,-14.043008739208776,-14.150044975049488
2006-07-25 14:30:00,-14.051658543099157,-14.031815790582208,-14.031434535554553,-14.169704788568094
2006-07-25 14:35:00,-13.823504558167324,-13.9350791342037,-13.950537521552551,-14.204052337152843
2006-07-25 14:40:00,-14.494636770391647,-14.253482812982533,-14.177937293098791,-14.152370798104917
2006-07-25 14:45:00,-14.36064389895551,-14.18720622256452,-14.174675329859014,-14.151580702841844
2006-07-25 14:50:00,-14.184835705499696,-14.10686668810947,-14.120351804920691,-14.13443392997558
2006-07-25 14:55:00,-13.984990056179637,-14.026171220508466,-14.063216419170272,-14.112423604731417
2006-07-25 15:00:00,-14.169617424210792,-14.106876575141303,-14.090760768702962,-14.104930101886168
2006-07-25 15:05:00,-14.029590109860887,-14.045944648164792,-14.02914389800593,-14.079678680405856
2006-07-25 15:10:00,-14.184547651741877,-14.102433019250114,-14.08963702460574,-14.034896208096356
2006-07-25 15:15:00,-14.355903269558162,-14.17898674561586,-14.17125763350537,-14.001442713156164
2006-07-25 15:20:00,-14.081955010483226,-14.0711672180142,-14.085225439286786,-14.00035097669386
2006-07-25 15:25:00,-13.85292816253354,-13.978875013719824,-13.997171389615284,-14.033482073449866
2006-07-25 15:30:00,-14.124656464958218,-14.098860273805846,-14.067113526946889,-14.035674219209412
2006-07-25 15:35:00,-13.878081465341223,-13.971185620442723,-13.994269043095503,-14.080513354040528
2006-07-25 15:40:00,-13.915852875703768,-13.96485260073141,-13.97539908034268,-14.110235564113738
2006-07-25 15:45:00,-14.155182126460312,-14.056302904028666,-14.067856428563635,-14.123949108540474
2006-07-25 15:50:00,-14.075404649528304,-14.033287223758204,-14.034405618646623,-14.115818441421604
2006-07-25 15:55:00,-14.05171491652627,-14.014772687002932,-14.027906697857494,-14.127966886054988
2006-07-25 16:00:00,-14.137808876964309,-14.056993088233227,-14.06192071733679,-14.164635921277698
2006-07-25 16:05:00,-14.147116505603496,-14.054762724181042,-14.058752728970802,-14.208391414292452
2006-07-25 16:10:00,-14.09418642523754,-14.018521433177591,-14.039076216396182,-14.300374807844047
2006-07-25 16:15:00,-14.237463277382927,-14.091141450708848,-14.08792558863072,-14.428120173721386
2006-07-25 16:20:00,-14.02662058899618,-14.016746219503082,-14.01192753829992,-14.60930517792688
2006-07-25 16:25:00,-14.124605642145466,-14.049546939066756,-14.053340276354328,-14.869833323490564
2006-07-25 16:30:00,-14.35782285702498,-14.178272566567962,-14.14509894813893,-14.988036431634123
2006-07-25 16:35:00,-14.409649637148712,-14.218851489238528,-14.183479717152716,-15.123159893833098
2006-07-25 16:40:00,-14.646086902184916,-14.335707995210331,-14.30655446887788,-15.189789815546584
2006-07-25 16:45:00,-15.003935588284753,-14.558722891798205,-14.48381323704989,-15.172427031271406
2006-07-25 16:50:00,-15.113730440772446,-14.648464068423197,-14.570289195044396,-15.072470758377955
2006-07-25 16:55:00,-15.687774284251976,-15.047814582469057,-14.874020639353947,-14.850896130579196
2006-07-25 17:00:00,-15.067041679343037,-14.67599731277634,-14.671220186688585,-14.739490327910763
2006-07-25 17:05:00,-15.220390815074865,-14.792731473956584,-14.736542609943006,-14.583081531649745
2006-07-25 17:10:00,-15.04586562300124,-14.725482890017346,-14.715980721468975,-14.397014126105075
2006-07-25 17:15:00,-14.89975876699588,-14.707089772951242,-14.651572808650949,-14.250298379267996
2006-07-25 17:20:00,-14.513993728514135,-14.571210617734454,-14.54244983651744,-14.128131496462156
2006-07-25 17:25:00,-14.358326344002723,-14.51377147266406,-14.516107795472124,-14.040187446874624
2006-07-25 17:30:00,-14.398607210245835,-14.526137778911147,-14.509932669297635,-13.939586926892346
2006-07-25 17:35:00,-14.281937632776447,-14.472091909420651,-14.478628801438449,-13.8504213952318
2006-07-25 17:40:00,-13.929461276461574,-14.32512968061457,-14.361130144220132,-13.818191955305654
2006-07-25 17:45:00,-14.019464748524616,-14.305951325072956,-14.32596132706527,-13.762625304208353
2006-07-25 17:50:00,-13.78099153548614,-14.165168028610744,-14.221938178265132,-13.695426184337723
2006-07-25 17:55:00,-13.830662104296428,-14.110106512329825,-14.103108927552274,-13.61765422821207
2006-07-25 18:00:00,-13.795004061442723,-14.03562940956222,-14.05377095575735,-13.586318805793672
2006-07-25 18:05:00,-13.746944558450974,-13.958285414476704,-13.983417736505686,-13.53377045664394
2006-07-25 18:10:00,-13.736084839270845,-13.897492484134837,-13.941073507406498,-13.469941933793264
2006-07-25 18:15:00,-13.686064813031354,-13.839885837712291,-13.890218736952509,-13.414587220582716
2006-07-25 18:20:00,-13.377796758443475,-13.69560024813498,-13.767279306719493,-13.375466194238278
2006-07-25 18:25:00,-13.36403041813404,-13.645363343203082,-13.72500538431734,-13.350624000474632
2006-07-25 18:30:00,-13.60699148356816,-13.690219216605628,-13.755042684880037,-13.305583641418176
2006-07-25 18:35:00,-13.431654431029443,-13.603792956496848,-13.679902082581602,-13.260037222442946
2006-07-25 18:40:00,-13.35311369674626,-13.547603682579172,-13.642260798709415,-13.247124513139886
2006-07-25 18:45:00,-13.353936531961237,-13.525170542176934,-13.60576835185403,-13.214923895935192
2006-07-25 18:50:00,-13.143070614831572,-13.421958805050789,-13.504524600083013,-13.24019233062671
2006-07-25 18:55:00,-13.214977204960626,-13.42031213724482,-13.467524726708463,-13.222527167961331
2006-07-25 19:00:00,-13.336749329229429,-13.44386096558852,-13.484087507450042,-13.216556932935578
2006-07-25 19:05:00,-13.158375971383276,-13.352368642405978,-13.416018092796708,-13.22108597406983
2006-07-25 19:10:00,-13.275637397563727,-13.373743465669882,-13.424663301425014,-13.187925592041177
2006-07-25 19:15:00,-13.160732814278344,-13.31570392914601,-13.371159599677885,-13.162223558966808
2006-07-25 19:20:00,-13.294681251890138,-13.364955390435163,-13.37637058202812,-13.13647506840661
2006-07-25 19:25:00,-13.108986228968362,-13.274336226592336,-13.32529084758944,-13.13974741575799
2006-07-25 19:30:00,-13.300927947984343,-13.337625820383234,-13.350944883231408,-13.112948500339254
2006-07-25 19:35:00,-13.185550304917134,-13.282966434549053,-13.317085840879988,-13.071225283826648
2006-07-25 19:40:00,-13.076674946389828,-13.22836193330532,-13.26492520639623,-13.036665424242551
2006-07-25 19:45:00,-13.006520644741592,-13.192128332215518,-13.217420515164386,-13.015326607698375
2006-07-25 19:50:00,-13.140190366347849,-13.242826458509548,-13.242388057374988,-12.989924712531849
2006-07-25 19:55:00,-13.128620168529396,-13.230142697594191,-13.234775452917576,-12.942667880413836
2006-07-25 20:00:00,-13.140134571109732,-13.231349551485604,-13.234301217090996,-12.883226004298994
2006-07-25 20:05:00,-12.93521091911314,-13.139214209865852,-13.176420080238175,-12.863850139396336
2006-07-25 20:10:00,-12.869315759975809,-13.099856393445451,-13.126747730024755,-12.881634192174024
2006-07-25 20:15:00,-12.878487745476528,-13.088940792298851,-13.101428508947048,-12.915557812586886
2006-07-25 20:20:00,-12.987779400080978,-13.12067498444045,-13.113362503779571,-12.879746405101988
2006-07-25 20:25:00,-12.84507888672683,-13.050042231398,-13.071988640850863,-12.894663970294054
2006-07-25 20:30:00,-12.783483314420677,-13.004822214565753,-13.036980528871569,-12.90990959992247
2006-07-25 20:35:00,-12.818955729697205,-13.003314760215304,-13.024167089722011,-12.933264156763506
2006-07-25 20:40:00,-12.97602025009862,-13.062172029436262,-13.060256494277573,-12.938301686210316
2006-07-25 20:45:00,-13.082029063221412,-13.104167254962052,-13.110396189214514,-12.877610343675054
2006-07-25 20:50:00,-12.77291118644717,-12.96630089307536,-13.019557755914,-12.878939715814726
2006-07-25 20:55:00,-12.934584220060342,-13.017978442619215,-13.048670834527968,-12.850625106852346
2006-07-25 21:00:00,-12.87495726564787,-12.98601991314716,-13.019244370644907,-12.841826053254064
2006-07-25 21:05:00,-12.959082955105622,-13.023689041876304,-13.021477000807016,-12.804858325596005
2006-07-25 21:10:00,-13.006245195503883,-13.049701967173837,-13.056715921124226,-12.766425293565304
2006-07-25 21:15:00,-12.717881297104332,-12.925044159444749,-12.973715056265812,-12.79206664570454
2006-07-25 21:20:00,-12.780887130190704,-12.943253585866811,-12.963460571538434,-12.836350719099462
2006-07-25 21:25:00,-12.764696739742774,-12.934935238599833,-12.95219655475104,-12.860168231869618
2006-07-25 21:30:00,-12.822162770601484,-12.958807563686811,-12.94851315839842,-12.865450450899548
2006-07-25 21:35:00,-12.737276878251752,-12.91847437133956,-12.928722491939364,-12.917247165195487
2006-07-25 21:40:00,-12.775646829862984,-12.92134623608284,-12.93827582873773,-12.91762830738167
2006-07-25 21:45:00,-12.871729756853131,-12.955913380848283,-12.957922392636606,-12.91020528577504
2006-07-25 21:50:00,-13.046591454922446,-13.03742134853596,-13.037742301061671,-12.853904883932326
2006-07-25 21:55:00,-12.907601527269218,-12.980219925871284,-13.007403769158488,-12.846465962128306
2006-07-25 22:00:00,-12.85385625823776,-12.954972667351743,-12.98964397183146,-12.85722484514753
2006-07-25 22:05:00,-13.048057077299031,-13.037723596833636,-13.058119147426543,-12.80395004850214
2006-07-25 22:10:00,-12.777933625161182,-12.924551773695727,-12.962567635779129,-12.783286267610828
2006-07-25 22:15:00,-12.827191569394452,-12.94740342174802,-12.961669233659588,-12.791160103177663
2006-07-25 22:20:00,-12.708789217322863,-12.897407303623517,-12.925756002916,-12.76695907764644
2006-07-25 22:25:00,-12.862967822988397,-12.962446569590025,-12.953962130953473,-12.75094214389732
2006-07-25 22:30:00,-12.918409845447604,-12.992466778271792,-12.985533908616835,-12.711402515947118
2006-07-25 22:35:00,-12.728408384155047,-12.913514550493815,-12.929677593008128,-12.703605868611254
2006-07-25 22:40:00,-12.65395088199441,-12.87832596819544,-12.88788604782014,-12.719073811908643
2006-07-25 22:45:00,-12.874434929708857,-12.960545657627778,-12.95226308151813,-12.675515539160436
2006-07-25 22:50:00,-12.563582485946524,-12.82185754463048,-12.832072997871144,-12.671130149082249
2006-07-25 22:55:00,-12.766866047036975,-12.894890967293897,-12.87520979105132,-12.67111552090065
2006-07-25 23:00:00,-12.681172019927496,-12.849506947152925,-12.868699414166809,-12.664397022585682
2006-07-25 23:05:00,-12.681628962691056,-12.835253547660596,-12.830870456772692,-12.679237919916876
2006-07-25 23:10:00,-12.746758657416546,-12.85862001519495,-12.856602242666057,-12.659554458468332
2006-07-25 23:15:00,-12.613085177581814,-12.798445400165438,-12.812887876189793,-12.63768208911862
2006-07-25 23:20:00,-12.537270665847494,-12.760226702795569,-12.767926016525076,-12.634412372527173
2006-07-25 23:25:00,-12.766777931033984,-12.842800995539172,-12.84859280371685,-12.637056719900514
2006-07-25 23:30:00,-12.640860914399893,-12.782322542192246,-12.812539424801336,-12.666381598495654
2006-07-25 23:35:00,-12.770674520134929,-12.839111282461008,-12.853356678506978,-12.68003668801489
2006-07-25 23:40:00,-12.628657137079587,-12.77583971371206,-12.83671992744395,-12.683991847661131
2006-07-25 23:45:00,-12.48185148185363,-12.70452513129604,-12.76026119088161,-12.754389595786147
2006-07-25 23:50:00,-12.517652308479905,-12.714385161702038,-12.75217062882044,-12.810658948879777
2006-07-25 23:55:00,-12.782643668360642,-12.82318113488019,-12.837210969420608,-12.840220248955392
2006-07-26 00:00:00,-12.816810648521932,-12.844766606850074,-12.87887719539262,-12.83903218620635
2006-07-26 00:05:00,-12.852604768155851,-12.866735765037724,-12.925370450061282,-12.831189225931904
2006-07-26 00:10:00,-12.652388441870436,-12.78357455264425,-12.877379528994368,-12.854328869923116
2006-07-26 00:15:00,-12.904238028422617,-12.906432313481448,-12.944233114641664,-12.800114805253676
2006-07-26 00:20:00,-12.855268022309366,-12.891998981573554,-12.957494562719235,-12.79956939957372
2006-07-26 00:25:00,-12.960011295357647,-12.951277461478115,-12.9920438202792,-12.736583687464412
2006-07-26 00:30:00,-12.809682676759978,-12.891260113855529,-12.972564096672963,-12.712608444736135
2006-07-26 00:35:00,-12.80554660177688,-12.895275925527452,-12.961836073952226,-12.730288596951237
2006-07-26 00:40:00,-12.791226479274409,-12.900160234890317,-12.94199086019638,-12.727198639318654
2006-07-26 00:45:00,-12.578953871681575,-12.814790340532006,-12.867866026842378,-12.788563109483096
2006-07-26 00:50:00,-12.851995588229636,-12.932610340646796,-12.94220922384185,-12.76523318349329
2006-07-26 00:55:00,-12.582097311796293,-12.817171611912157,-12.878412380314527,-12.798042864986405
2006-07-26 01:00:00,-12.66583041092574,-12.842528205970844,-12.875943504530651,-12.841643808082518
2006-07-26 01:05:00,-12.91162815107537,-12.950961249916189,-12.967963980078746,-12.821147875456752
2006-07-26 01:10:00,-12.772686270927714,-12.891426343191885,-12.944901115492668,-12.83420297825481
2006-07-26 01:15:00,-12.94714121303832,-12.96608829298152,-12.993641334980856,-12.801640761651996
2006-07-26 01:20:00,-12.712015801015207,-12.862186053646864,-12.945895702291198,-12.846694693695136
2006-07-26 01:25:00,-12.778955516392768,-12.882487136580966,-12.923756710737234,-12.832945706282942
2006-07-26 01:30:00,-12.927435606951228,-12.9498381756103,-12.979839589531762,-12.80542974978078
2006-07-26 01:35:00,-12.78865267095858,-12.89238260997242,-12.94249998768402,-12.794298281772514
2006-07-26 01:40:00,-12.85101671425936,-12.927096556923956,-12.951581414766544,-12.795189964842193
2006-07-26 01:45:00,-12.751768144697047,-12.885398665089374,-12.94074040121674,-12.814868800778768
2006-07-26 01:50:00,-12.98233968236853,-12.996951501219495,-12.99544017456683,-12.787457554303788
2006-07-26 01:55:00,-12.696461418462912,-12.87816846951292,-12.929388748207314,-12.821394877795855
2006-07-26 02:00:00,-12.762339694481556,-12.902697212567094,-12.937890043271938,-12.820933598614824
2006-07-26 02:05:00,-12.721864094184584,-12.880933484929734,-12.917544424943715,-12.85044569480688
2006-07-26 02:10:00,-12.856366407945124,-12.934226783622996,-12.95705655606739,-12.877314889098082
2006-07-26 02:15:00,-12.869841738505496,-12.942586933954392,-12.977144441325912,-12.895715522621131
2006-07-26 02:20:00,-12.817871914424147,-12.923497677337068,-12.986104736191788,-12.885634277105256
2006-07-26 02:25:00,-12.900085417234228,-12.958476434848786,-13.026576155383552,-12.8856425452079
2006-07-26 02:30:00,-12.75957230848986,-12.897233846924708,-12.99035105134285,-12.923563128331418
2006-07-26 02:35:00,-12.898936671336916,-12.957702760153198,-13.031214187582789,-12.954757291950724
2006-07-26 02:40:00,-13.017581197869491,-13.020500676476598,-13.094040403252176,-12.98734795545214
2006-07-26 02:45:00,-12.980245655281609,-13.006707544334558,-13.113594475172857,-12.973532187210909
2006-07-26 02:50:00,-12.757384325691085,-12.913284546911196,-13.03595933718148,-13.0441002409047
2006-07-26 02:55:00,-12.900135083668989,-12.978710794772748,-13.07422816211603,-13.092134130123927
2006-07-26 03:00:00,-12.987095865049872,-13.027240654512768,-13.098886738667945,-13.134727087433811
2006-07-26 03:05:00,-13.086101797599998,-13.081515804849635,-13.14368306647731,-13.154975294984228
2006-07-26 03:10:00,-13.213125178877991,-13.154960175341982,-13.215670116834518,-13.198099723619263
2006-07-26 03:15:00,-12.897350814558605,-13.023787738737926,-13.12723260780796,-13.28633956024244
2006-07-26 03:20:00,-13.180792647853853,-13.157176055759816,-13.205842618809369,-13.333705988084647
2006-07-26 03:25:00,-13.188338332255992,-13.180311854794205,-13.226681750606907,-13.345399397978158
2006-07-26 03:30:00,-13.242653782365885,-13.218807475783724,-13.249189198101671,-13.385931704160916
2006-07-26 10:15:00,-13.953747758326411,-14.362088619799891,-14.162125671667075,-13.922326886801764
2006-07-26 10:20:00,-13.481080907643287,-14.162185845407022,-13.939718722360288,-14.086295186181925
2006-07-26 10:25:00,-13.625187481550793,-14.159311725726656,-13.944647111332316,-14.071715283363538
2006-07-26 10:30:00,-14.037555761840292,-14.238470077881717,-13.99878751320284,-14.188702575686245
2006-07-26 10:35:00,-14.31950956793536,-14.26608756437158,-14.084150776126124,-14.030036009214628
2006-07-26 10:40:00,-13.909956012861606,-14.101063694250817,-13.98804658056751,-14.039219327219673
2006-07-26 10:45:00,-14.16067151060752,-14.14262166434836,-13.9889445174649,-14.022631952207067
2006-07-26 10:50:00,-14.4648909123885,-14.266444827352228,-14.0529390804049,-13.911141589397966
2006-07-26 10:55:00,-13.537708191119313,-13.89700573572853,-13.711239984348518,-13.971670663191494
2006-07-26 11:00:00,-14.73947922668204,-14.328543539722729,-14.143108437028197,-13.860587807986793
2006-07-26 11:05:00,-13.367510414835982,-13.775142546692852,-13.622252713587375,-14.053968812870592
2006-07-27 13:40:00,-14.645308197245065,-14.449032460243192,-14.199677589272373,-14.421991428182368
2006-07-27 13:45:00,-14.241500019496511,-14.22955099224786,-14.14529986595387,-14.430814071891689
2006-07-27 13:50:00,-14.529937405717458,-14.3789225346004,-14.21868342596864,-14.285222151006192
2006-07-27 13:55:00,-14.608286177640275,-14.432655430387344,-14.295569120156822,-14.158753888983288
2006-07-27 14:00:00,-14.31990574303544,-14.349124755225407,-14.210283200415557,-14.110865096292615
2006-07-27 14:05:00,-14.58630331637342,-14.445721056225128,-14.337382298174669,-14.067997123386768
2006-07-27 14:10:00,-14.246015964650002,-14.311798839484306,-14.265226168643238,-14.060087787015576
2006-07-27 14:15:00,-14.29443565047683,-14.287668237372795,-14.256182017485282,-13.9832624852784
2006-07-27 14:20:00,-13.65638601049702,-14.039463207338196,-14.06439203553694,-14.044408226545642
2006-07-27 14:25:00,-13.849476547683938,-14.071553506082449,-13.98832885410549,-14.119970243145396
2006-07-27 14:30:00,-14.032573044710308,-14.104573359275618,-14.038984335022056,-14.108132806372977
2006-07-27 14:35:00,-14.329095536757237,-14.190400138578587,-14.12108092433132,-14.047502983146892
2006-07-27 14:40:00,-14.198559599509462,-14.152329168497202,-14.10295238029965,-13.994784404315682
2006-07-27 14:45:00,-13.8334842158766,-13.993956784586766,-14.027868317030329,-13.97872283437607
2006-07-27 14:50:00,-14.023260270189054,-14.028612218811904,-14.0325744461214,-13.890520189760062
2006-07-27 14:55:00,-14.30284887855806,-14.13660826751405,-14.090928074217748,-13.811647231693444
2006-07-27 15:00:00,-13.961548395166348,-13.979055408686586,-14.018157502535042,-13.761649147726356
2006-07-27 15:05:00,-13.965316452853475,-13.971682573884811,-14.000537097393948,-13.698459233718372
2006-07-27 15:10:00,-13.882248242160012,-13.923312930315593,-13.98526932065263,-13.719853455223095
2006-07-27 15:15:00,-13.737114969695618,-13.877434760949164,-13.880623704619174,-13.790860412183775
2006-07-27 15:20:00,-13.494044230843151,-13.774392722293353,-13.806323133598964,-13.892507945709514
2006-07-27 15:25:00,-13.829611043429995,-13.887417396331768,-13.883033700725006,-13.93313315240921
2006-07-27 15:30:00,-13.661559847999644,-13.798487505596556,-13.853541727748304,-13.95885374535035
2006-07-27 15:35:00,-13.586177120580196,-13.744640735486843,-13.804622397733338,-14.028821407590668
2006-07-27 15:40:00,-14.010613484459991,-13.91519709374447,-13.913979783676403,-13.96436900345513
2006-07-27 15:45:00,-14.163156740369155,-13.979470953118032,-14.000310068985982,-13.816619136689203
2006-07-27 15:50:00,-14.10392943019074,-13.936582338865026,-14.024914621616018,-13.690245842208896
2006-07-27 15:55:00,-14.073362370356527,-13.93970418362074,-14.016880874809608,-13.570215172604598
2006-07-27 16:00:00,-13.815883246644509,-13.830644006980853,-13.928605582930595,-13.515274165365176
2006-07-27 16:05:00,-14.005983231341986,-13.912913825399148,-13.953595281345972,-13.491362511682
2006-07-27 16:10:00,-13.623899131920387,-13.760821672544688,-13.82413297138323,-13.521631938792884
2006-07-27 16:15:00,-13.276657510864148,-13.622570554790588,-13.670435742324813,-13.628379402812826
2006-07-27 16:20:00,-13.345689504306916,-13.634246806925638,-13.665848840947222,-13.768771684511748
2006-07-27 16:25:00,-13.353178439459093,-13.622734861648537,-13.618902183681271,-13.904639073582466
2006-07-27 16:30:00,-13.486237169781418,-13.667072547618115,-13.614822170909738,-14.007651248776632
2006-07-27 16:35:00,-13.86251332189082,-13.798053545845583,-13.751139354757196,-14.050331946266668
2006-07-27 16:40:00,-13.805515681937797,-13.758024509819691,-13.766346042015275,-14.128036673466807
2006-07-27 16:45:00,-13.917142323893264,-13.79278962649738,-13.801344209871168,-14.006757773321068
2006-07-28 09:05:00,-14.851420201085196,-14.663480099201289,-14.641010753931322,-14.884019074870356
2006-07-28 09:10:00,-15.03266360237929,-14.75055906241296,-14.696893238285828,-14.860253194377544
2006-07-28 09:15:00,-14.934500177924727,-14.727807325419183,-14.660764551535191,-14.8608132282391
2006-07-28 09:20:00,-14.849139939322654,-14.690884638683915,-14.655880998347628,-14.856251201422626
2006-07-28 09:25:00,-14.656722920042483,-14.61803317209755,-14.59990977286849,-14.841558725206712
2006-07-28 09:30:00,-14.811599746739624,-14.651072163346486,-14.649459653351586,-14.83041494177283
2006-07-28 09:35:00,-15.019488987915754,-14.750371266627049,-14.706550552234155,-14.846655345568916
2006-07-28 09:40:00,-14.890067278682228,-14.704108514849914,-14.667364658141397,-14.833469976790052
2006-07-28 09:45:00,-14.937860496731856,-14.68700129011098,-14.70549670776459,-14.851458014645535
2006-07-28 09:50:00,-14.821768356612802,-14.63736029566784,-14.66204658746809,-14.933926961354066
2006-07-28 09:55:00,-14.568567368920204,-14.545963417033814,-14.53595347445012,-14.992495425171503
2006-07-28 10:00:00,-14.744737046136336,-14.604486319558369,-14.579339626701342,-14.992601465033378
2006-07-28 10:05:00,-15.116931873243464,-14.745113331534952,-14.7229323034076,-14.823630587731214
2006-07-28 10:10:00,-14.810954719095651,-14.6236618419739,-14.615567638380464,-14.640577454879548
2006-07-28 10:15:00,-15.045788608226967,-14.728925658575308,-14.701548018482374,-14.376046853809749
2006-07-28 10:20:00,-15.316582615052962,-14.88921780340926,-14.814412656042474,-14.05603849820078
2006-07-28 10:25:00,-14.919976764171254,-14.707387077733,-14.672915107277364,-13.837105587015431
2006-07-28 10:30:00,-14.745373863496564,-14.624602786746038,-14.608974742717546,-13.622254155317234
2006-07-28 10:35:00,-14.103107534532883,-14.3936609190226,-14.389080923451408,-13.532228722913388
2006-07-28 10:40:00,-13.712635242613583,-14.228864566271772,-14.192590685841605,-13.565107320921149
2006-07-28 10:45:00,-13.458604945796097,-14.094410184379004,-14.068999246768904,-13.640703616901002
2006-07-28 10:50:00,-13.396532322397205,-14.023463908353456,-13.981924024495685,-13.771978956691626
2006-07-28 10:55:00,-13.606379687336736,-14.049788737704896,-13.989447655217392,-13.84289519579883
2006-07-28 11:00:00,-13.456265249818443,-13.943155480466393,-13.921092187096132,-13.878568849755426
2006-07-28 11:05:00,-13.56295491120035,-13.910049824026212,-13.858102067848913,-13.89283184718509
2006-07-28 11:10:00,-13.909906808978045,-13.95072472607012,-13.917607556906018,-13.852495070066064
2006-07-28 11:15:00,-13.912182792142016,-13.878880233439238,-13.882354389160543,-13.809548376728404
2006-07-28 11:20:00,-14.184184317776769,-13.93156475693858,-13.93855976676178,-13.729934411644471
2006-07-28 11:25:00,-14.031877078615786,-13.85250423436165,-13.909740097940944,-13.672936887329248
2006-07-28 11:30:00,-13.67030698022608,-13.715183335973812,-13.749477464940885,-13.696099528787776
2006-07-28 11:35:00,-13.648532903005693,-13.70604502998211,-13.710201477671628,-13.712816042312642
2006-07-28 11:40:00,-13.667886189628051,-13.724589112195078,-13.700338928065303,-13.739759721801258
2006-07-28 11:45:00,-13.6545027622086,-13.72993493201457,-13.688529612768304,-13.75384833742972
2006-07-28 11:50:00,-13.706500498363733,-13.752210761645712,-13.73911330409224,-13.75706095785781
2006-07-28 11:55:00,-13.689891903814976,-13.756537638997504,-13.74473161750897,-13.773234551915404
2006-07-28 12:00:00,-13.809282930160329,-13.81350174398876,-13.787532142305675,-13.780445782892787
2006-07-28 12:05:00,-13.748832056428514,-13.777479239701409,-13.77795632946231,-13.789813138455267
2006-07-28 12:10:00,-13.829548165376677,-13.80514208511801,-13.7900141896916,-13.796513799639706
2006-07-28 12:15:00,-13.739034470434088,-13.747572384972312,-13.759920219256069,-13.789394240527644
2006-07-28 12:20:00,-13.725776220932277,-13.728540108880548,-13.73155277543896,-13.770565255686884
2006-07-28 12:25:00,-13.78693361270779,-13.761486936803518,-13.739796424663036,-13.753608099901868
2006-07-28 12:30:00,-13.852550084749032,-13.798563884362933,-13.77225293854536,-13.736760857845
2006-07-28 12:35:00,-13.805036247622288,-13.783447306518427,-13.76364156029009,-13.720470252789337
2006-07-28 12:40:00,-13.869752161392766,-13.820214633870464,-13.799799730494325,-13.70918562251602
2006-07-28 12:45:00,-13.696317130216432,-13.746737162058098,-13.743819811176309,-13.72637840477164
2006-07-28 12:50:00,-13.61280234079716,-13.711065705219688,-13.702520267485657,-13.794631447544232
2006-07-28 12:55:00,-13.685190504541008,-13.733550636901244,-13.726616782992458,-13.852825823081242
2006-07-28 13:00:00,-13.751466805864522,-13.760696465717595,-13.746653624658489,-13.883288866715066
2006-07-28 13:05:00,-13.707292545014669,-13.736959581402935,-13.73571584490201,-13.937665315764042
2006-07-28 13:10:00,-13.802044379752882,-13.7790968390556,-13.77912866019756,-13.98654769733494
2006-07-28 13:15:00,-13.799473924933231,-13.781374238782613,-13.783912539540028,-14.047932288476444
2006-07-28 13:20:00,-14.022320597432708,-13.885976057893014,-13.868447532582504,-14.048051857960822
2006-07-28 13:25:00,-14.03435675776306,-13.896711871171297,-13.89847401673027,-14.043363785943212
2006-07-28 13:30:00,-13.934245067667476,-13.860411489252456,-13.870185893289309,-14.050613119575436
2006-07-28 13:35:00,-14.033551109215992,-13.907857851723364,-13.917292310748335,-14.060930208382793
2006-07-28 13:40:00,-14.095338871544426,-13.957012531401944,-13.949343470758292,-14.096017665425766
2006-07-28 13:45:00,-14.1677815585106,-14.014846984288925,-13.98573948578542,-14.10192265182332
2006-07-28 13:50:00,-14.023037840882282,-13.960895157238634,-13.962028450442377,-14.133082817929658
2006-07-28 13:55:00,-14.006228152200704,-13.962007188134695,-13.964031057328942,-14.12734134338018
2006-07-28 14:00:00,-13.97774130073641,-13.961710837364782,-13.95388837129888,-14.145935728035804
2006-07-28 14:05:00,-14.09545352642234,-14.020475711984174,-13.995574921663462,-14.134487181182116
2006-07-28 14:10:00,-14.30586338252666,-14.134376573627174,-14.084609717774605,-14.11633019650199
2006-07-28 14:15:00,-14.20321136125812,-14.086894941627506,-14.077068292305755,-14.113799578904166
2006-07-28 14:20:00,-14.20999935789041,-14.09636781668176,-14.084774639025884,-14.127745960039602
2006-07-28 14:25:00,-13.97177884235265,-14.003554548464162,-14.003190724523137,-14.158420273932578
2006-07-28 14:30:00,-14.089307782126838,-14.050262332311544,-14.023083972465711,-14.123897649719828
2006-07-28 14:35:00,-14.026762303119106,-14.021396477960351,-14.004184962405056,-14.123408154915788
2006-07-28 14:40:00,-14.19692164790261,-14.088644599348392,-14.066577242116388,-14.0883231840855
2006-07-28 14:45:00,-14.188027366576682,-14.09614822050107,-14.080618111749285,-14.075043339224685
2006-07-28 14:50:00,-14.293677818159733,-14.153208189227866,-14.132150594566609,-13.983506191940224
2006-07-28 14:55:00,-14.155825072623898,-14.10276709685202,-14.091756053334713,-13.843351994015142
2006-07-28 15:00:00,-13.882171574299138,-13.986353078918876,-13.992585462296566,-13.783592113952484
2006-07-28 15:05:00,-14.023825392113771,-14.024004052513549,-14.022550537120864,-13.65460413319433
2006-07-28 15:10:00,-13.986411938558671,-14.002422916961134,-13.999881424929852,-13.528686346846136
2006-07-28 15:15:00,-14.108348355230696,-14.044526755289828,-14.03214248735747,-13.393887042694104
2006-07-28 15:20:00,-13.74445461644902,-13.901981225496066,-13.92026816236742,-13.305989428910316
2006-07-28 15:25:00,-13.314900087439556,-13.724951781242837,-13.762553638298224,-13.311172604165224
2006-07-28 15:30:00,-13.52361239510626,-13.77633858845004,-13.777329675229664,-13.26756154276168
2006-07-28 15:35:00,-13.249897420836495,-13.648981418664638,-13.667719310205715,-13.274429835390794
2006-07-28 15:40:00,-13.230905271061054,-13.602466663213582,-13.605869610362069,-13.29529557769842
2006-07-28 15:45:00,-13.299552479726964,-13.582421212089349,-13.627555519158967,-13.293801175964555
2006-07-28 15:50:00,-13.217068919291563,-13.50944993028828,-13.559144994904193,-13.300417768468972
2006-07-28 15:55:00,-13.345999138969011,-13.52278979116688,-13.5533923049778,-13.29424768241674
2006-07-28 16:00:00,-13.261946041139714,-13.460677751540024,-13.52413457135235,-13.29816820854212
2006-07-28 16:05:00,-13.291107104337554,-13.435920233554846,-13.490039428761088,-13.292529058990215
2006-07-28 16:10:00,-13.356099739361532,-13.42086856465251,-13.498408353586564,-13.335655453467838
2006-07-28 16:15:00,-13.290586040414333,-13.368024872949924,-13.436221658449838,-13.426299916692924
2006-07-28 16:20:00,-13.256768618865314,-13.345605796995017,-13.387221612392286,-13.575354954775356
2006-07-28 16:25:00,-13.30897860820089,-13.357594516918244,-13.408895701639004,-13.717031589373246
2006-07-28 16:30:00,-13.285469183437268,-13.346456341917625,-13.37892146048458,-13.876845037082663
2006-07-28 16:35:00,-13.257272207026132,-13.335859539728713,-13.363219188064807,-14.066105693724056
2006-07-28 16:40:00,-13.614858091772543,-13.506923649107929,-13.5175962666008,-14.224160304962275
2006-07-28 16:45:00,-13.8344527691733,-13.6411591286468,-13.6394310995356,-14.3905735632405
2006-07-28 16:50:00,-14.15109889795145,-13.831013469749315,-13.822886350486309,-14.516951049591029
2006-07-28 16:55:00,-14.159038415788231,-13.870344544928647,-13.893197030987864,-14.67887044953541
2006-07-28 17:00:00,-14.244349797420144,-13.94698763040373,-13.972509789119414,-14.763586585595906
2006-07-28 17:05:00,-14.392836074600863,-14.057609032970698,-14.074636983210292,-14.819259825834626
2006-07-28 17:10:00,-14.563185932658556,-14.196881001216187,-14.178365355627236,-14.883756345790562
2006-07-28 17:15:00,-14.832932607937142,-14.404858358395312,-14.330319353684494,-14.893788849974074
2006-07-28 17:20:00,-14.90936352696013,-14.488674716740189,-14.41568116278857,-14.85631630550358
2006-07-28 17:25:00,-15.13055516236792,-14.675947935436078,-14.548708586372936,-14.75114893082671
2006-07-28 17:30:00,-14.752646671602026,-14.50717456749496,-14.430464643274368,-14.689714846707147
2006-07-28 17:35:00,-14.726875516033182,-14.514760407122871,-14.449211874609407,-14.627941250009115
2006-07-28 17:40:00,-14.95016470548077,-14.649432303715946,-14.564311090449362,-14.504395444266642
2006-07-28 17:45:00,-14.893127517400414,-14.62985574941277,-14.579820201179682,-14.387526449412524
2006-07-28 17:50:00,-14.684528607050558,-14.560465669070036,-14.523338975921378,-14.293666254379811
2006-07-28 17:55:00,-14.499551261220104,-14.49605078940034,-14.485885685411349,-14.206282180834934
2006-07-28 18:00:00,-14.38404176215235,-14.450578768894172,-14.439625041816424,-14.086151506216412
2006-07-28 18:05:00,-14.356233878026092,-14.429937421735907,-14.421862685767584,-13.981000956839328
2006-07-28 18:10:00,-14.208890275758224,-14.354222127233308,-14.37722909848068,-13.87543717578678
2006-07-28 18:15:00,-14.1919128544489,-14.318222056679,-14.355470716796118,-13.756200814997866
2006-07-28 18:20:00,-14.1213674946732,-14.252049193366876,-14.32338132134092,-13.639464991524257
2006-07-28 18:25:00,-13.975246704313038,-14.17437308652204,-14.224145889965968,-13.550372499588637
2006-07-28 18:30:00,-13.663257960171531,-14.034642383127098,-14.086775908398778,-13.523222916157488
2006-07-28 18:35:00,-13.725330321578538,-14.003009605335404,-14.056974708075929,-13.483764529859316
2006-07-28 18:40:00,-13.57550757498822,-13.89859618910936,-13.953638547005689,-13.438475872281472
2006-07-28 18:45:00,-13.476494854589625,-13.810013125043412,-13.85566064017174,-13.40560510512093
2006-07-28 18:50:00,-13.420952496012648,-13.74055594586769,-13.792622893807172,-13.37981301188307
2006-07-28 18:55:00,-13.440691749085628,-13.70174738008407,-13.748654225274546,-13.330789747335924
2006-07-28 19:00:00,-13.500360499335148,-13.680252047778668,-13.724098971653948,-13.274250192069728
2006-07-28 19:05:00,-13.488580004241216,-13.640646766467968,-13.689089565775555,-13.187054521409204
2006-07-28 19:10:00,-13.30377564442759,-13.537802945454718,-13.596692565590043,-13.148197619025517
2006-07-28 19:15:00,-13.279270231299408,-13.487754775865849,-13.542810492855098,-13.106062731947736
2006-07-28 19:20:00,-13.266199907676029,-13.445585616635327,-13.489344139723498,-13.064801488442956
2006-07-28 19:25:00,-13.146552208780616,-13.372803315907612,-13.40016922451681,-13.040741541026764
2006-07-28 19:30:00,-13.161123178579013,-13.353685149840487,-13.381033372768515,-13.042136277432435
2006-07-28 19:35:00,-12.965405914328406,-13.25332191862218,-13.295457924931409,-13.0985894946268
2006-07-28 19:40:00,-13.070634172306557,-13.271208571037214,-13.29006206039213,-13.118434184076888
2006-07-28 19:45:00,-13.02646096665162,-13.236408849748114,-13.26337469366966,-13.125643738306184
2006-07-28 19:50:00,-13.018632432192623,-13.215019990946333,-13.235388732013485,-13.139907805385487
2006-07-28 19:55:00,-13.00219246646456,-13.186930528779008,-13.215996295712666,-13.160693034875417
2006-07-28 20:00:00,-13.169491770469753,-13.232336577920726,-13.261316987035002,-13.16152418155721
2006-07-28 20:05:00,-13.304125101856792,-13.283850499978708,-13.30961515825394,-13.154339026903546
2006-07-28 20:10:00,-13.189702280097626,-13.232340711972048,-13.289518215701731,-13.200971704000343
2006-07-28 20:15:00,-13.069718349846294,-13.175019835460793,-13.252315316474387,-13.280480872328743
2006-07-28 20:20:00,-13.10421689248736,-13.18476451716208,-13.252438018815782,-13.338667789227705
2006-07-28 20:25:00,-13.12690390122303,-13.192525605874687,-13.25299696868778,-13.392133713473092
2006-07-28 20:30:00,-13.17447859274161,-13.220605007553482,-13.270218940135946,-13.43937129551122
2006-07-28 20:35:00,-13.261014058297013,-13.26606349843714,-13.32913917973153,-13.494028134603557
2006-07-28 20:40:00,-13.469498578471107,-13.380492152677803,-13.432845715783928,-13.485272473186006
2006-07-28 20:45:00,-13.54677342486296,-13.440099116205738,-13.504468242781304,-13.480762325619404
2006-07-28 20:50:00,-13.453338106593462,-13.416635838151365,-13.500432393402846,-13.52729030228786
2006-07-28 20:55:00,-13.447699518968989,-13.423842241250629,-13.515304237020285,-13.574406594729345
2006-07-28 21:00:00,-13.457904077742992,-13.43378510445767,-13.523846279002838,-13.61041333613919
2006-07-28 21:05:00,-13.588955101885244,-13.510320935873986,-13.569483902913142,-13.622112282192337
2006-07-28 21:10:00,-13.416964610869227,-13.451015852048242,-13.520488501807968,-13.695208655182691
2006-07-28 21:15:00,-13.519712539237489,-13.511929873234282,-13.560900539754066,-13.776506465625037
2006-07-28 21:20:00,-13.732505965023217,-13.632967780592796,-13.657117915138244,-13.800408451807517
2006-07-28 21:25:00,-13.730397251935797,-13.652940958092524,-13.67723849679082,-13.799628070119573
2006-07-28 21:30:00,-13.673944569566252,-13.641782112835296,-13.671341587998713,-13.807228335562936
2006-07-28 21:35:00,-13.659148756522024,-13.639098405246049,-13.682197067049664,-13.815330497964302
2006-07-28 21:40:00,-13.855542790992486,-13.736620329009517,-13.755523113976452,-13.797814175601228
2006-07-28 21:45:00,-14.007499474165176,-13.83274445196563,-13.835066389682076,-13.763500190887695
2006-07-28 21:50:00,-13.875917911027528,-13.789227490821188,-13.82053831615524,-13.708111462999195
2006-07-28 21:55:00,-13.725714875079795,-13.734963008071295,-13.78445897202862,-13.707277266370449
2006-07-28 22:00:00,-13.71954613331698,-13.735525643783332,-13.786386561843909,-13.709359975407772
2006-07-28 22:05:00,-13.707761832113295,-13.744684504393843,-13.764324855319192,-13.688347112910108
2006-07-28 22:10:00,-13.750444943542387,-13.769431282518418,-13.782117712495076,-13.700989634495324
2006-07-28 22:15:00,-13.801615392427276,-13.789432169725783,-13.821563229622509,-13.70743073218472
2006-07-28 22:20:00,-13.543585558151262,-13.681011542389127,-13.74039161824796,-13.75068948857826
2006-07-28 22:25:00,-13.720709579669515,-13.752323797594435,-13.785666368883234,-13.82526161670736
2006-07-28 22:30:00,-13.732042546542898,-13.760027616686989,-13.794700750376094,-13.869005488123292
2006-07-28 22:35:00,-13.581684649899945,-13.689040289242724,-13.73392200645412,-13.88881360711938
2006-07-28 22:40:00,-13.82630013087258,-13.77323648884854,-13.822248094776358,-13.857570528711012
2006-07-28 22:45:00,-13.84026192074476,-13.779157201986786,-13.8363535430586,-13.81436099065576
2006-07-28 22:50:00,-13.80313813987667,-13.76976345209664,-13.807978423076058,-13.778131639255076
2006-07-28 22:55:00,-14.16814252190082,-13.951375073052851,-13.9664824582059,-13.677849889321037
2006-07-28 23:00:00,-13.994505601581798,-13.883683856527703,-13.937104086662334,-13.59029312517777
2006-07-28 23:05:00,-13.700533674653052,-13.760487219119934,-13.830268495522414,-13.566366052820229
2006-07-28 23:10:00,-13.638841429146764,-13.72986800663828,-13.807982580999004,-13.511242771499807
2006-07-28 23:15:00,-13.58100446113765,-13.710328427521398,-13.75235887646403,-13.469980520681386
2006-07-28 23:20:00,-13.585762233838732,-13.706046923551073,-13.7393548997687,-13.42927294282842
2006-07-28 23:25:00,-13.566451928340864,-13.692101019421557,-13.744473012147743,-13.40685103013375
2006-07-28 23:30:00,-13.469165005881152,-13.65111880992626,-13.705701282071772,-13.42903618527559
2006-07-28 23:35:00,-13.556971247735165,-13.673021707654964,-13.733885428362775,-13.40832598303526
2006-07-28 23:40:00,-13.308101726769513,-13.561937219066351,-13.642362028141068,-13.433758453558632
2006-07-28 23:45:00,-13.333430986943412,-13.550632713546298,-13.6129731600228,-13.455274421790673
2006-07-28 23:50:00,-13.341516772141468,-13.520468405711997,-13.609233675325022,-13.483493940006507
2006-07-28 23:55:00,-13.431920448559154,-13.520588087220494,-13.599415728892088,-13.524480144765182
2006-07-29 00:00:00,-13.602275904209066,-13.578817186620396,-13.640797631441036,-13.50408645402232
2006-07-29 00:05:00,-13.432710077657353,-13.502676843704725,-13.586948269638333,-13.521228232781128
2006-07-29 00:10:00,-13.460696521000306,-13.507840468944206,-13.569803568681223,-13.492617839493368
2006-07-29 00:15:00,-13.462526803563009,-13.502816570302976,-13.557675125529247,-13.480351972805677
2006-07-29 00:20:00,-13.510833881662336,-13.51950425387903,-13.550531272365443,-13.467884749993273
2006-07-29 00:25:00,-13.677837703987946,-13.600632691082348,-13.611592148078024,-13.407549749853365
2006-07-29 00:30:00,-13.47991373694054,-13.513678699808487,-13.56361849111424,-13.381482821703605
2006-07-29 00:35:00,-13.535560739369158,-13.54794445994607,-13.564108573570218,-13.363244753244146
2006-07-29 00:40:00,-13.289034181148988,-13.445609466931415,-13.4841338261301,-13.356443183625174
2006-07-29 00:45:00,-13.388931601630006,-13.48719885437353,-13.48119437087496,-13.351470975080192
2006-07-29 00:50:00,-13.436030548401607,-13.505933713659417,-13.49446857258156,-13.327572299029717
2006-07-29 00:55:00,-13.31582769050061,-13.447459541626186,-13.448080112836166,-13.323246809331517
2006-07-29 01:00:00,-13.323512169171243,-13.44441299153248,-13.43300247384034,-13.31372431120668
2006-07-29 01:05:00,-13.426132324998742,-13.483599931422466,-13.470953828273815,-13.276397701638782
2006-07-29 01:10:00,-13.24822477788988,-13.405380897882994,-13.40406855663682,-13.25279257214159
2006-07-29 01:15:00,-13.359098357587468,-13.441863423790313,-13.43029860998832,-13.217813800175149
2006-07-29 01:20:00,-13.292638481257717,-13.399977598849931,-13.416416948097206,-13.194970738229449
2006-07-29 01:25:00,-13.28987476676614,-13.386983039667124,-13.386314676353978,-13.173737267720348
2006-07-29 01:30:00,-13.266377137058038,-13.365897484357932,-13.378081538242796,-13.165454392348272
2006-07-29 01:35:00,-13.202172602545096,-13.334001514935244,-13.344777084305742,-13.226488080588084
2006-07-29 01:40:00,-13.106594000906735,-13.287205615084869,-13.305257015329175,-13.301730864588407
2006-07-29 01:45:00,-13.149225783607706,-13.291702364363692,-13.309740971768449,-13.347501577529922
2006-07-29 01:50:00,-13.155580167402425,-13.285160734062613,-13.303594340450491,-13.349403356775664
2006-07-29 01:55:00,-13.162473856983189,-13.28091526572146,-13.305216831766188,-13.373815587519776
2006-07-29 02:00:00,-13.216679942644484,-13.293338957226403,-13.331948641741931,-13.420469874430298
2006-07-29 02:05:00,-13.568374804257598,-13.458201425888928,-13.459651546964793,-13.355964313043938
2006-07-29 02:10:00,-13.558050596498228,-13.461099981281738,-13.519519175118228,-13.315324174613416
2006-07-29 02:15:00,-13.423849978142131,-13.410203615663054,-13.513245734419606,-13.2649737133627
2006-07-29 02:20:00,-13.166990900695772,-13.301429237843903,-13.452298354738268,-13.289874694492516
2006-07-29 02:25:00,-13.30894731372148,-13.359613928715229,-13.455012591590355,-13.272028775492256
2006-07-29 02:30:00,-13.496605672238408,-13.452235780238327,-13.505442630579171,-13.22523948145116
2006-07-29 02:35:00,-13.181341407029985,-13.324550972430965,-13.439207614112435,-13.229818478114668
2006-07-29 02:40:00,-13.314209787597196,-13.385249679648563,-13.46668878066222,-13.317481368848156
2006-07-29 02:45:00,-13.12174714920524,-13.306644835046765,-13.424237259705274,-13.350945531375324
2006-07-29 02:50:00,-13.316396845293578,-13.39108866577222,-13.434246863124772,-13.359541539452923
2006-07-29 02:55:00,-13.201871799719914,-13.344330326524496,-13.416590955718553,-13.366274615357955
2006-07-29 03:00:00,-13.215869870951597,-13.337117924714397,-13.416628057184814,-13.399572548548765
2006-07-29 03:05:00,-13.208815300282684,-13.31724778049376,-13.397168730662104,-13.419678015690783
2006-07-29 03:10:00,-13.840187160907574,-13.607851120512734,-13.605185791958048,-13.357800178744132
2006-07-29 03:15:00,-13.3225320954588,-13.389670057388372,-13.490559750656653,-13.395672808317793
2006-07-29 03:20:00,-13.367973002169618,-13.410347107717143,-13.499503079452335,-13.419375579481688
2006-07-29 03:25:00,-13.242270298514269,-13.350358712908529,-13.481841429460232,-13.534403786801784
2006-07-29 03:30:00,-13.415657462869092,-13.429386665376578,-13.477097784564425,-13.595795424621675
2006-07-29 03:35:00,-13.329448045315912,-13.394043182632482,-13.466987773121126,-13.674083045830802
2006-07-29 03:40:00,-13.468920178978143,-13.467975298907152,-13.511292975359227,-13.721967126281156
2006-07-29 03:45:00,-13.54976789458285,-13.510203090115551,-13.565431665357632,-13.763328179661375
2006-07-29 03:50:00,-13.510189612891423,-13.507865958044729,-13.564741886294849,-13.825344239914893
2006-07-29 03:55:00,-13.932439527980124,-13.732186053051713,-13.717562178874376,-13.780048277958018
2006-07-29 04:00:00,-13.784007282561085,-13.684243257508813,-13.721623015770518,-13.810436503935756
2006-07-29 04:05:00,-13.799173787025392,-13.672820165425671,-13.76981090026412,-13.815644367860797
2006-07-29 04:10:00,-13.756224636384502,-13.684573808157843,-13.737204439468387,-13.86625472506523
2006-07-29 04:15:00,-13.797934149817904,-13.719482228978194,-13.75104098934939,-13.944547268108186
2006-07-29 04:20:00,-13.882285911173105,-13.786532118268946,-13.778558995677978,-14.002635170141575
2006-07-29 04:25:00,-13.660663857421945,-13.69590009694832,-13.734545898430266,-14.118800913719824
2006-07-29 04:30:00,-13.96633672515587,-13.856733397773109,-13.820156921223465,-14.21114567539394
2006-07-29 04:35:00,-13.830420970575634,-13.806301845515698,-13.808882669548826,-14.36663971884434
2006-07-29 04:40:00,-14.059886750701658,-13.926004631367707,-13.881326538978469,-14.562207868152871
2006-07-29 04:45:00,-14.267689379166182,-14.055575253177164,-13.977993507953604,-14.716717313561936
2006-07-29 04:50:00,-14.230813178826192,-14.02987700724072,-14.0146137891322,-14.846300337525353
2006-07-29 04:55:00,-14.357658593531209,-14.117279409376772,-14.06738056445954,-14.987770580333748
2006-07-29 05:00:00,-14.520404919377713,-14.22157741907921,-14.157737172997193,-15.193770993697647
2006-07-29 05:05:00,-14.763385722738686,-14.384418452283263,-14.273041202887567,-15.262615610541529
2006-07-29 05:10:00,-15.233295184001657,-14.701840741969685,-14.516469273080713,-15.492323969860834
2006-07-29 05:15:00,-15.194746398533953,-14.691458780356973,-14.569455865872731,-15.538596666488704
2006-07-29 05:20:00,-15.008311206968909,-14.639349150176384,-14.524614963966362,-15.619683972772318
2006-07-29 05:25:00,-15.206480512932778,-14.760177930188712,-14.656770037871448,-15.590423215336838
2006-07-29 05:30:00,-15.756407399561107,-15.163964310212116,-14.918234421805524,-15.511377378760406
2006-07-29 05:35:00,-15.176452729975164,-14.830054845666105,-14.738628433441203,-15.571214389235134
2006-07-29 05:40:00,-16.6115463806577,-15.854482361099276,-15.489626543831353,-15.419742517535616
2006-07-29 05:45:00,-15.472382000112166,-15.064800734432222,-14.985362023297682,-15.44015420802466
2006-07-29 05:50:00,-15.494835160308392,-15.106772630032022,-14.984960536584412,-15.467147308217712
2006-07-29 05:55:00,-15.030915390130897,-14.93917032608346,-14.880313350426208,-15.599451752147644
2006-07-29 06:00:00,-15.282133767756106,-15.03830695825614,-14.954777505184024,-15.564500227337636
2006-07-29 06:05:00,-15.535475139736938,-15.1172613253334,-15.074299471674468,-15.389447379986237
2006-07-29 06:10:00,-15.702714225358193,-15.205635894447378,-15.174428304030874,-15.19774373028937
2006-07-29 06:15:00,-15.594852143046426,-15.196002225033329,-15.145056968972288,-15.019340624619373
2006-07-29 06:20:00,-15.656792605088713,-15.224418942172404,-15.200522963199267,-14.800889605052763
2006-07-29 06:25:00,-15.82474332572628,-15.252144260910027,-15.28581469821738,-14.546476964500089
2006-07-29 06:30:00,-15.07242357815588,-15.028222995251982,-14.963268739819709,-14.447786289500048
2006-07-29 06:35:00,-14.48515874945533,-14.783889692191496,-14.824168131863916,-14.432777890816704
2006-07-29 06:40:00,-14.55249128643679,-14.750139181564045,-14.71518658726324,-14.420057848541845
2006-07-29 06:45:00,-14.524434665404442,-14.70106354032122,-14.666770453153536,-14.420282937518
2006-07-29 06:50:00,-14.346085331311077,-14.62388282580818,-14.558307049719607,-14.429454460467523
2006-07-29 06:55:00,-14.298268349693712,-14.570865554541625,-14.551899196165843,-14.437303029175231
2006-07-29 07:00:00,-14.480279412517834,-14.569627420625526,-14.564745142712956,-14.387303962286849
2006-07-29 07:05:00,-14.395108588630858,-14.4873765668063,-14.48570029438558,-14.370886632657978
2006-07-29 07:10:00,-14.476170917149846,-14.45464540337885,-14.444168110544808,-14.318651015095154
2006-07-29 07:15:00,-14.52578519926137,-14.412390079533196,-14.423168331724469,-14.207403462754936
2006-07-29 07:20:00,-14.40111452682712,-14.30946203083795,-14.343750549693128,-14.181919031109224
2006-07-29 07:25:00,-14.345359761939958,-14.2741964337653,-14.2459120641215,-14.088397192276991
2006-07-29 07:30:00,-14.180284606455247,-14.215770030984189,-14.145390235356016,-14.061424097423204
2006-07-29 07:35:00,-14.296604899952134,-14.24544980198509,-14.164173172490877,-13.995350624799496
2006-07-29 07:40:00,-14.162757443048497,-14.183031004186388,-14.11513462930062,-13.908386576650782
2006-07-29 07:45:00,-13.858299856310603,-14.060714948619571,-13.990937238380836,-13.880652064708125
2006-07-29 07:50:00,-14.248207879133952,-14.197737530394908,-14.096365881441258,-13.79192173590489
2006-07-29 07:55:00,-13.784228584399314,-14.006705967587024,-13.95104554413759,-13.79598458325164
2006-07-29 08:00:00,-14.018445806056912,-14.068856601329369,-13.965871243533272,-13.77665893406329
2006-07-29 08:05:00,-13.900163919662644,-14.00333940433874,-13.94468857425621,-13.755833925170435
2006-07-29 08:10:00,-13.640973356522377,-13.88132374686481,-13.819707371247084,-13.799197839687627
2006-07-29 08:15:00,-13.691892813564086,-13.86499806019181,-13.791502493494136,-13.830087124249326
2006-07-29 08:20:00,-13.7158259930429,-13.844336100595836,-13.783806265355716,-13.815737861021455
2006-07-29 08:25:00,-13.80860555284203,-13.85980499790507,-13.772714584297574,-13.806941814005953
2006-07-29 08:30:00,-13.902492084383509,-13.874319854461405,-13.81922531387315,-13.76512464178149
2006-07-29 08:35:00,-13.775213635029914,-13.811990704866536,-13.76938135484008,-13.73109853736908
2006-07-29 08:40:00,-13.901156930353876,-13.865665955210574,-13.787357131549074,-13.695118414335138
2006-07-29 08:45:00,-13.87722840529648,-13.83311009868672,-13.79845576186304,-13.662194323694436
2006-07-29 08:50:00,-13.62973034140205,-13.73619145732171,-13.677530350997396,-13.638703632254284
2006-07-29 08:55:00,-13.755829704390765,-13.771275242864558,-13.718343243245409,-13.568653180577098
2006-07-29 09:00:00,-13.651589007672555,-13.721299592630515,-13.67944046590577,-13.50842315335968
2006-07-29 09:05:00,-13.571056827871391,-13.688406305008575,-13.62474780173162,-13.48350475191488
2006-07-29 09:10:00,-13.685276148786045,-13.73270228909682,-13.673345139867768,-13.45304831646181
2006-07-29 09:15:00,-13.679683977090068,-13.728769418636372,-13.674084959387786,-13.39663796475414
2006-07-29 09:20:00,-13.4887861019674,-13.64293731999464,-13.599682272106207,-13.357666458084076
2006-07-29 09:25:00,-13.335526965418197,-13.565645752196335,-13.54146791989026,-13.350359117640826
2006-07-29 09:30:00,-13.290208902186947,-13.52761551552972,-13.491315242347763,-13.381866348919392
2006-07-29 09:35:00,-13.421546397294644,-13.55488299531084,-13.50962391457966,-13.350983258207314
2006-07-29 09:40:00,-13.502537547134535,-13.566365684224744,-13.533240368079396,-13.303088539079434
2006-07-29 09:45:00,-13.34122186684404,-13.49169406422415,-13.47291915196672,-13.277347608340358
2006-07-29 09:50:00,-13.254957080467127,-13.439760001132203,-13.438743918475131,-13.299033873106977
2006-07-29 09:55:00,-13.291682937213425,-13.43524908622298,-13.424153926788106,-13.34278315059002
2006-07-29 10:00:00,-13.479252263433311,-13.50248470246714,-13.465578182725212,-13.372203394232695
2006-07-29 10:05:00,-13.23624785302217,-13.390305183545786,-13.389377553591022,-13.410406466044948
2006-07-29 10:10:00,-13.215169308254556,-13.360354241905744,-13.369523733225448,-13.466114137438382
2006-07-29 10:15:00,-13.186776210135967,-13.332013643347995,-13.341829116939124,-13.481426056435192
2006-07-29 10:20:00,-13.38507470520364,-13.411627369928963,-13.3885183609756,-13.4990635834734
2006-07-29 10:25:00,-13.554178609339065,-13.49658727769755,-13.46489175835026,-13.468203357425852
2006-07-29 10:30:00,-13.655773737259674,-13.55019058687576,-13.538109321287536,-13.459372722963924
2006-07-29 10:35:00,-13.46546621884943,-13.466709057778484,-13.491690589391624,-13.451880792070012
2006-07-29 10:40:00,-13.549415351069882,-13.512547306808418,-13.5158127648075,-13.420000992063969
2006-07-29 10:45:00,-13.278647724116832,-13.402153952822529,-13.415748976322586,-13.433355781059712
2006-07-29 10:50:00,-13.490899864722625,-13.49768371917281,-13.46893483139292,-13.451464349638782
2006-07-29 10:55:00,-13.369017254860625,-13.44238096076066,-13.451139101106822,-13.486928082594456
2006-07-29 11:00:00,-13.602789943135988,-13.557773542786054,-13.527786950472109,-13.470791871617427
2006-07-29 11:05:00,-13.420514604576503,-13.488120386450126,-13.493506278742252,-13.468559798294022
2006-07-29 11:10:00,-13.358136583556748,-13.46881468478214,-13.466131284609435,-13.5135420014751
2006-07-29 11:15:00,-13.358776450863928,-13.467153988665654,-13.45714375970974,-13.570823774341818
2006-07-29 11:20:00,-13.5995512608389,-13.566630885062496,-13.537648271601196,-13.584562173668022
2006-07-29 11:25:00,-13.581799651691254,-13.554938768866869,-13.540639657278549,-13.60010158112532
2006-07-29 11:30:00,-13.505972692631952,-13.526719004581926,-13.520314094386338,-13.616673027031084
2006-07-29 11:35:00,-13.407122164636077,-13.480561244699109,-13.490391158511866,-13.644113761144862
2006-07-29 11:40:00,-13.628029786381653,-13.59004209719778,-13.555422200050955,-13.638925093094487
2006-07-29 11:45:00,-13.702467095291604,-13.6278771444867,-13.600532807228229,-13.627481186207492
2006-07-29 11:50:00,-13.681981685705566,-13.634577429848292,-13.607121457739051,-13.607400031912755
2006-07-29 11:55:00,-13.675036074752958,-13.630602611776183,-13.63014897271102,-13.528818828013533
2006-07-29 12:00:00,-13.60540134819128,-13.611637665793008,-13.607073038290237,-13.45829522801933
2006-07-29 12:05:00,-13.571766627137643,-13.606825109684554,-13.5860203767961,-13.455385269655414
2006-07-29 12:10:00,-13.596897705805794,-13.626576363792882,-13.596888351423171,-13.420875806469686
2006-07-29 12:15:00,-13.633803668424356,-13.639880969597453,-13.618743005015876,-13.396192911001808
2006-07-29 12:20:00,-13.561494767164502,-13.609708971849502,-13.59967147022947,-13.416004564178134
2006-07-29 12:25:00,-13.2035488369029,-13.46114007146125,-13.482788025686611,-13.498022402411438
2006-07-29 12:30:00,-13.18225974461238,-13.444487823643293,-13.44920131274977,-13.554633629624211
2006-07-29 12:35:00,-13.554306895022558,-13.585419902588908,-13.55401305670445,-13.51263352562877
2006-07-29 12:40:00,-13.389840905009336,-13.508684249055564,-13.512632687934772,-13.5802492378984
2006-07-29 12:45:00,-13.485706257673437,-13.535864494571904,-13.539310557583244,-13.67094223647602
2006-07-29 12:50:00,-13.680364678995094,-13.613891244133384,-13.626149356141845,-13.703854387513951
2006-07-29 12:55:00,-13.695655942190022,-13.625455052963432,-13.63297457211466,-13.783353668810522
2006-07-29 13:00:00,-13.521927133184803,-13.552531905396282,-13.581290121575226,-13.84934951956151
2006-07-29 13:05:00,-13.30230623491308,-13.455421811199963,-13.513236539013096,-13.95878546122992
2006-07-29 13:10:00,-13.795535185854476,-13.660909515471634,-13.64340152341502,-13.992563464744132
2006-07-29 13:15:00,-14.029864229263907,-13.791245081322836,-13.75933238199635,-13.9830580954683
2006-07-29 13:20:00,-13.877837585222698,-13.75834670563773,-13.75651002460955,-14.015283979532123
2006-07-29 13:25:00,-14.17265164442416,-13.94253994046122,-13.898324709497317,-14.042044243016472
2006-07-29 13:30:00,-13.917902266600194,-13.82022992696941,-13.878361765461774,-14.040373681550244
2006-07-29 13:35:00,-13.958921884923532,-13.865876936375226,-13.863062760683803,-14.065375267565372
2006-07-29 13:40:00,-13.998203120211407,-13.900571340538695,-13.894909397407176,-14.085529432675582
2006-07-29 13:45:00,-13.972832302703416,-13.89552039710718,-13.894315832099768,-14.098413160255216
2006-07-29 13:50:00,-14.071192484873327,-13.95241850182454,-13.935415679183617,-14.125096466784196
2006-07-29 13:55:00,-14.333213167511364,-14.112177932227,-14.04996020484186,-14.085386619993564
2006-07-29 14:00:00,-13.907879042350068,-13.948454669343356,-13.925316665882647,-14.110183816198594
2006-07-29 14:05:00,-14.108931458833192,-14.032933082998134,-13.999618807027606,-14.086505936070978
2006-07-29 14:10:00,-14.119128110872678,-14.033773538522764,-14.027563945440344,-14.091064493753477
2006-07-29 14:15:00,-14.05013461036232,-14.016418733255732,-13.980004110845831,-14.073542707504387
2006-07-29 14:20:00,-14.231292092771604,-14.08496633441235,-14.059209693425158,-14.062214597418574
2006-07-29 14:25:00,-14.094954144586469,-14.043309147083088,-14.031523974512403,-14.079865666727173
2006-07-29 14:30:00,-14.056662537584195,-14.030513304230851,-14.007348531160645,-14.086588154546211
2006-07-29 14:35:00,-13.966864062429698,-13.99297918263228,-13.989739175045557,-14.200729369354862
2006-07-29 14:40:00,-14.14647939914877,-14.07261800984304,-14.0306201641854,-14.211972254382664
2006-07-29 14:45:00,-13.9450040663245,-13.985565816781882,-13.978091582597568,-14.225465393164113
2006-07-29 14:50:00,-14.163323027524411,-14.056851547567,-14.046754824245768,-14.20016181903636
2006-07-29 14:55:00,-14.20086067607586,-14.097395142889908,-14.064691173377764,-14.131637114163984
2006-07-29 15:00:00,-14.096997927049635,-14.04766637935717,-14.043168077794284,-14.051724803558102
2006-07-29 15:05:00,-14.651711640376096,-14.316586013095836,-14.234953000451776,-13.905845378194332
2006-07-29 15:10:00,-14.21393601548878,-14.126213354467827,-14.131327267671116,-13.854645181485598
2006-07-29 15:15:00,-14.025963072469894,-14.040794545320455,-14.05614678711173,-13.895694229628836
2006-07-29 15:20:00,-14.011501814033492,-14.0341905862456,-14.045936033266216,-13.938653238392106
2006-07-29 15:25:00,-13.78971224447546,-13.94291703532443,-13.949593295051484,-13.96350562273681
2006-07-29 15:30:00,-13.617523730955666,-13.86853388826868,-13.860138752257782,-14.086528369804023
2006-07-29 15:35:00,-13.776435319469076,-13.909583745876512,-13.90364615303119,-14.106542844452797
2006-07-29 15:40:00,-13.906735095421425,-13.956542232472572,-13.9160923283717,-14.12320833279876
2006-07-29 15:45:00,-14.272257245691517,-14.09845189891795,-14.0397106630998,-14.093432408967818
2006-07-29 15:50:00,-14.269255750975328,-14.098493123793368,-14.085313017356048,-14.088198873451352
2006-07-29 15:55:00,-13.938826608362566,-13.967560491075416,-13.99403189610583,-14.191024062324203
2006-07-29 16:00:00,-14.35566025672313,-14.095910006634703,-14.133105637482602,-14.22076604646108
2006-07-29 16:05:00,-13.896521993905,-13.922585250554638,-13.972221409540747,-14.303244706744742
2006-07-29 16:10:00,-14.006728227863372,-13.966019848676597,-13.948640461940691,-14.311169133848727
2006-07-29 16:15:00,-14.093601240154658,-14.004257163732138,-13.996052006975695,-14.319807277449415
2006-07-29 16:20:00,-14.23785482697104,-14.090726426647498,-14.035895667032213,-14.346498100435342
2006-07-29 16:25:00,-14.555777943965824,-14.28550361340946,-14.16172819749483,-14.42832780138986
2006-07-29 16:30:00,-14.534112045906593,-14.291759618346504,-14.216994204351163,-14.483070677715068
2006-07-29 16:35:00,-14.391393897788063,-14.237280222746788,-14.191215431020904,-14.54879665875216
2006-07-29 16:40:00,-14.054274732668391,-14.084136517565248,-14.101783393348589,-14.668091734633622
2006-07-29 16:45:00,-14.145430217396576,-14.112299467553967,-14.081326993996496,-14.891892390067095
2006-07-29 16:50:00,-14.397999880524406,-14.24330917286509,-14.122860050128796,-14.971499069969676
2006-07-29 16:55:00,-15.046755918417324,-14.560214850683558,-14.406826240739097,-14.91493992855124
2006-07-29 17:00:00,-14.862569188220045,-14.52224911099945,-14.349203767400272,-14.837243122540343
2006-07-29 17:05:00,-14.785750535656318,-14.502856652072609,-14.34715341709082,-14.74396909551181
2006-07-29 17:10:00,-14.77004472540596,-14.514524043461291,-14.360631891300187,-14.593999821375174
2006-07-29 17:15:00,-15.488234323454115,-14.928036024949115,-14.665292209779938,-14.34103143911568
2006-07-29 17:20:00,-14.875639497388695,-14.588549464985196,-14.465527796848985,-14.143367354696538
2006-07-29 17:25:00,-14.707401069906703,-14.530350117022824,-14.3861743899323,-14.036170247549109
2006-07-29 17:30:00,-14.396388467792471,-14.42441305715444,-14.289664927730469,-13.945471589946688
2006-07-29 17:35:00,-14.226106257847311,-14.377440867479176,-14.173005531266195,-13.91486211994962
2006-07-29 17:40:00,-13.870229109495591,-14.244506775732566,-14.054875451288222,-13.948072255141382
2006-07-29 17:45:00,-13.970424029897153,-14.263648589729629,-14.055994077941822,-13.87413948840409
2006-07-29 17:50:00,-13.689655352241974,-14.131400981778006,-13.987788498581198,-13.907805034158576
2006-07-29 17:55:00,-14.064218311384316,-14.201526055972492,-14.01610377936502,-13.83363997999213
2006-07-29 18:00:00,-13.85219663781576,-14.09863697721558,-13.935199699801652,-13.79124432967714
2006-07-29 18:05:00,-14.042449033132597,-14.121326211978884,-13.953480371475546,-13.7090067019312
2006-07-29 18:10:00,-14.069490123012317,-14.054622397711706,-14.000177073604574,-13.644759034519156
2006-07-29 18:15:00,-13.52682753065648,-13.838128143164363,-13.790664890093996,-13.6583330330317
2006-07-29 18:20:00,-13.891648785770863,-13.906196512371622,-13.83068635224,-13.637678676621023
2006-07-29 18:25:00,-13.619227653926966,-13.781596986093334,-13.775905223166868,-13.606721180212515
2006-07-30 17:15:00,-14.89118538056275,-14.62772651061599,-14.6117128076665,-14.46186594319907
2006-07-30 17:20:00,-14.97121147876305,-14.712781812341555,-14.644410248468448,-14.321118378816813
2006-07-30 17:25:00,-14.710415747332004,-14.60603262820935,-14.603978489464756,-14.216308960947384
2006-07-30 17:30:00,-14.522676623943113,-14.568612583299696,-14.508417789679928,-14.08869455487765
2006-07-30 17:35:00,-14.378024375813968,-14.527037209713372,-14.482857205536831,-13.959678878866583
2006-07-30 17:40:00,-14.07344661249325,-14.399818631830318,-14.42791429546192,-13.864155899009642
2006-07-30 17:45:00,-14.115420531754536,-14.371488296127248,-14.412547949778103,-13.8181635373165
2006-07-30 17:50:00,-14.126725919012808,-14.334433551025285,-14.370820663399234,-13.72072130245141
2006-07-30 17:55:00,-14.081559644847742,-14.284016916043967,-14.29911888144758,-13.628140220479894
2006-07-30 18:00:00,-13.756990187524696,-14.12966306129374,-14.17839419940038,-13.613339102551626
2006-07-30 18:05:00,-13.603930565477905,-14.007055367197324,-14.07523793391929,-13.590984790991634
2006-07-30 18:10:00,-13.500308520144406,-13.900896745305662,-13.941809023621657,-13.56533157875062
2006-07-30 18:15:00,-13.839466477233472,-13.94502881281353,-13.989000053358756,-13.473896096063486
2006-07-30 18:20:00,-13.542072527890683,-13.800561006974116,-13.883002094695362,-13.435906544930363
2006-07-30 18:25:00,-13.526073059062924,-13.745754067308148,-13.835427198533829,-13.388468212059138
2006-07-30 18:30:00,-13.66818346550036,-13.755860059313056,-13.846565256424793,-13.288518147470032
2006-07-30 18:35:00,-13.46980468347007,-13.65939815834546,-13.746247950945891,-13.251906728780774
2006-07-30 18:40:00,-13.34638922862991,-13.58389030359991,-13.669311518467252,-13.256086153483851
2006-07-30 18:45:00,-13.290853597372244,-13.527098990390115,-13.617873693818746,-13.278109256704829
2006-07-30 18:50:00,-13.314135259035607,-13.497178909587738,-13.556253144959111,-13.269219904440092
2006-07-30 18:55:00,-13.241443025698748,-13.441561262220986,-13.487028903553828,-13.22146613333472
2006-07-30 19:00:00,-13.068483049056276,-13.354099248799445,-13.415541269171932,-13.2711119701107
2006-07-30 19:05:00,-13.250136155072957,-13.408405924891325,-13.4222517933472,-13.247941494191275
2006-07-30 19:10:00,-13.371465784075736,-13.434047183074846,-13.465094362595485,-13.174068685652871
2006-07-30 19:15:00,-13.422992249221249,-13.44588570033795,-13.469222645799368,-13.146806785395569
2006-07-30 19:20:00,-13.260799188811363,-13.37060708668828,-13.435419484623864,-13.090053488112265
2006-07-30 19:25:00,-12.954920456885404,-13.230448472844742,-13.33360762391982,-13.10699864647561
2006-07-30 19:30:00,-13.366358084166894,-13.374763969247876,-13.390675814146316,-13.060328791826368
2006-07-30 19:35:00,-13.111113241737506,-13.263019694741166,-13.327644740811923,-13.042761299737144
2006-07-30 19:40:00,-12.928228766615982,-13.17816289975266,-13.239356611709283,-13.099044789551725
2006-07-30 19:45:00,-13.259421003065702,-13.304072053016403,-13.32889012596252,-13.070847090404344
2006-07-30 19:50:00,-12.920279419566263,-13.158476923181984,-13.224423416921152,-13.086155684814427
2006-07-30 19:55:00,-13.05659146488438,-13.207759469357036,-13.209119643616171,-13.085336101912556
2006-07-30 20:00:00,-13.08633902854507,-13.214394910822724,-13.239681947372288,-13.100254650025915
2006-07-30 20:05:00,-13.00570826029272,-13.169013058890489,-13.182369195678143,-13.080958546295264
2006-07-30 20:10:00,-13.265929546501486,-13.261887846417263,-13.257656561025913,-13.055537975624164
2006-07-30 20:15:00,-13.090234894909768,-13.18213144447416,-13.2204795833951,-13.03562179310472
2006-07-30 20:20:00,-13.012131014936218,-13.149329250528549,-13.158011472473728,-13.001387945386035
2006-07-30 20:25:00,-13.051673765106996,-13.15566961324011,-13.178576326738948,-12.9347503337589
2006-07-30 20:30:00,-13.17585025940634,-13.204251220895276,-13.195933474297338,-12.876545319544366
2006-07-30 20:35:00,-12.889931782456047,-13.085093696175967,-13.098058701398209,-12.834267215052268
2006-07-30 20:40:00,-13.113405992382363,-13.1716981396786,-13.17609605301246,-12.78144976590274
2006-07-30 20:45:00,-12.970737915430892,-13.111522136995498,-13.126962720809658,-12.745242414593356
2006-07-30 20:50:00,-12.806728015352466,-13.039743962642463,-13.057193733346066,-12.760828019351438
2006-07-30 20:55:00,-12.651848008615849,-12.966333676391434,-12.993153316948156,-12.804738871749423
2006-07-30 21:00:00,-12.826620203028575,-13.02313328661332,-13.010501276369132,-12.804793741885147
2006-07-30 21:05:00,-12.636263097684562,-12.932900649341702,-12.94245247687221,-12.832689973289998
2006-07-30 21:10:00,-12.796501413122988,-12.971664405478132,-12.96406611631614,-12.841102160631037
2006-07-30 21:15:00,-12.753493923212398,-12.94109000264367,-12.95230768469152,-12.843481581806396
2006-07-30 21:20:00,-12.900241470444255,-12.99138215353414,-12.980841212815273,-12.821137236779226
2006-07-30 21:25:00,-12.915313065184868,-12.9862615961475,-12.99559468647256,-12.775005618266388
2006-07-30 21:30:00,-12.826949250386216,-12.940876361809638,-12.946866853524048,-12.762711238730407
2006-07-30 21:35:00,-12.803641006483764,-12.921681759157236,-12.926908648939134,-12.748082016390658
2006-07-30 21:40:00,-12.846974305893616,-12.927022317456863,-12.920652341499911,-12.729645303874252
2006-07-30 21:45:00,-12.76777027680787,-12.88890619081489,-12.87750606941848,-12.728486034937214
2006-07-30 21:50:00,-12.766175689375718,-12.890192661331056,-12.87080733571701,-12.718446939399149
2006-07-30 21:55:00,-12.638523065013343,-12.834921898452473,-12.837060993430816,-12.791110378924005
2006-07-30 22:00:00,-12.753183146627032,-12.88143928466346,-12.856616083024946,-12.811778727508386
2006-07-30 22:05:00,-12.715865845901972,-12.865340016801309,-12.8559533159231,-12.846370040573865
2006-07-30 22:10:00,-12.736353336968394,-12.871917552639042,-12.855367543086665,-12.858712351977616
2006-07-30 22:15:00,-12.760815357012426,-12.878581759007282,-12.872089139038836,-12.854955626794812
2006-07-30 22:20:00,-12.70594094269062,-12.846880870551855,-12.851918735001906,-12.850092479149204
2006-07-30 22:25:00,-13.074503962347531,-13.0134078007867,-12.983136735196444,-12.847770992511244
2006-07-30 22:30:00,-12.877193122495518,-12.932394733970176,-12.96908725895382,-12.818258607224692
2006-07-30 22:35:00,-12.923413666475945,-12.9562896662469,-12.982700705738724,-12.81399452119787
2006-07-30 22:40:00,-12.810407321028702,-12.910399383821009,-12.954084077308876,-12.83866810059555
2006-07-30 22:45:00,-12.738275005915598,-12.879998784598753,-12.909376170783917,-12.7958004167842
2006-07-30 22:50:00,-12.676761941179178,-12.854276717275674,-12.8653914520872,-12.78372875564949
2006-07-30 22:55:00,-13.060575013610327,-13.032307180137728,-13.00476944874842,-12.68173066613546
2006-07-30 23:00:00,-12.700118810776198,-12.881028423562883,-12.92411411765203,-12.69034070975094
2006-07-30 23:05:00,-12.897828572126024,-12.969275906735533,-12.979912222339538,-12.698820313928914
2006-07-30 23:10:00,-12.958449375603772,-13.004102831816892,-13.037512423168051,-12.67081815829999
2006-07-30 23:15:00,-12.481068729590804,-12.804721294803944,-12.895056516779146,-12.777512067564178
2006-07-30 23:20:00,-12.604331974370918,-12.84368961420717,-12.930907465907742,-12.8634041244048
2006-07-30 23:25:00,-12.44858676562064,-12.759638568948803,-12.8772906715642,-12.942829888970524
2006-07-30 23:30:00,-12.751778783374574,-12.868025993782364,-12.93866504521686,-13.031424083174642
2006-07-30 23:35:00,-12.94870665974507,-12.952417881453888,-13.03872170998764,-13.094083205229545
2006-07-30 23:40:00,-12.790436268373533,-12.888737879998146,-13.026001838642497,-13.205987320084205
2006-07-30 23:45:00,-13.121232098447576,-13.051599438911555,-13.146080937730924,-13.264398704406148
2006-07-30 23:50:00,-13.119683852863457,-13.053797915840612,-13.218880847485304,-13.260691428837228
2006-07-30 23:55:00,-12.92514164210948,-12.980175000586293,-13.1249637775475,-13.348177899653304
2006-07-31 00:00:00,-13.283343948599285,-13.155445651732498,-13.266585249862144,-13.39020408719983
2006-07-31 00:05:00,-13.324661594440627,-13.191181836829015,-13.314305048184426,-13.4299384094534
2006-07-31 00:10:00,-13.461860614201782,-13.308958010217909,-13.34083409399483,-13.473480908483062
2006-07-31 00:15:00,-13.471700538988864,-13.34650116601954,-13.382799726764224,-13.480564126045246
2006-07-31 00:20:00,-13.097440228359392,-13.202156528891008,-13.245840296473084,-13.643982960339237
2006-08-02 00:30:00,-13.878796309306464,-13.697734256990977,-13.694413393572937,-13.784296926338644
2006-08-02 00:35:00,-13.781474814758472,-13.668036778952068,-13.731691440715291,-13.758018236469086
2006-08-02 00:40:00,-14.184564823955055,-13.912559222087882,-13.868799647595374,-13.6790569455786
2006-08-02 00:45:00,-13.555580667062898,-13.629823328647335,-13.706543624922542,-13.699809305024104
2006-08-02 00:50:00,-13.604235025348489,-13.642051404360195,-13.712368496972752,-13.770459822923456
2006-08-02 00:55:00,-14.004454037085289,-13.865656733096088,-13.77115292077766,-13.73460100394088
2006-08-02 01:00:00,-13.575472197049026,-13.683631389003764,-13.67458059543315,-13.777637345482372
2006-08-02 01:05:00,-13.623802574358052,-13.682756892601994,-13.698242200923026,-13.93648135815687
2006-08-02 01:10:00,-13.71079710752158,-13.754222917170797,-13.663368857984578,-13.931571695206532
2006-08-03 10:55:00,-13.817127393726164,-13.780982429009454,-13.75339643815843,-13.851142830551597
2006-08-03 11:00:00,-13.91071870196627,-13.825691876048756,-13.787023160199956,-13.853759858494875
2006-08-03 11:05:00,-13.800778203670475,-13.78418088380714,-13.758995415779658,-13.87771058600972
2006-08-03 11:10:00,-13.95210217462481,-13.859981490096107,-13.822085412406665,-13.880365167328293
2006-08-03 11:15:00,-13.873380355161752,-13.84116941728348,-13.807792828515602,-13.872003889528354
2006-08-03 11:20:00,-13.847657680740229,-13.82337854187564,-13.792261910497118,-13.892699846637296
2006-08-03 11:25:00,-13.72221985269132,-13.77754873801873,-13.74691984803238,-13.904151053160366
2006-08-03 11:30:00,-13.9264210719921,-13.853736644206688,-13.822574389960042,-13.92097288381086
2006-08-03 11:35:00,-13.944482279665031,-13.876237765180132,-13.833670374323049,-13.96818025186026
2006-08-03 11:40:00,-13.968029633626797,-13.891555061334609,-13.859463511387109,-13.974714481342192
2006-08-03 11:45:00,-13.82321277509048,-13.84586014897047,-13.81591142021116,-14.024346802950394
2006-08-03 11:50:00,-13.971833481212776,-13.908539825644182,-13.87556909506326,-14.009277810060263
2006-08-03 11:55:00,-13.79092693282777,-13.82855882618557,-13.81118194278356,-14.11518676994344
2006-08-03 12:00:00,-14.027352055895058,-13.937322073866548,-13.886673104508306,-14.180450373240408
2006-08-03 12:05:00,-14.227726459051988,-14.032052443338282,-13.989717542215695,-14.160698338576935
2006-08-03 12:10:00,-14.007235241793987,-13.944220157683684,-13.922703658462211,-14.179591242211208
2006-08-03 12:15:00,-14.121006878196376,-14.004413043485467,-13.968568281704098,-14.139567843528027
2006-08-03 12:20:00,-13.881419119139704,-13.91382074374887,-13.895241798631544,-14.15736554156602
2006-08-03 12:25:00,-14.426381096859126,-14.16626976774268,-14.08141457206576,-14.055885046841237
2006-08-03 12:30:00,-14.418933560039063,-14.178256435094973,-14.118623679101134,-13.971077556919363
2006-08-03 12:35:00,-14.109214308890053,-14.04806665959912,-14.02285374565548,-13.95977725772426
2006-08-03 12:40:00,-14.120592547961822,-14.068560048193303,-14.030069573773869,-13.942042784652983
2006-08-03 12:45:00,-13.880866659553998,-13.968253970957257,-13.954338241115488,-13.946786854274858
2006-08-03 12:50:00,-13.988204960454262,-14.019923830587464,-13.942113424288022,-13.973815281815568
2006-08-03 12:55:00,-13.81749792614427,-13.94387376465616,-13.908531683412882,-13.970786959129962
2006-08-03 13:00:00,-13.910089227606292,-13.962332332716615,-13.930003052108836,-13.975454678894913
2006-08-03 13:05:00,-14.041412398081611,-14.016285055959848,-13.972784822637724,-13.957972411863702
2006-08-03 13:10:00,-14.014185362620768,-13.99900385415201,-13.972227748192507,-13.959178051558224
2006-08-03 13:15:00,-13.909331424198646,-13.964148626719291,-13.918586704144529,-13.97956722158587
2006-08-03 13:20:00,-14.150375467879618,-14.032621786042672,-14.016335576299998,-13.92360000115212
2006-08-03 13:25:00,-13.799328134577882,-13.879709385368995,-13.878869177442748,-13.93367083926607
2006-08-03 13:30:00,-13.938095632924336,-13.92409802424385,-13.889177569786462,-13.933519960847557
2006-08-03 13:35:00,-13.936518535709316,-13.915269367368971,-13.904989452905635,-13.939406849929531
2006-08-03 13:40:00,-14.021419374244594,-13.960167014926483,-13.919091935396686,-13.9288748771818
2006-08-03 13:45:00,-14.031666213088934,-13.963457922144636,-13.94268968914682,-13.90172260155814
2006-08-03 13:50:00,-13.81457211636766,-13.87976246311883,-13.875212066141458,-13.919802773830144
2006-08-03 13:55:00,-13.859752931985977,-13.89411768169336,-13.876208862745187,-13.942919694993812
2006-08-03 14:00:00,-13.9371905069605,-13.917949764826218,-13.908098096371436,-13.949927461263492
2006-08-03 14:05:00,-13.971839667835033,-13.930370131744434,-13.91116641089233,-13.942892549020447
2006-08-03 14:10:00,-13.958227942490495,-13.92907449693268,-13.914364638697904,-13.952364614610108
2006-08-03 14:15:00,-13.868752703894229,-13.878073630880326,-13.896822245495663,-13.972121650608395
2006-08-03 14:20:00,-13.923052774176828,-13.909705570297977,-13.896705736424108,-13.985818485373148
2006-08-03 14:25:00,-13.998454516786882,-13.940148868777587,-13.929995114255949,-13.9889858046934
2006-08-03 14:30:00,-13.979237075669138,-13.934035878888713,-13.924254680025504,-13.99120524097356
2006-08-03 14:35:00,-13.929630483471264,-13.908438787117126,-13.91329756447352,-14.014038965166971
2006-08-03 14:40:00,-14.01506016257176,-13.942007370576976,-13.949806512176949,-14.033672875818556
2006-08-03 14:45:00,-13.987295064431208,-13.94270128410056,-13.936473216353976,-14.077495727851346
2006-08-03 14:50:00,-14.005233667127532,-13.954841084808454,-13.946222324447277,-14.081349010596488
2006-08-03 14:55:00,-14.017458490527291,-13.961207466024838,-13.962494254117532,-14.098875422357542
2006-08-03 15:00:00,-13.9925538089879,-13.950943859699612,-13.956043425667898,-14.151481543429025
2006-08-03 15:05:00,-14.066632423899438,-13.98667582401646,-13.986272804824733,-14.16582259637315
2006-08-03 15:10:00,-14.13286397339466,-14.028577585291044,-14.020842532159184,-14.164458995444914
2006-08-03 15:15:00,-14.250232118809052,-14.09163198625308,-14.07811957805351,-14.154756521540335
2006-08-03 15:20:00,-14.028353247960585,-13.995852781942547,-14.013466260552688,-14.205474103894083
2006-08-03 15:25:00,-14.12261696109362,-14.040961699759206,-14.045539315079957,-14.190780297843478
2006-08-03 15:30:00,-14.30819059323568,-14.13861365822788,-14.124529848721616,-14.145314695235168
2006-08-03 15:35:00,-14.152678683745302,-14.073437477107111,-14.079215699585726,-14.10851238744887
2006-08-03 15:40:00,-14.12468242564414,-14.068156356636274,-14.074855405008533,-14.092445324713797
2006-08-03 15:45:00,-14.192016755011489,-14.10303086667201,-14.114946621400271,-14.087620221904126
2006-08-03 15:50:00,-14.332658857720867,-14.175549122939962,-14.163903576256414,-14.05775005326683
2006-08-03 15:55:00,-14.034454645160087,-14.054216451217592,-14.067328285120716,-14.10902951968692
2006-08-03 16:00:00,-14.035396804129116,-14.051854086617617,-14.066667553365766,-14.17393308469606
2006-08-03 16:05:00,-13.93186492375587,-14.003851564151423,-14.026826917253208,-14.292942535213482
2006-08-03 16:10:00,-14.028279991414786,-14.02873392759557,-14.037691598979766,-14.335260766021904
2006-08-03 16:15:00,-14.16306573342118,-14.092039320400785,-14.082410787141804,-14.364642249319756
2006-08-03 16:20:00,-14.15343790371599,-14.086701999959532,-14.095103326685784,-14.445144601796088
2006-08-03 16:25:00,-14.342131964050722,-14.159309297332872,-14.17514235474231,-14.509318607930036
2006-08-03 16:30:00,-14.424818194183958,-14.212565996662686,-14.219075957155573,-14.658294784647092
2006-08-03 16:35:00,-14.645921540132052,-14.335869656853625,-14.313601014287354,-14.813625027154918
2006-08-03 16:40:00,-14.282189318446418,-14.174301911456627,-14.20202149475688,-14.81507813173974
2006-08-03 16:45:00,-14.339354517570492,-14.19250295413825,-14.224131468079396,-14.871758692847344
2006-08-03 16:50:00,-14.636452423306272,-14.359840736621123,-14.335067643532682,-15.075537472812895
2006-08-03 16:55:00,-14.727175596122123,-14.42711747836447,-14.39236574072918,-15.147713036462903
2006-08-03 17:00:00,-15.318675196667394,-14.808358997416878,-14.669210427011496,-15.068453269957942
2006-08-03 17:05:00,-15.577903342092403,-14.996736672732982,-14.851521798468912,-14.928142180448786
2006-08-03 17:10:00,-14.290907888136452,-14.360829844536632,-14.328728584703978,-14.953520630051525
2006-08-03 17:15:00,-14.679438578042909,-14.525894939532815,-14.467639556481904,-14.921460281497268
2006-08-03 17:20:00,-15.859124293635002,-15.19163574173531,-15.047936030410373,-14.653215972505969
2006-08-03 17:25:00,-15.160228631108764,-14.791385681249425,-14.773272131097103,-14.49287595362314
2006-08-03 17:30:00,-14.843116597637614,-14.661263669503906,-14.689122865367654,-14.33564878865714
2006-08-03 17:35:00,-14.736036805037475,-14.655210840180068,-14.669555156622774,-14.211500567799703
2006-08-03 17:40:00,-14.44317933739858,-14.557213702880766,-14.531107836867577,-14.159800237609405
2006-08-03 17:45:00,-14.48707671799296,-14.560895494769683,-14.533657137930192,-14.083731091441232
2006-08-03 17:50:00,-14.249657572403695,-14.467895760600866,-14.479240103340228,-14.015503864807313
2006-08-03 17:55:00,-14.19818851781181,-14.405533856599376,-14.45301407706794,-13.946377496465669
2006-08-03 18:00:00,-13.899754070392808,-14.255497859452596,-14.348449409688143,-13.92650976618409
2006-08-03 18:05:00,-13.991147595530656,-14.254974714048988,-14.24667938990099,-13.856706020524149
2006-08-03 18:10:00,-14.132976835886684,-14.275874569507378,-14.282568603551214,-13.76619059101457
2006-08-03 18:15:00,-14.03066189880283,-14.16155712269274,-14.279979002620072,-13.684199589784887
2006-08-03 18:20:00,-13.84029403914349,-14.043602751455271,-14.134703094031488,-13.62275301678301
2006-08-03 18:25:00,-13.783430741403691,-13.974484535578473,-14.06149143360021,-13.572864174399358
2006-08-03 18:30:00,-13.78054748633719,-13.928053819897988,-14.00139723499186,-13.507639683781132
2006-08-03 18:35:00,-13.572325136025722,-13.820555881015922,-13.87886432168658,-13.464406266520344
2006-08-03 18:40:00,-13.58988417210088,-13.785908570346178,-13.85272299492152,-13.44765177139896
2006-08-03 18:45:00,-13.538715851674231,-13.733954935556715,-13.797858910924218,-13.426563155301771
2006-08-03 18:50:00,-13.471614749293156,-13.67832706869946,-13.738599989605271,-13.394793888770202
2006-08-03 18:55:00,-13.484097557460972,-13.661129704296046,-13.705578041817269,-13.349150196723752
2006-08-03 19:00:00,-13.38920063296986,-13.602933138868217,-13.65666398916604,-13.332592309349948
2006-08-03 19:05:00,-13.31292464691572,-13.542275020518137,-13.601459929546278,-13.331800652976582
2006-08-03 19:10:00,-13.48935717743194,-13.574874913361402,-13.631329502986617,-13.28504151149163
2006-08-03 19:15:00,-13.412184180386866,-13.525045906311478,-13.5827960383975,-13.244231443315176
2006-08-03 19:20:00,-13.280999160944786,-13.45380889517664,-13.512504279352973,-13.198968770589747
2006-08-03 19:25:00,-13.210235419185285,-13.40224613060322,-13.46804161759069,-13.212675116563483
2006-08-03 19:30:00,-13.289853258135487,-13.414688815616682,-13.451709863259907,-13.21506965738109
2006-08-03 19:35:00,-13.308174679766084,-13.408791750408373,-13.43744448032628,-13.186782078754277
2006-08-03 19:40:00,-13.208802377758625,-13.355458455491313,-13.392930367902125,-13.169827148996898
2006-08-03 19:45:00,-13.167323793010237,-13.325258617943204,-13.363794464326544,-13.162218904545387
2006-08-03 19:50:00,-13.00942309568276,-13.24697769649907,-13.293381638487231,-13.17779468009054
2006-08-03 19:55:00,-13.292473393844624,-13.34878404408729,-13.360015057753236,-13.159216311270107
2006-08-03 20:00:00,-13.30422063313366,-13.352743540151003,-13.376511529800611,-13.117178241939712
2006-08-03 20:05:00,-13.138449121276857,-13.273579463924882,-13.32247788187474,-13.135369831231248
2006-08-03 20:10:00,-13.10707268357655,-13.245606608023332,-13.301568094463557,-13.118312070560926
2006-08-03 20:15:00,-13.121674528667338,-13.24148214018433,-13.28173722990332,-13.122184578090184
2006-08-03 20:20:00,-13.102877748953656,-13.228487544864706,-13.245325237403062,-13.115601751823135
2006-08-03 20:25:00,-13.18100302192006,-13.255447341371587,-13.27598613917806,-13.084078829940688
2006-08-03 20:30:00,-13.05199231833436,-13.193454957957458,-13.236100870815728,-13.08503405598103
2006-08-03 20:35:00,-13.247598729299703,-13.272239077284835,-13.296445620626876,-13.019824079713445
2006-08-03 20:40:00,-13.004725917188464,-13.167456863207674,-13.224394398689702,-13.014894989612838
2006-08-03 20:45:00,-13.144909776209042,-13.228177057373838,-13.248269642912614,-12.971650933674525
2006-08-03 20:50:00,-13.063380733532462,-13.1875430622014,-13.234093146485538,-12.972980132357495
2006-08-03 20:55:00,-12.99186551953482,-13.14566437066776,-13.188069359116447,-12.953305575019492
2006-08-03 21:00:00,-13.057723703485856,-13.163856827242792,-13.193431451435456,-12.951803613464506
2006-08-03 21:05:00,-12.856338886148912,-13.075112708632004,-13.124029146253228,-12.974343444191236
2006-08-03 21:10:00,-12.97515123203759,-13.115461107349851,-13.137868574696268,-12.982021100231718
2006-08-03 21:15:00,-12.885445440579153,-13.071094699841892,-13.11126987640747,-12.974934700258576
2006-08-03 21:20:00,-13.071356272543698,-13.140384637850516,-13.161048733416276,-12.955967383700514
2006-08-03 21:25:00,-12.873818059868992,-13.05237687183562,-13.099188725994422,-12.95668913702426
2006-08-03 21:30:00,-13.048711587242536,-13.114916308768343,-13.15157820616016,-12.903328074580662
2006-08-03 21:35:00,-12.991578217422694,-13.086486408920155,-13.127126915151331,-12.887497028593764
2006-08-03 21:40:00,-13.021217110461578,-13.094548531733547,-13.128014035633797,-12.873652697816128
2006-08-03 21:45:00,-12.842926867283609,-13.012473187184067,-13.059510743175172,-12.839144817422776
2006-08-03 21:50:00,-12.95755243101423,-13.054724839529598,-13.083075873222215,-12.883608534138766
2006-08-03 21:55:00,-12.878148637630357,-13.016197042322448,-13.05073325153687,-12.85876843631023
2006-08-03 22:00:00,-12.728545414947106,-12.94824243180016,-12.985115906517333,-12.84644792263163
2006-08-03 22:05:00,-12.896591594587916,-13.013851531931705,-13.036992159425257,-12.836485668411136
2006-08-03 22:10:00,-12.93815124143355,-13.031602656846063,-13.059378154863143,-12.805845583306724
2006-08-03 22:15:00,-12.635879642742395,-12.900867880402554,-12.953231325112558,-12.859912730152274
2006-08-03 22:20:00,-13.22433496258577,-13.15464139083902,-13.157035087491716,-12.750917917778386
2006-08-03 22:25:00,-12.729107992840245,-12.940282041340618,-13.024060641079394,-12.744115408602296
2006-08-03 22:30:00,-12.654621928143202,-12.895696500203163,-12.946881333563388,-12.776646056085925
2006-08-03 22:35:00,-12.836818242721652,-12.957356714039076,-13.005910522370636,-12.772474827211866
2006-08-03 22:40:00,-12.75431049953149,-12.916626537127147,-12.94607795306747,-12.76991535798314
2006-08-03 22:45:00,-12.960282812910185,-13.001461693392478,-13.0032076107702,-12.778578884080751
2006-08-03 22:50:00,-12.570366261799142,-12.834311215234866,-12.907551976590902,-12.837348557668813
2006-08-03 22:55:00,-12.6882928799648,-12.873947342928505,-12.897243235330576,-12.827667765851585
2006-08-03 23:00:00,-12.849805639588274,-12.939436613390622,-12.960148364306727,-12.83038016606976
2006-08-03 23:05:00,-12.8117911007529,-12.919089564431337,-12.941828032444764,-12.781714056092824
2006-08-03 23:10:00,-12.73895368415914,-12.888024568233744,-12.907314829601228,-12.7878195584342
2006-08-03 23:15:00,-13.012263535854109,-12.996621124027168,-13.03561638122964,-12.7506974543142
2006-08-03 23:20:00,-12.922984476784192,-12.960703561042594,-12.99827424973647,-12.740984283913194
2006-08-03 23:25:00,-12.630208244699238,-12.839140307548607,-12.89322615839268,-12.794730998417144
2006-08-03 23:30:00,-12.866079809621729,-12.939025867927844,-12.966221199761542,-12.812334771865869
2006-08-03 23:35:00,-12.519794325253494,-12.791699842605455,-12.843458553944563,-12.877388666013974
2006-08-03 23:40:00,-12.775587102939696,-12.887895111717532,-12.892970402517106,-12.87179561257978
2006-08-03 23:45:00,-12.78953082440575,-12.89488472285274,-12.926000535307264,-12.868533701539778
2006-08-03 23:50:00,-12.864705280921466,-12.935239655106242,-12.949591775947336,-12.860773653567362
2006-08-03 23:55:00,-12.952689109911924,-12.979002722396842,-13.001606403367749,-12.818140020661604
2006-08-04 00:00:00,-12.971702219038471,-12.994577515020698,-13.02732487227714,-12.78496671610889
2006-08-04 00:05:00,-12.910117458866544,-12.9759795455933,-12.996692319976756,-12.772904132541418
2006-08-04 00:10:00,-12.742028724515624,-12.901429012823202,-12.948481755903464,-12.782717965646633
2006-08-04 00:15:00,-12.76995924252794,-12.901971469739278,-12.93613225954048,-12.817699151552134
2006-08-04 00:20:00,-12.81814522436257,-12.923746818975458,-12.947558348093498,-12.848151267413934
2006-08-04 00:25:00,-12.696887370296286,-12.871721546569388,-12.918817854266887,-12.87081419457792
2006-08-04 00:30:00,-12.772662449541077,-12.90561486987886,-12.943867333728214,-12.906881392874665
2006-08-04 00:35:00,-12.837742130918407,-12.936800071568728,-12.985132363750798,-12.916264764272332
2006-08-04 00:40:00,-12.800911087139008,-12.922453583648036,-12.970511303947236,-12.911233999636776
2006-08-04 00:45:00,-12.979846589236548,-13.003646178147829,-13.0441502127682,-12.910649739656288
2006-08-04 00:50:00,-13.000857659348323,-13.016276369852704,-13.080480515167,-12.907405636837364
2006-08-04 00:55:00,-12.832865569288092,-12.94151520283135,-13.026588512846844,-12.980943760675414
2006-08-04 01:00:00,-12.989065408045947,-13.00807169454234,-13.079377415302572,-12.994795318815504
2006-08-04 01:05:00,-12.894042301485523,-12.973271308335898,-13.051589870892292,-13.053734372869949
2006-08-04 01:10:00,-12.77072638368787,-12.92306195410966,-12.99453397997632,-13.15105288974461
2006-08-04 01:15:00,-12.976341144991418,-13.016041509482516,-13.070090476336402,-13.188281207183184
2006-08-04 01:20:00,-12.981392840068631,-13.030177016238556,-13.0847718987136,-13.236554293190066
2006-08-04 01:25:00,-13.274094572501443,-13.185385925785564,-13.205263446312149,-13.251150457573967
2006-08-04 01:30:00,-13.072174641248678,-13.10573160310971,-13.187525950571814,-13.307908597190112
2006-08-04 01:35:00,-13.247676539083844,-13.203525998437554,-13.249633645172622,-13.347222948252735
2006-08-04 01:40:00,-13.354637571664195,-13.267682225259875,-13.322725990661263,-13.341117474820807
2006-08-04 01:45:00,-13.199711165260648,-13.209069125251943,-13.28189608872849,-13.369705791226544
2006-08-04 01:50:00,-13.271031226017406,-13.2600074746191,-13.304792839931537,-13.360647463227718
2006-08-04 01:55:00,-13.361671609396389,-13.315091063264944,-13.367326721634004,-13.353930591069302
2006-08-04 02:00:00,-13.41272350062764,-13.361743290377168,-13.393128196351242,-13.318501930245048
2006-08-04 02:05:00,-13.483562601304918,-13.425888625564278,-13.443935968464697,-13.262538511403946
2006-08-04 02:10:00,-13.318004759982086,-13.362016636452404,-13.416991090379955,-13.242361464464215
2006-08-04 02:15:00,-13.371241042012976,-13.40031896163319,-13.427330754374898,-13.236095268946118
2006-08-04 02:20:00,-13.216681243569724,-13.332050372803968,-13.38474471152637,-13.23531271904944
2006-08-04 02:25:00,-13.321370427037426,-13.385000841559396,-13.393095151040578,-13.234352925316031
2006-08-04 02:30:00,-13.200151542909476,-13.332668081017877,-13.363058352045512,-13.263800625708654
2006-08-04 02:35:00,-13.14778207459407,-13.304911482255568,-13.33799849231502,-13.284119820413055
2006-08-04 02:40:00,-13.19694253616261,-13.322768473575104,-13.341677977893964,-13.32269588194665
2006-08-04 02:45:00,-13.333643803858129,-13.381093866738611,-13.388393768669228,-13.340780188269974
2006-08-04 02:50:00,-13.211985915280216,-13.326217558847844,-13.35270247796637,-13.37132251606988
2006-08-04 02:55:00,-13.315611650182245,-13.3630477642532,-13.386485718184137,-13.387970362424106
2006-08-04 03:00:00,-13.376837781402022,-13.382633988767337,-13.415536457030344,-13.410944319131143
2006-08-04 03:05:00,-13.269697228365766,-13.335880050983349,-13.36832207168762,-13.475325752825968
2006-08-04 03:10:00,-13.428398883682078,-13.404429610755187,-13.424301067830438,-13.518440476468363
2006-08-04 03:15:00,-13.442149623729666,-13.421797374683097,-13.446673837148056,-13.550103005697586
2006-08-04 03:20:00,-13.395239867624928,-13.40448211754339,-13.437933174384913,-13.588161248393696
2006-08-04 03:25:00,-13.415498735534957,-13.42329675968337,-13.455451790373957,-13.647345953270468
2006-08-04 03:30:00,-13.514681575849464,-13.482961386722613,-13.5011968406203,-13.692554565324768
2006-08-04 03:35:00,-13.65598583143814,-13.56563694204151,-13.568920722427242,-13.719749019835689
2006-08-04 03:40:00,-13.687087224633034,-13.59187025130224,-13.618026693752496,-13.74961475087244
2006-08-04 03:45:00,-13.632124781036584,-13.587404666410304,-13.616050415531838,-13.819261720586107
2006-08-04 03:50:00,-13.623589323801593,-13.594378081026258,-13.626979167071015,-13.879164904791434
2006-08-04 03:55:00,-13.770607029841846,-13.67476101579282,-13.688353380803564,-13.929426122570614
2006-08-04 04:00:00,-13.785933230106858,-13.705530239409494,-13.705600532400462,-13.99606191290241
2006-08-04 04:05:00,-13.81915244286586,-13.732151274983602,-13.739367431690296,-14.049487269962366
2006-08-04 04:10:00,-13.866281813219697,-13.770209322540929,-13.775206285043058,-14.108102682726283
2006-08-04 04:15:00,-14.050006425861902,-13.883140329961986,-13.85533361807845,-14.160886018725048
2006-08-04 04:20:00,-13.983008486852444,-13.87285374062417,-13.85442637673811,-14.27168888590842
2006-08-04 04:25:00,-14.072174249788588,-13.932187929038502,-13.905059439762445,-14.36751804574821
2006-08-04 04:30:00,-14.185748087735432,-13.999926701608574,-13.973208029410005,-14.42623782162591
2006-08-04 04:35:00,-14.139704238312191,-13.994905130178054,-13.97268145609183,-14.5206400110235
2006-08-04 04:40:00,-14.21797437653155,-14.055272455599942,-14.012370720548155,-14.634113764455131
2006-08-04 04:45:00,-14.366706326216685,-14.153718325379064,-14.089917262796824,-14.7275281757719
2006-08-04 04:50:00,-14.647826210322776,-14.317720072992646,-14.22240619174549,-14.70440026901731
2006-08-04 04:55:00,-14.647149266646224,-14.343502503246912,-14.257854956327597,-14.815016381154964
2006-08-04 05:00:00,-14.538066627363838,-14.313056169275072,-14.243856887132267,-15.014443710736398
2006-08-04 05:05:00,-14.70611737469772,-14.420813772835254,-14.32906127669219,-15.003342366374826
2006-08-04 18:25:00,-13.705861136971922,-13.859572710475913,-13.92120090369672,-13.591413229037691
2006-08-04 18:30:00,-13.766996586475036,-13.85678578169615,-13.900672743828382,-13.512324429405172
2006-08-04 18:35:00,-13.64699509373295,-13.771959558450808,-13.86621990355848,-13.482792415166845
2006-08-04 18:40:00,-13.57586555347775,-13.715709777054698,-13.780882198776924,-13.443462083841204
2006-08-04 18:45:00,-13.59347589659894,-13.703012226331785,-13.752407056032675,-13.41468724727903
2006-08-04 18:50:00,-13.406959144248644,-13.610612796888097,-13.66499460585531,-13.40540548537005
2006-08-04 18:55:00,-13.558187106920188,-13.65003696049579,-13.679786663874452,-13.364940617706315
2006-08-04 19:00:00,-13.29246376699784,-13.526160864289334,-13.590021905137537,-13.295424759574855
2006-08-04 19:05:00,-13.469803030210908,-13.573060072058576,-13.605905192587253,-13.225401490007847
2006-08-04 19:10:00,-13.339883547229656,-13.509045689451703,-13.558949325376602,-13.209437662918011
2006-08-04 19:15:00,-13.420826898907984,-13.525015226157876,-13.56175173636383,-13.15197044677186
2006-08-04 19:20:00,-13.351268536657956,-13.482820019513085,-13.526379864279786,-13.092733018286014
2006-08-04 19:25:00,-13.315397937074586,-13.449501011333368,-13.498152495943645,-13.070944544159625
2006-08-04 19:30:00,-12.875368647118544,-13.258562681501097,-13.320306631959715,-13.10855385923713
2006-08-04 19:35:00,-13.049663430877253,-13.296464010931048,-13.336257907264825,-13.116379791845644
2006-08-04 19:40:00,-13.2441006136001,-13.35143622592153,-13.388572995501544,-13.068486171276856
2006-08-04 19:45:00,-13.07602364539525,-13.270995855305571,-13.315561685895712,-13.02863854204847
2006-08-04 19:50:00,-12.995843748922004,-13.219746888355024,-13.288478749504163,-13.017573218861347
2006-08-04 19:55:00,-13.184667265772948,-13.280231990875404,-13.332870290430652,-12.98842003348858
2006-08-04 20:00:00,-13.101024364126882,-13.233286600260104,-13.286611594953472,-12.984058522615928
2006-08-04 20:05:00,-13.09661922889448,-13.21753811966184,-13.25778347944302,-12.969422304189326
2006-08-04 20:10:00,-12.956738803459018,-13.1450178397324,-13.20598747735554,-12.96806460078885
2006-08-04 20:15:00,-12.836937523111532,-13.075207242532857,-13.128746876821602,-12.989019499839662
2006-08-04 20:20:00,-12.92945215671268,-13.089502387270697,-13.129107569367816,-13.015353724762289
2006-08-04 20:25:00,-13.00974792226073,-13.118140637523602,-13.138179401243546,-13.009844797827016
2006-08-04 20:30:00,-13.07485558798547,-13.147172634482803,-13.167213101328604,-13.019344732126283
2006-08-04 20:35:00,-13.008801658149828,-13.112316886679992,-13.159020655617134,-12.99905405659411
2006-08-04 20:40:00,-12.948592467418354,-13.078804040639357,-13.121486241995138,-12.995535978919415
2006-08-04 20:45:00,-12.962666917416412,-13.081623348002898,-13.105302908067593,-12.990809341695773
2006-08-04 20:50:00,-13.087457564067336,-13.13001756460445,-13.14664007659942,-12.946751571473897
2006-08-04 20:55:00,-12.97669459192469,-13.07762254033542,-13.10631258550953,-12.946768801505977
2006-08-04 21:00:00,-13.131855222690533,-13.142940637945264,-13.166173649669227,-12.900161217811608
2006-08-04 21:05:00,-12.887057489318984,-13.038211212523438,-13.093193698943772,-12.896808184185833
2006-08-04 21:10:00,-12.927483943551296,-13.056677875229836,-13.08422968230072,-12.903327033840467
2006-08-04 21:15:00,-12.934307209712344,-13.060261808631177,-13.085094035974342,-12.929264707840169
2006-08-04 21:20:00,-12.823110653641574,-13.010257133309535,-13.033035299679073,-12.958635205547097
2006-08-04 21:25:00,-12.976798319030578,-13.067859269857909,-13.077964797328152,-12.941841937433008
2006-08-04 21:30:00,-12.852209980709365,-13.010146785939645,-13.044452025636376,-12.953603689265844
2006-08-04 21:35:00,-12.866939229745428,-13.011271276808571,-13.026581650820168,-12.95747391294857
2006-08-04 21:40:00,-12.966596578927929,-13.051958205183594,-13.06653283534552,-12.951140835418355
2006-08-04 21:45:00,-13.089933398257788,-13.104686584318284,-13.11724341601018,-12.913354160866318
2006-08-04 21:50:00,-12.99933369770204,-13.066837378626326,-13.086786397841312,-12.887324150083954
2006-08-04 21:55:00,-12.876038768164944,-13.0084197354085,-13.050198565907504,-12.872592993024204
2006-08-04 22:00:00,-12.922780318249693,-13.022594963748569,-13.043407950831908,-12.870159106445415
2006-08-04 22:05:00,-12.890160571841776,-13.008287272309513,-13.021622586262792,-12.86157057146059
2006-08-04 22:10:00,-12.928598113746643,-13.023773775473671,-13.028594318135676,-12.862391715472752
2006-08-04 22:15:00,-12.86321355331171,-12.997225967535911,-13.011613157301596,-12.83652116921549
2006-08-04 22:20:00,-12.84315374864565,-12.985918730072854,-13.002745267184762,-12.8224081540114
2006-08-04 22:25:00,-12.787651594530852,-12.958826412648085,-12.972362713635874,-12.84406670907038
2006-08-04 22:30:00,-12.908176998776968,-13.009633556477317,-13.007690578612406,-12.830636072519402
2006-08-04 22:35:00,-12.838629419751715,-12.97772891421969,-12.983670344999595,-12.832159253610545
2006-08-04 22:40:00,-12.933525266914112,-13.010286042759336,-13.014665130894558,-12.830184160000105
2006-08-04 22:45:00,-12.707990102311449,-12.906239198356772,-12.934314578457531,-12.871373534612678
2006-08-04 22:50:00,-12.75847559960219,-12.916981082619516,-12.926348463320808,-12.920500519038349
2006-08-04 22:55:00,-12.917602867065844,-12.982046482728643,-12.984117190872244,-12.900681819183632
2006-08-05 07:25:00,-14.043916939355714,-14.083589088223809,-13.975372504527508,-13.876109147037964
2006-08-05 07:30:00,-13.764207865309386,-13.967416522015403,-13.90312545314263,-13.892596784448754
2006-08-05 07:35:00,-13.849947800625152,-13.972673994556304,-13.910261001364193,-13.894411372793892
2006-08-05 07:40:00,-14.008041410711154,-14.016042043124818,-13.939399609043504,-13.866013273340489
2006-08-05 07:45:00,-13.883544108247364,-13.964428181098874,-13.89001072449982,-13.870073432108413
2006-08-05 07:50:00,-13.800817260337157,-13.912262755680167,-13.859943591566918,-13.860973749141642
2006-08-05 07:55:00,-13.950096436997583,-13.935003507083016,-13.90289234777036,-13.815583195465017
2006-08-05 08:00:00,-13.86313386323081,-13.881770484592591,-13.852334912421371,-13.780660348829215
2006-08-05 08:05:00,-13.860835070510946,-13.875996833825488,-13.822334248102791,-13.72833878347213
2006-08-05 08:10:00,-13.837652987447424,-13.854568195620775,-13.822022287576528,-13.710431157251268
2006-08-05 08:15:00,-13.907905118673789,-13.879227002289609,-13.830852611004952,-13.678816187680653
2006-08-06 06:00:00,-14.530827932409142,-14.311131840658485,-14.259720148222351,-14.663119424905563
2006-08-06 06:05:00,-14.493126772009616,-14.297197023302967,-14.21803310355924,-14.74413804233645
2006-08-06 06:10:00,-14.447733732120309,-14.31687637960964,-14.161808448315268,-14.845795000342823
2006-08-06 06:15:00,-14.427476996282202,-14.310010211825087,-14.162720341877083,-14.942420326430144
2006-08-06 06:20:00,-14.819521745449828,-14.498170545897583,-14.31889896410278,-15.055875230900508
2006-08-06 21:50:00,-13.543623790898623,-13.488557706924636,-13.59310394371178,-13.723903322226889
2006-08-06 21:55:00,-13.516798918407648,-13.480446560911744,-13.612755872203545,-13.994721497352916
2006-08-06 22:00:00,-13.891397562652088,-13.657212893034966,-13.776581656169297,-14.018050440421426
2006-08-06 22:05:00,-13.618462550883246,-13.56050797923234,-13.708686321828267,-14.153368289760868
2006-08-06 22:10:00,-13.467638701666012,-13.48931075382437,-13.671008561632082,-14.299095911603729
2006-08-07 22:50:00,-13.577221630721676,-13.538012994289614,-13.554258679460125,-13.280739019260746
2006-08-07 22:55:00,-13.206746886968288,-13.377785512667502,-13.455210325541223,-13.242395057244886
2006-08-07 23:00:00,-13.201440239453277,-13.372275458263688,-13.375092267872398,-13.150952111402605
2006-08-07 23:05:00,-13.257075622767482,-13.39226696435459,-13.37800238505586,-13.123292764029426
2006-08-07 23:10:00,-13.188561599936808,-13.36182272631786,-13.352098241625956,-13.08778056934997
2006-08-07 23:15:00,-13.248979415712776,-13.38177790768509,-13.372244861180596,-13.042700387526413
2006-08-07 23:20:00,-13.581630336271129,-13.531412768147463,-13.48676018687999,-12.922531465705802
2006-08-07 23:25:00,-12.97668320160147,-13.283623387341066,-13.364979763129153,-13.004990033921851
2006-08-07 23:30:00,-12.65278265112793,-13.144066545377234,-13.29061787001463,-13.104028200508504
